Using pre-set license
Built from '2022.3/staging' branch; Version is '2022.3.24f1 (334eb2a0b267) revision 3362482'; Using compiler version '192829333'; Build Type 'Release'
OS: 'Windows 11  (10.0.22631) 64bit Core' Language: 'ja' Physical Memory: 32611 MB
BatchMode: 1, IsHumanControllingUs: 0, StartBugReporterOnCrash: 0, Is64bit: 1, IsPro: 1

COMMAND LINE ARGUMENTS:
C:\Program Files\Unity\Hub\Editor\2022.3.24f1\Editor\Unity.exe
-adb2
-batchMode
-noUpm
-name
AssetImportWorker2
-projectPath
D:/Unity/SW_github/SW_OZ_ver2/SW OZ
-logFile
Logs/AssetImportWorker2.log
-srvPort
56244
Successfully changed project path to: D:/Unity/SW_github/SW_OZ_ver2/SW OZ
D:/Unity/SW_github/SW_OZ_ver2/SW OZ
[UnityMemory] Configuration Parameters - Can be set up in boot.config
    "memorysetup-bucket-allocator-granularity=16"
    "memorysetup-bucket-allocator-bucket-count=8"
    "memorysetup-bucket-allocator-block-size=33554432"
    "memorysetup-bucket-allocator-block-count=8"
    "memorysetup-main-allocator-block-size=16777216"
    "memorysetup-thread-allocator-block-size=16777216"
    "memorysetup-gfx-main-allocator-block-size=16777216"
    "memorysetup-gfx-thread-allocator-block-size=16777216"
    "memorysetup-cache-allocator-block-size=4194304"
    "memorysetup-typetree-allocator-block-size=2097152"
    "memorysetup-profiler-bucket-allocator-granularity=16"
    "memorysetup-profiler-bucket-allocator-bucket-count=8"
    "memorysetup-profiler-bucket-allocator-block-size=33554432"
    "memorysetup-profiler-bucket-allocator-block-count=8"
    "memorysetup-profiler-allocator-block-size=16777216"
    "memorysetup-profiler-editor-allocator-block-size=1048576"
    "memorysetup-temp-allocator-size-main=16777216"
    "memorysetup-job-temp-allocator-block-size=2097152"
    "memorysetup-job-temp-allocator-block-size-background=1048576"
    "memorysetup-job-temp-allocator-reduction-small-platforms=262144"
    "memorysetup-allocator-temp-initial-block-size-main=262144"
    "memorysetup-allocator-temp-initial-block-size-worker=262144"
    "memorysetup-temp-allocator-size-background-worker=32768"
    "memorysetup-temp-allocator-size-job-worker=262144"
    "memorysetup-temp-allocator-size-preload-manager=33554432"
    "memorysetup-temp-allocator-size-nav-mesh-worker=65536"
    "memorysetup-temp-allocator-size-audio-worker=65536"
    "memorysetup-temp-allocator-size-cloud-worker=32768"
    "memorysetup-temp-allocator-size-gi-baking-worker=262144"
    "memorysetup-temp-allocator-size-gfx=262144"
Player connection [40508] Host "[IP] 192.168.11.2 [Port] 0 [Flags] 2 [Guid] 1054238860 [EditorId] 1054238860 [Version] 1048832 [Id] WindowsEditor(7,M_F) [Debug] 1 [PackageName] WindowsEditor [ProjectName] Editor" joined multi-casting on [225.0.0.222:54997]...

Player connection [40508] Host "[IP] 192.168.11.2 [Port] 0 [Flags] 2 [Guid] 1054238860 [EditorId] 1054238860 [Version] 1048832 [Id] WindowsEditor(7,M_F) [Debug] 1 [PackageName] WindowsEditor [ProjectName] Editor" joined alternative multi-casting on [225.0.0.222:34997]...

[Physics::Module] Initialized MultithreadedJobDispatcher with 31 workers.
Refreshing native plugins compatible for Editor in 6.11 ms, found 4 plugins.
Preloading 0 native plugins for Editor in 0.00 ms.
Initialize engine version: 2022.3.24f1 (334eb2a0b267)
[Subsystems] Discovering subsystems at path C:/Program Files/Unity/Hub/Editor/2022.3.24f1/Editor/Data/Resources/UnitySubsystems
[Subsystems] Discovering subsystems at path D:/Unity/SW_github/SW_OZ_ver2/SW OZ/Assets
GfxDevice: creating device client; threaded=0; jobified=0
Direct3D:
    Version:  Direct3D 11.0 [level 11.1]
    Renderer: NVIDIA GeForce RTX 3060 (ID=0x2504)
    Vendor:   NVIDIA
    VRAM:     12129 MB
    Driver:   31.0.15.3598
Initialize mono
Mono path[0] = 'C:/Program Files/Unity/Hub/Editor/2022.3.24f1/Editor/Data/Managed'
Mono path[1] = 'C:/Program Files/Unity/Hub/Editor/2022.3.24f1/Editor/Data/MonoBleedingEdge/lib/mono/unityjit-win32'
Mono config path = 'C:/Program Files/Unity/Hub/Editor/2022.3.24f1/Editor/Data/MonoBleedingEdge/etc'
Using monoOptions --debugger-agent=transport=dt_socket,embedding=1,server=y,suspend=n,address=127.0.0.1:56328
Begin MonoManager ReloadAssembly
Registering precompiled unity dll's ...
Register platform support module: C:/Program Files/Unity/Hub/Editor/2022.3.24f1/Editor/Data/PlaybackEngines/WebGLSupport/UnityEditor.WebGL.Extensions.dll
Register platform support module: C:/Program Files/Unity/Hub/Editor/2022.3.24f1/Editor/Data/PlaybackEngines/MacStandaloneSupport/UnityEditor.OSXStandalone.Extensions.dll
Register platform support module: C:/Program Files/Unity/Hub/Editor/2022.3.24f1/Editor/Data/PlaybackEngines/AndroidPlayer/UnityEditor.Android.Extensions.dll
Register platform support module: C:/Program Files/Unity/Hub/Editor/2022.3.24f1/Editor/Data/PlaybackEngines/iOSSupport/UnityEditor.iOS.Extensions.dll
Register platform support module: C:/Program Files/Unity/Hub/Editor/2022.3.24f1/Editor/Data/PlaybackEngines/WindowsStandaloneSupport/UnityEditor.WindowsStandalone.Extensions.dll
Registered in 0.007566 seconds.
- Loaded All Assemblies, in  0.206 seconds
Native extension for WindowsStandalone target not found
[usbmuxd] Start listen thread
[usbmuxd] Listen thread started
Native extension for iOS target not found
Native extension for Android target not found
Native extension for OSXStandalone target not found
Native extension for WebGL target not found
Mono: successfully reloaded assembly
- Finished resetting the current domain, in  0.174 seconds
Domain Reload Profiling: 380ms
	BeginReloadAssembly (59ms)
		ExecutionOrderSort (0ms)
		DisableScriptedObjects (0ms)
		BackupInstance (0ms)
		ReleaseScriptingObjects (0ms)
		CreateAndSetChildDomain (1ms)
	RebuildCommonClasses (19ms)
	RebuildNativeTypeToScriptingClass (6ms)
	initialDomainReloadingComplete (36ms)
	LoadAllAssembliesAndSetupDomain (85ms)
		LoadAssemblies (59ms)
		RebuildTransferFunctionScriptingTraits (0ms)
		AnalyzeDomain (83ms)
			TypeCache.Refresh (82ms)
				TypeCache.ScanAssembly (74ms)
			ScanForSourceGeneratedMonoScriptInfo (0ms)
			ResolveRequiredComponents (0ms)
	FinalizeReload (174ms)
		ReleaseScriptCaches (0ms)
		RebuildScriptCaches (0ms)
		SetupLoadedEditorAssemblies (141ms)
			LogAssemblyErrors (0ms)
			InitializePlatformSupportModulesInManaged (57ms)
			SetLoadedEditorAssemblies (2ms)
			RefreshPlugins (0ms)
			BeforeProcessingInitializeOnLoad (1ms)
			ProcessInitializeOnLoadAttributes (59ms)
			ProcessInitializeOnLoadMethodAttributes (23ms)
			AfterProcessingInitializeOnLoad (0ms)
			EditorAssembliesLoaded (0ms)
		ExecutionOrderSort2 (0ms)
		AwakeInstancesAfterBackupRestoration (0ms)
========================================================================
Worker process is ready to serve import requests
Begin MonoManager ReloadAssembly
- Loaded All Assemblies, in  0.442 seconds
Refreshing native plugins compatible for Editor in 2.30 ms, found 4 plugins.
Native extension for WindowsStandalone target not found
Native extension for iOS target not found
Native extension for Android target not found
Native extension for OSXStandalone target not found
Native extension for WebGL target not found
Package Manager log level set to [2]
[Package Manager] Server::EnsureServerProcessIsRunning -- launch failed, reason: Unity was launched with the -noUpm command-line argument
[Package Manager] UpmClient::Send -- Unable to send message (not connected to UPM process).
[Package Manager] Cannot connect to Unity Package Manager local server
Mono: successfully reloaded assembly
- Finished resetting the current domain, in  0.322 seconds
Domain Reload Profiling: 762ms
	BeginReloadAssembly (79ms)
		ExecutionOrderSort (0ms)
		DisableScriptedObjects (3ms)
		BackupInstance (0ms)
		ReleaseScriptingObjects (0ms)
		CreateAndSetChildDomain (12ms)
	RebuildCommonClasses (19ms)
	RebuildNativeTypeToScriptingClass (6ms)
	initialDomainReloadingComplete (23ms)
	LoadAllAssembliesAndSetupDomain (314ms)
		LoadAssemblies (297ms)
		RebuildTransferFunctionScriptingTraits (0ms)
		AnalyzeDomain (64ms)
			TypeCache.Refresh (54ms)
				TypeCache.ScanAssembly (45ms)
			ScanForSourceGeneratedMonoScriptInfo (7ms)
			ResolveRequiredComponents (2ms)
	FinalizeReload (322ms)
		ReleaseScriptCaches (0ms)
		RebuildScriptCaches (0ms)
		SetupLoadedEditorAssemblies (236ms)
			LogAssemblyErrors (0ms)
			InitializePlatformSupportModulesInManaged (22ms)
			SetLoadedEditorAssemblies (2ms)
			RefreshPlugins (0ms)
			BeforeProcessingInitializeOnLoad (39ms)
			ProcessInitializeOnLoadAttributes (158ms)
			ProcessInitializeOnLoadMethodAttributes (12ms)
			AfterProcessingInitializeOnLoad (3ms)
			EditorAssembliesLoaded (0ms)
		ExecutionOrderSort2 (0ms)
		AwakeInstancesAfterBackupRestoration (3ms)
Failed to load shader (instanceID 412, GUID 3e39586253f31b34f87fa7e133449b1e)
Launched and connected shader compiler UnityShaderCompiler.exe after 0.04 seconds
Refreshing native plugins compatible for Editor in 2.02 ms, found 4 plugins.
Preloading 0 native plugins for Editor in 0.00 ms.
Unloading 2918 Unused Serialized files (Serialized files now loaded: 0)
Unloading 49 unused Assets / (62.4 KB). Loaded Objects now: 3487.
Memory consumption went from 126.6 MB to 126.6 MB.
Total: 1.987200 ms (FindLiveObjects: 0.128900 ms CreateObjectMapping: 0.035500 ms MarkObjects: 1.737800 ms  DeleteObjects: 0.084400 ms)

AssetImportParameters requested are different than current active one (requested -> active):
  custom:container-demuxer-ogg: 62fdf1f143b41e24485cea50d1cbac27 -> 
  custom:video-codec-MediaFoundation-h265: 746d11721c4dcdbdad8f713fa42b33f4 -> 
  custom:video-decoder-ogg-theora: a1e56fd34408186e4bbccfd4996cb3dc -> 
  custom:framework-win-MediaFoundation: 216162199b28c13a410421893ffa2e32 -> 
  custom:CustomObjectIndexerAttribute: 9a22284fe3817be447336de3de66b15e -> 
  custom:container-demuxer-webm: 4f35f7cbe854078d1ac9338744f61a02 -> 
  custom:container-muxer-webm: aa71ff27fc2769a1b78a27578f13a17b -> 
  custom:video-decoder-webm-vp8: 9c59270c3fd7afecdb556c50c9e8de78 -> 
  custom:SearchIndexIgnoredProperties: e643bd26f0fe6173181afceb89e7c659 -> 
  custom:AudioImporter_EditorPlatform: d09bf68614088b80899f8185d706f6e7 -> 
  custom:video-encoder-webm-vp8: eb34c28f22e8b96e1ab97ce403110664 -> 
  custom:audio-decoder-ogg-vorbis: bf7c407c2cedff20999df2af8eb42d56 -> 
  custom:audio-encoder-webm-vorbis: bf7c407c2cedff20999df2af8eb42d56 -> 
========================================================================
Received Import Request.
  Time since last request: 36795.613612 seconds.
  path: Assets/PlayMaker/Editor/Watermarks/Alien.png
  artifactKey: Guid(24dda0ac7b175944f8968586045fbe32) Importer(815301076,1909f56bfc062723c751e8b465ee728b)
Start importing Assets/PlayMaker/Editor/Watermarks/Alien.png using Guid(24dda0ac7b175944f8968586045fbe32) Importer(815301076,1909f56bfc062723c751e8b465ee728b)  -> (artifact id: '2e39c2d4ce71238cdc6dbba6083bdab1') in 0.060099 seconds
Number of updated asset objects reloaded before import = 0
Number of asset objects unloaded after import = 2
========================================================================
Received Import Request.
  Time since last request: 0.269708 seconds.
  path: Assets/UniGLTF/UniHumanoid/doc/assets.png
  artifactKey: Guid(f998ebae6d907c94b87d25d0d24939d6) Importer(815301076,1909f56bfc062723c751e8b465ee728b)
Start importing Assets/UniGLTF/UniHumanoid/doc/assets.png using Guid(f998ebae6d907c94b87d25d0d24939d6) Importer(815301076,1909f56bfc062723c751e8b465ee728b)  -> (artifact id: '3d9ce4db9c6d7d48a2b36fb5a00c8757') in 0.016392 seconds
Number of updated asset objects reloaded before import = 0
Number of asset objects unloaded after import = 2
========================================================================
Received Import Request.
  Time since last request: 0.018644 seconds.
  path: Assets/PlayMaker/Editor/Resources/backButton.png
  artifactKey: Guid(ac6641fa8d46a2d408fc356b1018cb57) Importer(815301076,1909f56bfc062723c751e8b465ee728b)
Start importing Assets/PlayMaker/Editor/Resources/backButton.png using Guid(ac6641fa8d46a2d408fc356b1018cb57) Importer(815301076,1909f56bfc062723c751e8b465ee728b)  -> (artifact id: 'a872c3f8fd59854485b484269342a1d3') in 0.012567 seconds
Number of updated asset objects reloaded before import = 0
Number of asset objects unloaded after import = 2
========================================================================
Received Import Request.
  Time since last request: 0.252458 seconds.
  path: Assets/PlayMaker/Editor/Watermarks/Barrel.png
  artifactKey: Guid(569db1eca6acd1c4c893aa44b7aaeed7) Importer(815301076,1909f56bfc062723c751e8b465ee728b)
Start importing Assets/PlayMaker/Editor/Watermarks/Barrel.png using Guid(569db1eca6acd1c4c893aa44b7aaeed7) Importer(815301076,1909f56bfc062723c751e8b465ee728b)  -> (artifact id: '4ca89210e56f3d2ee277ee80eec6e213') in 0.017195 seconds
Number of updated asset objects reloaded before import = 0
Number of asset objects unloaded after import = 2
========================================================================
Received Import Request.
  Time since last request: 0.211535 seconds.
  path: Assets/PlayMaker/Editor/Watermarks/Bomb.png
  artifactKey: Guid(08bc5569fa12d2542b2db6b9fb27116c) Importer(815301076,1909f56bfc062723c751e8b465ee728b)
Start importing Assets/PlayMaker/Editor/Watermarks/Bomb.png using Guid(08bc5569fa12d2542b2db6b9fb27116c) Importer(815301076,1909f56bfc062723c751e8b465ee728b)  -> (artifact id: '025923e4e32a7c189fa5792cf7431687') in 0.013548 seconds
Number of updated asset objects reloaded before import = 0
Number of asset objects unloaded after import = 2
========================================================================
Received Import Request.
  Time since last request: 0.033043 seconds.
  path: Assets/UniGLTF/UniHumanoid/doc/BoneMappingInspector.png
  artifactKey: Guid(1e5ed0d1eaae21c46b59beeeb761a357) Importer(815301076,1909f56bfc062723c751e8b465ee728b)
Start importing Assets/UniGLTF/UniHumanoid/doc/BoneMappingInspector.png using Guid(1e5ed0d1eaae21c46b59beeeb761a357) Importer(815301076,1909f56bfc062723c751e8b465ee728b)  -> (artifact id: '9169abc1ef7cabd19b782d37be9720cb') in 0.016383 seconds
Number of updated asset objects reloaded before import = 0
Number of asset objects unloaded after import = 2
========================================================================
Received Import Request.
  Time since last request: 0.030085 seconds.
  path: Assets/UniGLTF/UniHumanoid/doc/bvh_bonemapping.png
  artifactKey: Guid(06577ef88ae5dea4189cb3022681fa9f) Importer(815301076,1909f56bfc062723c751e8b465ee728b)
Start importing Assets/UniGLTF/UniHumanoid/doc/bvh_bonemapping.png using Guid(06577ef88ae5dea4189cb3022681fa9f) Importer(815301076,1909f56bfc062723c751e8b465ee728b)  -> (artifact id: '376291eafec9b1c85ba92a1acaf90a12') in 0.010505 seconds
Number of updated asset objects reloaded before import = 0
Number of asset objects unloaded after import = 2
========================================================================
Received Import Request.
  Time since last request: 1.990385 seconds.
  path: Assets/UniGLTF/UniHumanoid/doc/bvh_prefab.png
  artifactKey: Guid(0f274a7a8cb1663479e10b9b1820156d) Importer(815301076,1909f56bfc062723c751e8b465ee728b)
Start importing Assets/UniGLTF/UniHumanoid/doc/bvh_prefab.png using Guid(0f274a7a8cb1663479e10b9b1820156d) Importer(815301076,1909f56bfc062723c751e8b465ee728b)  -> (artifact id: '32534df3d978230d769d4d4dfab128b5') in 0.024315 seconds
Number of updated asset objects reloaded before import = 0
Number of asset objects unloaded after import = 2
========================================================================
Received Import Request.
  Time since last request: 0.031032 seconds.
  path: Assets/PlayMaker/Editor/Watermarks/Camera.png
  artifactKey: Guid(d4ed99101f3eb6f43a823a0e8b129218) Importer(815301076,1909f56bfc062723c751e8b465ee728b)
Start importing Assets/PlayMaker/Editor/Watermarks/Camera.png using Guid(d4ed99101f3eb6f43a823a0e8b129218) Importer(815301076,1909f56bfc062723c751e8b465ee728b)  -> (artifact id: 'ef4a03f971a70b195b9f0d0d60e7afed') in 0.011081 seconds
Number of updated asset objects reloaded before import = 0
Number of asset objects unloaded after import = 2
========================================================================
Received Import Request.
  Time since last request: 0.044412 seconds.
  path: Assets/PlayMaker/Editor/Watermarks/ComboLock.png
  artifactKey: Guid(5bf966fb3b71a8a45a0ed828c86c6f38) Importer(815301076,1909f56bfc062723c751e8b465ee728b)
Start importing Assets/PlayMaker/Editor/Watermarks/ComboLock.png using Guid(5bf966fb3b71a8a45a0ed828c86c6f38) Importer(815301076,1909f56bfc062723c751e8b465ee728b)  -> (artifact id: 'b4576184640e543214895dcad84474b3') in 0.014647 seconds
Number of updated asset objects reloaded before import = 0
Number of asset objects unloaded after import = 2
========================================================================
Received Import Request.
  Time since last request: 0.266664 seconds.
  path: Assets/PlayMaker/Editor/Watermarks/Crosshairs.png
  artifactKey: Guid(efb53602b01d8a14488b1124b167ec43) Importer(815301076,1909f56bfc062723c751e8b465ee728b)
Start importing Assets/PlayMaker/Editor/Watermarks/Crosshairs.png using Guid(efb53602b01d8a14488b1124b167ec43) Importer(815301076,1909f56bfc062723c751e8b465ee728b)  -> (artifact id: 'bcbf0d8def9e1837774c60dcffca4bde') in 0.015675 seconds
Number of updated asset objects reloaded before import = 0
Number of asset objects unloaded after import = 2
========================================================================
Received Import Request.
  Time since last request: 0.541689 seconds.
  path: Assets/PlayMaker/Editor/Watermarks/Cycle.png
  artifactKey: Guid(ee577a066ea5e0942be6879c7e58fb38) Importer(815301076,1909f56bfc062723c751e8b465ee728b)
Start importing Assets/PlayMaker/Editor/Watermarks/Cycle.png using Guid(ee577a066ea5e0942be6879c7e58fb38) Importer(815301076,1909f56bfc062723c751e8b465ee728b)  -> (artifact id: 'a9c03400db6a279e176515aecb9df264') in 0.016043 seconds
Number of updated asset objects reloaded before import = 0
Number of asset objects unloaded after import = 2
========================================================================
Received Import Request.
  Time since last request: 0.002796 seconds.
  path: Assets/PlayMaker/Editor/Watermarks/Dazzle.png
  artifactKey: Guid(3e872e3452d8cf04aa5ac4b31e442167) Importer(815301076,1909f56bfc062723c751e8b465ee728b)
Start importing Assets/PlayMaker/Editor/Watermarks/Dazzle.png using Guid(3e872e3452d8cf04aa5ac4b31e442167) Importer(815301076,1909f56bfc062723c751e8b465ee728b)  -> (artifact id: 'c15cffc26fc67963c3d94fe0279a983f') in 0.010953 seconds
Number of updated asset objects reloaded before import = 0
Number of asset objects unloaded after import = 2
========================================================================
Received Import Request.
  Time since last request: 0.017773 seconds.
  path: Assets/3D/FujitoWork/08_other/Fukidashi/e1156_1.png
  artifactKey: Guid(61fb4691cdce80945a4e0a3d76da1002) Importer(815301076,1909f56bfc062723c751e8b465ee728b)
Start importing Assets/3D/FujitoWork/08_other/Fukidashi/e1156_1.png using Guid(61fb4691cdce80945a4e0a3d76da1002) Importer(815301076,1909f56bfc062723c751e8b465ee728b)  -> (artifact id: 'cdf4d90935805422b227286ee8b2c793') in 0.029180 seconds
Number of updated asset objects reloaded before import = 0
Number of asset objects unloaded after import = 3
========================================================================
Received Import Request.
  Time since last request: 0.000010 seconds.
  path: Assets/UniGLTF/UniHumanoid/doc/humanoid.gif
  artifactKey: Guid(81969f93770cf844eab1f4137fefe07e) Importer(815301076,1909f56bfc062723c751e8b465ee728b)
Start importing Assets/UniGLTF/UniHumanoid/doc/humanoid.gif using Guid(81969f93770cf844eab1f4137fefe07e) Importer(815301076,1909f56bfc062723c751e8b465ee728b)  -> (artifact id: 'beeabdba0d3263a03eeb939a5f696ca2') in 0.019196 seconds
Number of updated asset objects reloaded before import = 0
Number of asset objects unloaded after import = 2
========================================================================
Received Import Request.
  Time since last request: 0.000011 seconds.
  path: Assets/UniGLTF/UniHumanoid/doc/humanpose_transfer_inspector.png
  artifactKey: Guid(0091e5f38ae478b47ba5b2aec91e1598) Importer(815301076,1909f56bfc062723c751e8b465ee728b)
Start importing Assets/UniGLTF/UniHumanoid/doc/humanpose_transfer_inspector.png using Guid(0091e5f38ae478b47ba5b2aec91e1598) Importer(815301076,1909f56bfc062723c751e8b465ee728b)  -> (artifact id: '0d90f580c590654dcf2230b5eb19c54e') in 0.012508 seconds
Number of updated asset objects reloaded before import = 0
Number of asset objects unloaded after import = 2
========================================================================
Received Import Request.
  Time since last request: 0.000010 seconds.
  path: Assets/STYLY_Plugin/STYLY_ImmersalUI/Sprites/image_finder01.png
  artifactKey: Guid(2223b9aebbeed7f4b8e8b28312c2bcb6) Importer(815301076,1909f56bfc062723c751e8b465ee728b)
Start importing Assets/STYLY_Plugin/STYLY_ImmersalUI/Sprites/image_finder01.png using Guid(2223b9aebbeed7f4b8e8b28312c2bcb6) Importer(815301076,1909f56bfc062723c751e8b465ee728b)  -> (artifact id: '0f09efa92ed530aff3b4fb3859dfa073') in 0.023118 seconds
Number of updated asset objects reloaded before import = 0
Number of asset objects unloaded after import = 3
========================================================================
Received Import Request.
  Time since last request: 0.000010 seconds.
  path: Assets/PlayMaker/Editor/Resources/photonIcon@2x.png
  artifactKey: Guid(3e33336be7bc28242a82d8e6ee06fde3) Importer(815301076,1909f56bfc062723c751e8b465ee728b)
Start importing Assets/PlayMaker/Editor/Resources/photonIcon@2x.png using Guid(3e33336be7bc28242a82d8e6ee06fde3) Importer(815301076,1909f56bfc062723c751e8b465ee728b)  -> (artifact id: '24c0c2994beb5edc913c0e287a2aa226') in 0.009547 seconds
Number of updated asset objects reloaded before import = 0
Number of asset objects unloaded after import = 2
========================================================================
Received Import Request.
  Time since last request: 0.009093 seconds.
  path: Assets/PlayMaker/Editor/Watermarks/SemiCircle.png
  artifactKey: Guid(3b339d97a27c1a1439a73fa626c7d28e) Importer(815301076,1909f56bfc062723c751e8b465ee728b)
Start importing Assets/PlayMaker/Editor/Watermarks/SemiCircle.png using Guid(3b339d97a27c1a1439a73fa626c7d28e) Importer(815301076,1909f56bfc062723c751e8b465ee728b)  -> (artifact id: 'd092b8934d59852adb7d1a2f94280bdd') in 0.010051 seconds
Number of updated asset objects reloaded before import = 0
Number of asset objects unloaded after import = 2
========================================================================
Received Import Request.
  Time since last request: 0.013991 seconds.
  path: Assets/3D/Ota/104795-Test-tex.Textures/tex_material0000_map_Kd.jpg
  artifactKey: Guid(3a11942552049a44a9d25eee08321d88) Importer(815301076,1909f56bfc062723c751e8b465ee728b)
Start importing Assets/3D/Ota/104795-Test-tex.Textures/tex_material0000_map_Kd.jpg using Guid(3a11942552049a44a9d25eee08321d88) Importer(815301076,1909f56bfc062723c751e8b465ee728b)  -> (artifact id: 'd2a9fe40472fc68d4776e566b2b359ea') in 0.016613 seconds
Number of updated asset objects reloaded before import = 0
Number of asset objects unloaded after import = 2
========================================================================
Received Import Request.
  Time since last request: 0.006744 seconds.
  path: Assets/STYLY_Plugin/STYLY_ImmersalUI/Sprites/tex_scan_JP.png
  artifactKey: Guid(24bba80bd68567a45a68d5599cd10b04) Importer(815301076,1909f56bfc062723c751e8b465ee728b)
Start importing Assets/STYLY_Plugin/STYLY_ImmersalUI/Sprites/tex_scan_JP.png using Guid(24bba80bd68567a45a68d5599cd10b04) Importer(815301076,1909f56bfc062723c751e8b465ee728b)  -> (artifact id: '9e1cf730c04d7488e472cb6a0f31672d') in 0.014864 seconds
Number of updated asset objects reloaded before import = 0
Number of asset objects unloaded after import = 3
========================================================================
Received Import Request.
  Time since last request: 0.000012 seconds.
  path: Assets/STYLY_Plugin/STYLY_ImmersalUI/Sprites/tex_timeout_JP.png
  artifactKey: Guid(caf1adec75236484e9e08f53b0f3a084) Importer(815301076,1909f56bfc062723c751e8b465ee728b)
Start importing Assets/STYLY_Plugin/STYLY_ImmersalUI/Sprites/tex_timeout_JP.png using Guid(caf1adec75236484e9e08f53b0f3a084) Importer(815301076,1909f56bfc062723c751e8b465ee728b)  -> (artifact id: '9c76cc899cc39d70496fab3eb6361c8f') in 0.016667 seconds
Number of updated asset objects reloaded before import = 0
Number of asset objects unloaded after import = 3
========================================================================
Received Import Request.
  Time since last request: 0.007101 seconds.
  path: Assets/PlayMaker/Editor/Watermarks/ThoughtBubble.png
  artifactKey: Guid(f218ed29f9b2ba042b5b00c2bc3ac412) Importer(815301076,1909f56bfc062723c751e8b465ee728b)
Start importing Assets/PlayMaker/Editor/Watermarks/ThoughtBubble.png using Guid(f218ed29f9b2ba042b5b00c2bc3ac412) Importer(815301076,1909f56bfc062723c751e8b465ee728b)  -> (artifact id: 'd70faacc35221059c9df21ea1146c0fc') in 0.007966 seconds
Number of updated asset objects reloaded before import = 0
Number of asset objects unloaded after import = 2
========================================================================
Received Import Request.
  Time since last request: 0.014901 seconds.
  path: Assets/Fishing Docks and Boats/Textures/TX_BaitBox_DIF.TGA
  artifactKey: Guid(c4c0ac18129299545a6c1d657782ad45) Importer(815301076,1909f56bfc062723c751e8b465ee728b)
Start importing Assets/Fishing Docks and Boats/Textures/TX_BaitBox_DIF.TGA using Guid(c4c0ac18129299545a6c1d657782ad45) Importer(815301076,1909f56bfc062723c751e8b465ee728b)  -> (artifact id: '30d3934e7f4fc730124f1c2f4e0e40da') in 0.032071 seconds
Number of updated asset objects reloaded before import = 0
Number of asset objects unloaded after import = 2
========================================================================
Received Import Request.
  Time since last request: 0.011085 seconds.
  path: Assets/Fishing Docks and Boats/Textures/TX_Boat_01a_MASK.TGA
  artifactKey: Guid(d14233fc97cc82c4b80019c52f8820d2) Importer(815301076,1909f56bfc062723c751e8b465ee728b)
Start importing Assets/Fishing Docks and Boats/Textures/TX_Boat_01a_MASK.TGA using Guid(d14233fc97cc82c4b80019c52f8820d2) Importer(815301076,1909f56bfc062723c751e8b465ee728b)  -> (artifact id: 'bc0ce98849059ac0be4ff92a2814b251') in 0.034050 seconds
Number of updated asset objects reloaded before import = 0
Number of asset objects unloaded after import = 2
========================================================================
Received Import Request.
  Time since last request: 0.000882 seconds.
  path: Assets/Fishing Docks and Boats/Textures/TX_Boat_01b_DIF.TGA
  artifactKey: Guid(387404c0533d1294892e616b8de95bfc) Importer(815301076,1909f56bfc062723c751e8b465ee728b)
Start importing Assets/Fishing Docks and Boats/Textures/TX_Boat_01b_DIF.TGA using Guid(387404c0533d1294892e616b8de95bfc) Importer(815301076,1909f56bfc062723c751e8b465ee728b)  -> (artifact id: 'a4e917b9784469a7834710a6b062b484') in 0.034245 seconds
Number of updated asset objects reloaded before import = 0
Number of asset objects unloaded after import = 2
========================================================================
Received Import Request.
  Time since last request: 0.001238 seconds.
  path: Assets/Fishing Docks and Boats/Textures/TX_Boat_01c_DIF.TGA
  artifactKey: Guid(e0a6b59e117c4cb42be2a5fe42458371) Importer(815301076,1909f56bfc062723c751e8b465ee728b)
Start importing Assets/Fishing Docks and Boats/Textures/TX_Boat_01c_DIF.TGA using Guid(e0a6b59e117c4cb42be2a5fe42458371) Importer(815301076,1909f56bfc062723c751e8b465ee728b)  -> (artifact id: 'd24e1e18080042b2afdef6a0aae2e52f') in 0.036206 seconds
Number of updated asset objects reloaded before import = 0
Number of asset objects unloaded after import = 2
========================================================================
Received Import Request.
  Time since last request: 0.015845 seconds.
  path: Assets/Fishing Docks and Boats/Textures/TX_Fishing_Hat_01a_NRM.TGA
  artifactKey: Guid(5e819d4ccd4db3b4caa98ddd0b850e9e) Importer(815301076,1909f56bfc062723c751e8b465ee728b)
Start importing Assets/Fishing Docks and Boats/Textures/TX_Fishing_Hat_01a_NRM.TGA using Guid(5e819d4ccd4db3b4caa98ddd0b850e9e) Importer(815301076,1909f56bfc062723c751e8b465ee728b)  -> (artifact id: '655e16c26417f154794971e907b05988') in 0.015231 seconds
Number of updated asset objects reloaded before import = 0
Number of asset objects unloaded after import = 2
========================================================================
Received Import Request.
  Time since last request: 0.000012 seconds.
  path: Assets/Fishing Docks and Boats/Textures/TX_Fishing_Hat_02a_DIF.TGA
  artifactKey: Guid(eebd8ce2f7fdced4d9dc316ccb65a97c) Importer(815301076,1909f56bfc062723c751e8b465ee728b)
Start importing Assets/Fishing Docks and Boats/Textures/TX_Fishing_Hat_02a_DIF.TGA using Guid(eebd8ce2f7fdced4d9dc316ccb65a97c) Importer(815301076,1909f56bfc062723c751e8b465ee728b)  -> (artifact id: '1d690aa162d7c04d23a990fd16a4ff8f') in 0.014032 seconds
Number of updated asset objects reloaded before import = 0
Number of asset objects unloaded after import = 2
========================================================================
Received Import Request.
  Time since last request: 0.000017 seconds.
  path: Assets/Fishing Docks and Boats/Textures/TX_Fishing_Rod_01a_DIF.TGA
  artifactKey: Guid(4fd06036e94cf964db83f1fafa8f20a2) Importer(815301076,1909f56bfc062723c751e8b465ee728b)
Start importing Assets/Fishing Docks and Boats/Textures/TX_Fishing_Rod_01a_DIF.TGA using Guid(4fd06036e94cf964db83f1fafa8f20a2) Importer(815301076,1909f56bfc062723c751e8b465ee728b)  -> (artifact id: 'f5321984f2d5245b3fc601c395c4be70') in 0.018754 seconds
Number of updated asset objects reloaded before import = 0
Number of asset objects unloaded after import = 2
========================================================================
Received Import Request.
  Time since last request: 0.000011 seconds.
  path: Assets/Fishing Docks and Boats/Textures/TX_FishingBoots_Mask.TGA
  artifactKey: Guid(52a817d5d9bcb864aa3889c8079e642f) Importer(815301076,1909f56bfc062723c751e8b465ee728b)
Start importing Assets/Fishing Docks and Boats/Textures/TX_FishingBoots_Mask.TGA using Guid(52a817d5d9bcb864aa3889c8079e642f) Importer(815301076,1909f56bfc062723c751e8b465ee728b)  -> (artifact id: 'b7d98bd51061e13f711fe95bc7849c89') in 0.017286 seconds
Number of updated asset objects reloaded before import = 0
Number of asset objects unloaded after import = 2
========================================================================
Received Import Request.
  Time since last request: 0.003157 seconds.
  path: Assets/Fishing Docks and Boats/Textures/TX_FishingNet_01a_DIF.TGA
  artifactKey: Guid(d77051b3b68a05547b2c0d48f1eed2c7) Importer(815301076,1909f56bfc062723c751e8b465ee728b)
Start importing Assets/Fishing Docks and Boats/Textures/TX_FishingNet_01a_DIF.TGA using Guid(d77051b3b68a05547b2c0d48f1eed2c7) Importer(815301076,1909f56bfc062723c751e8b465ee728b)  -> (artifact id: 'b88601529621806488310e72eb0da393') in 0.052395 seconds
Number of updated asset objects reloaded before import = 0
Number of asset objects unloaded after import = 2
========================================================================
Received Import Request.
  Time since last request: 0.095785 seconds.
  path: Assets/Fishing Docks and Boats/Textures/TX_Docks_01a_DIF.TGA
  artifactKey: Guid(48eda626fc9b9ee48a708401c3e98684) Importer(815301076,1909f56bfc062723c751e8b465ee728b)
Start importing Assets/Fishing Docks and Boats/Textures/TX_Docks_01a_DIF.TGA using Guid(48eda626fc9b9ee48a708401c3e98684) Importer(815301076,1909f56bfc062723c751e8b465ee728b)  -> (artifact id: 'bdc4c5b3ad249476f40fc60be30e1a8f') in 0.118433 seconds
Number of updated asset objects reloaded before import = 0
Number of asset objects unloaded after import = 2
========================================================================
Received Import Request.
  Time since last request: 0.000015 seconds.
  path: Assets/Fishing Docks and Boats/Textures/TX_Fishing_Hat_01a_DIF.TGA
  artifactKey: Guid(fa696aedf1655684190d9a264c75bccb) Importer(815301076,1909f56bfc062723c751e8b465ee728b)
Start importing Assets/Fishing Docks and Boats/Textures/TX_Fishing_Hat_01a_DIF.TGA using Guid(fa696aedf1655684190d9a264c75bccb) Importer(815301076,1909f56bfc062723c751e8b465ee728b)  -> (artifact id: '7f0dcd8a3d163134b5011491cc1a53c9') in 0.014702 seconds
Number of updated asset objects reloaded before import = 0
Number of asset objects unloaded after import = 2
========================================================================
Received Import Request.
  Time since last request: 0.275122 seconds.
  path: Assets/STYLY_Plugin/STYLY_ImmersalUI/Sprites/tex_scan_EN.png
  artifactKey: Guid(112cfce8ba1636144bc4a3541c6d96a6) Importer(815301076,1909f56bfc062723c751e8b465ee728b)
Start importing Assets/STYLY_Plugin/STYLY_ImmersalUI/Sprites/tex_scan_EN.png using Guid(112cfce8ba1636144bc4a3541c6d96a6) Importer(815301076,1909f56bfc062723c751e8b465ee728b)  -> (artifact id: 'e59d8ae4ce779935da149df4f6e299d6') in 0.019686 seconds
Number of updated asset objects reloaded before import = 0
Number of asset objects unloaded after import = 3
========================================================================
Received Import Request.
  Time since last request: 0.028655 seconds.
  path: Assets/STYLY_Plugin/UI/Editor/Images/styly_logo_white_20.png
  artifactKey: Guid(1079f8bc57c210644a681ae721ad7b0d) Importer(815301076,1909f56bfc062723c751e8b465ee728b)
Start importing Assets/STYLY_Plugin/UI/Editor/Images/styly_logo_white_20.png using Guid(1079f8bc57c210644a681ae721ad7b0d) Importer(815301076,1909f56bfc062723c751e8b465ee728b)  -> (artifact id: 'b89a34aacb5a7f1d256d3c07d348cd96') in 0.010586 seconds
Number of updated asset objects reloaded before import = 0
Number of asset objects unloaded after import = 2
========================================================================
Received Import Request.
  Time since last request: 0.016123 seconds.
  path: Assets/PlayMaker/Editor/Watermarks/StarInCircle.png
  artifactKey: Guid(d06d066acbe641949a1dbabc7a5de36f) Importer(815301076,1909f56bfc062723c751e8b465ee728b)
Start importing Assets/PlayMaker/Editor/Watermarks/StarInCircle.png using Guid(d06d066acbe641949a1dbabc7a5de36f) Importer(815301076,1909f56bfc062723c751e8b465ee728b)  -> (artifact id: 'c0cbae718cf7d99bc5e78db1063bd83b') in 0.008219 seconds
Number of updated asset objects reloaded before import = 0
Number of asset objects unloaded after import = 2
========================================================================
Received Import Request.
  Time since last request: 0.000687 seconds.
  path: Assets/PlayMaker/Editor/Watermarks/SpeechBubbles.png
  artifactKey: Guid(4a613549877ab9d4e88665fda6bd5575) Importer(815301076,1909f56bfc062723c751e8b465ee728b)
Start importing Assets/PlayMaker/Editor/Watermarks/SpeechBubbles.png using Guid(4a613549877ab9d4e88665fda6bd5575) Importer(815301076,1909f56bfc062723c751e8b465ee728b)  -> (artifact id: '491963082c1003c572cbf2422730a0cf') in 0.008877 seconds
Number of updated asset objects reloaded before import = 0
Number of asset objects unloaded after import = 2
========================================================================
Received Import Request.
  Time since last request: 0.002419 seconds.
  path: Assets/PlayMaker/Editor/Watermarks/Star.png
  artifactKey: Guid(7e0f318a0de14754ea96e57b7da9bdbf) Importer(815301076,1909f56bfc062723c751e8b465ee728b)
Start importing Assets/PlayMaker/Editor/Watermarks/Star.png using Guid(7e0f318a0de14754ea96e57b7da9bdbf) Importer(815301076,1909f56bfc062723c751e8b465ee728b)  -> (artifact id: '00f1ceb3c26c311c39903d02e5be5646') in 0.009915 seconds
Number of updated asset objects reloaded before import = 0
Number of asset objects unloaded after import = 2
========================================================================
Received Import Request.
  Time since last request: 0.007506 seconds.
  path: Assets/PlayMaker/Editor/Watermarks/Soldier.png
  artifactKey: Guid(bff7060f1f2727849802c10aa29eab8b) Importer(815301076,1909f56bfc062723c751e8b465ee728b)
Start importing Assets/PlayMaker/Editor/Watermarks/Soldier.png using Guid(bff7060f1f2727849802c10aa29eab8b) Importer(815301076,1909f56bfc062723c751e8b465ee728b)  -> (artifact id: 'fa8fde93c5db9ee3db7cbd7807592826') in 0.007956 seconds
Number of updated asset objects reloaded before import = 0
Number of asset objects unloaded after import = 2
========================================================================
Received Import Request.
  Time since last request: 0.014218 seconds.
  path: Assets/PlayMaker/Editor/Watermarks/SkullAndCrossBones.png
  artifactKey: Guid(2fb754eb26b03ab4598fdabac6f0def0) Importer(815301076,1909f56bfc062723c751e8b465ee728b)
Start importing Assets/PlayMaker/Editor/Watermarks/SkullAndCrossBones.png using Guid(2fb754eb26b03ab4598fdabac6f0def0) Importer(815301076,1909f56bfc062723c751e8b465ee728b)  -> (artifact id: '9b956e8591d1d78fc9c57e8134082261') in 0.008461 seconds
Number of updated asset objects reloaded before import = 0
Number of asset objects unloaded after import = 2
========================================================================
Received Import Request.
  Time since last request: 2.353994 seconds.
  path: Assets/Fishing Docks and Boats/Textures/TX_Boat_01a_DIF.TGA
  artifactKey: Guid(222b3653a1a209441b37a6962a9ba079) Importer(815301076,1909f56bfc062723c751e8b465ee728b)
Start importing Assets/Fishing Docks and Boats/Textures/TX_Boat_01a_DIF.TGA using Guid(222b3653a1a209441b37a6962a9ba079) Importer(815301076,1909f56bfc062723c751e8b465ee728b)  -> (artifact id: '749eabf99ba7b5e0fb1d8b4a1a4095fb') in 0.021450 seconds
Number of updated asset objects reloaded before import = 0
Number of asset objects unloaded after import = 2
========================================================================
Received Import Request.
  Time since last request: 0.008337 seconds.
  path: Assets/Fishing Docks and Boats/Textures/TX_Bucket_ColorMask.TGA
  artifactKey: Guid(ff14626be6dda2643893bffc656931e5) Importer(815301076,1909f56bfc062723c751e8b465ee728b)
Start importing Assets/Fishing Docks and Boats/Textures/TX_Bucket_ColorMask.TGA using Guid(ff14626be6dda2643893bffc656931e5) Importer(815301076,1909f56bfc062723c751e8b465ee728b)  -> (artifact id: 'aeea03e33bff5ca71bd9070465c70565') in 0.017752 seconds
Number of updated asset objects reloaded before import = 0
Number of asset objects unloaded after import = 2
========================================================================
Received Import Request.
  Time since last request: 0.000110 seconds.
  path: Assets/Fishing Docks and Boats/Textures/TX_Bucket_DIF.TGA
  artifactKey: Guid(c91ee35e0bfac0148938a6bcc8ae0b1d) Importer(815301076,1909f56bfc062723c751e8b465ee728b)
Start importing Assets/Fishing Docks and Boats/Textures/TX_Bucket_DIF.TGA using Guid(c91ee35e0bfac0148938a6bcc8ae0b1d) Importer(815301076,1909f56bfc062723c751e8b465ee728b)  -> (artifact id: '351e4986181bf4cc201013061d8a6820') in 0.034403 seconds
Number of updated asset objects reloaded before import = 0
Number of asset objects unloaded after import = 2
========================================================================
Received Import Request.
  Time since last request: 0.001747 seconds.
  path: Assets/Fishing Docks and Boats/Textures/TX_Buoy_01_Paint.TGA
  artifactKey: Guid(36086b83690d4a9408e68df84a31add2) Importer(815301076,1909f56bfc062723c751e8b465ee728b)
Start importing Assets/Fishing Docks and Boats/Textures/TX_Buoy_01_Paint.TGA using Guid(36086b83690d4a9408e68df84a31add2) Importer(815301076,1909f56bfc062723c751e8b465ee728b)  -> (artifact id: '02027558a56e18f50dfe2b0133c00fe4') in 0.011584 seconds
Number of updated asset objects reloaded before import = 0
Number of asset objects unloaded after import = 2
========================================================================
Received Import Request.
  Time since last request: 0.006410 seconds.
  path: Assets/Fishing Docks and Boats/Textures/TX_Buoy_01_Paint_ORM.TGA
  artifactKey: Guid(718ad554fba0bc2429703a84ba2cf692) Importer(815301076,1909f56bfc062723c751e8b465ee728b)
Start importing Assets/Fishing Docks and Boats/Textures/TX_Buoy_01_Paint_ORM.TGA using Guid(718ad554fba0bc2429703a84ba2cf692) Importer(815301076,1909f56bfc062723c751e8b465ee728b)  -> (artifact id: '8f408c6260a368ff3eea13d0ab623023') in 0.013335 seconds
Number of updated asset objects reloaded before import = 0
Number of asset objects unloaded after import = 2
========================================================================
Received Import Request.
  Time since last request: 0.001565 seconds.
  path: Assets/Fishing Docks and Boats/Textures/TX_Buoy_01_Rust_ORM.TGA
  artifactKey: Guid(535c7d35c846fc643abcfc4199be7c3f) Importer(815301076,1909f56bfc062723c751e8b465ee728b)
Start importing Assets/Fishing Docks and Boats/Textures/TX_Buoy_01_Rust_ORM.TGA using Guid(535c7d35c846fc643abcfc4199be7c3f) Importer(815301076,1909f56bfc062723c751e8b465ee728b)  -> (artifact id: '85cfe24b504f3d3335d9b17067af14af') in 0.017944 seconds
Number of updated asset objects reloaded before import = 0
Number of asset objects unloaded after import = 2
========================================================================
Received Import Request.
  Time since last request: 0.015243 seconds.
  path: Assets/Fishing Docks and Boats/Textures/TX_Buoy_UniqueDetails_NRM.TGA
  artifactKey: Guid(7132e1c4634f7df4dba0fc02f926921b) Importer(815301076,1909f56bfc062723c751e8b465ee728b)
Start importing Assets/Fishing Docks and Boats/Textures/TX_Buoy_UniqueDetails_NRM.TGA using Guid(7132e1c4634f7df4dba0fc02f926921b) Importer(815301076,1909f56bfc062723c751e8b465ee728b)  -> (artifact id: 'ee8b370fec5b4efcebb8bf28700992da') in 0.024578 seconds
Number of updated asset objects reloaded before import = 0
Number of asset objects unloaded after import = 2
========================================================================
Received Import Request.
  Time since last request: 0.000950 seconds.
  path: Assets/Fishing Docks and Boats/Textures/TX_CoolerBox_01a_NRM.TGA
  artifactKey: Guid(382a9af8b4bf2f5498adfe1fcdceaa4e) Importer(815301076,1909f56bfc062723c751e8b465ee728b)
Start importing Assets/Fishing Docks and Boats/Textures/TX_CoolerBox_01a_NRM.TGA using Guid(382a9af8b4bf2f5498adfe1fcdceaa4e) Importer(815301076,1909f56bfc062723c751e8b465ee728b)  -> (artifact id: '0bc5bca8c4b30e02afb3d8dc2696d7cc') in 0.040870 seconds
Number of updated asset objects reloaded before import = 0
Number of asset objects unloaded after import = 2
========================================================================
Received Import Request.
  Time since last request: 0.015607 seconds.
  path: Assets/Fishing Docks and Boats/Textures/TX_CoolerBox_01a_ORM.TGA
  artifactKey: Guid(95a39945db26c9b419b93dc01a50056d) Importer(815301076,1909f56bfc062723c751e8b465ee728b)
Start importing Assets/Fishing Docks and Boats/Textures/TX_CoolerBox_01a_ORM.TGA using Guid(95a39945db26c9b419b93dc01a50056d) Importer(815301076,1909f56bfc062723c751e8b465ee728b)  -> (artifact id: '334e82f6db339c9cf0a9bdf175bb5c0f') in 0.029531 seconds
Number of updated asset objects reloaded before import = 0
Number of asset objects unloaded after import = 2
========================================================================
Received Import Request.
  Time since last request: 1.029933 seconds.
  path: Assets/Fishing Docks and Boats/Textures/TX_FishingNet_01a_OPC.BMP
  artifactKey: Guid(0f3a5a5b1f5452b49846c7a294f44727) Importer(815301076,1909f56bfc062723c751e8b465ee728b)
Start importing Assets/Fishing Docks and Boats/Textures/TX_FishingNet_01a_OPC.BMP using Guid(0f3a5a5b1f5452b49846c7a294f44727) Importer(815301076,1909f56bfc062723c751e8b465ee728b)  -> (artifact id: 'f9b23904bec3b6e342c455e1dea641ed') in 0.045203 seconds
Number of updated asset objects reloaded before import = 0
Number of asset objects unloaded after import = 2
========================================================================
Received Import Request.
  Time since last request: 0.000013 seconds.
  path: Assets/Fishing Docks and Boats/Textures/TX_PoleNet_01a_ORM.TGA
  artifactKey: Guid(c595098d293014b4d956e034b58cf617) Importer(815301076,1909f56bfc062723c751e8b465ee728b)
Start importing Assets/Fishing Docks and Boats/Textures/TX_PoleNet_01a_ORM.TGA using Guid(c595098d293014b4d956e034b58cf617) Importer(815301076,1909f56bfc062723c751e8b465ee728b)  -> (artifact id: 'd0fa69709a3e287ba19de01a0e46b438') in 0.024277 seconds
Number of updated asset objects reloaded before import = 0
Number of asset objects unloaded after import = 2
========================================================================
Received Import Request.
  Time since last request: 0.000017 seconds.
  path: Assets/Fishing Docks and Boats/Textures/TX_SM_FishingBoots_01a_DIF.TGA
  artifactKey: Guid(cbe09c75af290b4428c432052efb6ee0) Importer(815301076,1909f56bfc062723c751e8b465ee728b)
Start importing Assets/Fishing Docks and Boats/Textures/TX_SM_FishingBoots_01a_DIF.TGA using Guid(cbe09c75af290b4428c432052efb6ee0) Importer(815301076,1909f56bfc062723c751e8b465ee728b)  -> (artifact id: 'e077c8c04228811b7badce1fdb3b8db9') in 0.017093 seconds
Number of updated asset objects reloaded before import = 0
Number of asset objects unloaded after import = 2
========================================================================
Received Import Request.
  Time since last request: 0.000009 seconds.
  path: Assets/Fishing Docks and Boats/Textures/TX_SM_FishingBoots_01a_ORM.TGA
  artifactKey: Guid(f1d23e7bab70f0f4ebe33960aa6d69f5) Importer(815301076,1909f56bfc062723c751e8b465ee728b)
Start importing Assets/Fishing Docks and Boats/Textures/TX_SM_FishingBoots_01a_ORM.TGA using Guid(f1d23e7bab70f0f4ebe33960aa6d69f5) Importer(815301076,1909f56bfc062723c751e8b465ee728b)  -> (artifact id: '30576a53cde29da31dbeeed9c69c0400') in 0.010866 seconds
Number of updated asset objects reloaded before import = 0
Number of asset objects unloaded after import = 2
========================================================================
Received Import Request.
  Time since last request: 0.004937 seconds.
  path: Assets/PlayMaker/Editor/Watermarks/Upload.png
  artifactKey: Guid(816c57d588a2ae143a0e1f9e5029eadb) Importer(815301076,1909f56bfc062723c751e8b465ee728b)
Start importing Assets/PlayMaker/Editor/Watermarks/Upload.png using Guid(816c57d588a2ae143a0e1f9e5029eadb) Importer(815301076,1909f56bfc062723c751e8b465ee728b)  -> (artifact id: 'b81dc4f959abfee1ba8518fdb69c3280') in 0.010420 seconds
Number of updated asset objects reloaded before import = 0
Number of asset objects unloaded after import = 2
========================================================================
Received Import Request.
  Time since last request: 0.148055 seconds.
  path: Assets/PlayMaker/Editor/Watermarks/WorldWireframe.png
  artifactKey: Guid(15306e0de1b3a0046b1fd3c5dc399ef9) Importer(815301076,1909f56bfc062723c751e8b465ee728b)
Start importing Assets/PlayMaker/Editor/Watermarks/WorldWireframe.png using Guid(15306e0de1b3a0046b1fd3c5dc399ef9) Importer(815301076,1909f56bfc062723c751e8b465ee728b)  -> (artifact id: '35a5d64f263cfdb04d4e432846cdfa1f') in 0.021545 seconds
Number of updated asset objects reloaded before import = 0
Number of asset objects unloaded after import = 2
========================================================================
Received Import Request.
  Time since last request: 8.302680 seconds.
  path: Assets/Fishing Docks and Boats/Textures/TX_Tyre_OPC.BMP
  artifactKey: Guid(4b16094056c53a343a3ca63411888fb3) Importer(815301076,1909f56bfc062723c751e8b465ee728b)
Start importing Assets/Fishing Docks and Boats/Textures/TX_Tyre_OPC.BMP using Guid(4b16094056c53a343a3ca63411888fb3) Importer(815301076,1909f56bfc062723c751e8b465ee728b)  -> (artifact id: 'cb03bb0188c10471008ffdeaaff4980e') in 0.031125 seconds
Number of updated asset objects reloaded before import = 0
Number of asset objects unloaded after import = 2
========================================================================
Received Import Request.
  Time since last request: 0.000010 seconds.
  path: Assets/Fishing Docks and Boats/Textures/TX_Tyre_NRM.TGA
  artifactKey: Guid(573e04bc268b92b419e27453fb85693e) Importer(815301076,1909f56bfc062723c751e8b465ee728b)
Start importing Assets/Fishing Docks and Boats/Textures/TX_Tyre_NRM.TGA using Guid(573e04bc268b92b419e27453fb85693e) Importer(815301076,1909f56bfc062723c751e8b465ee728b)  -> (artifact id: '733bd63d805357909ecc50461d31089c') in 0.017139 seconds
Number of updated asset objects reloaded before import = 0
Number of asset objects unloaded after import = 2
========================================================================
Received Import Request.
  Time since last request: 0.207285 seconds.
  path: Assets/Fishing Docks and Boats/Textures/TX_SM_TackleBox_01a_NRM.TGA
  artifactKey: Guid(1284e2eae897abf4488f4bc5de2b7a75) Importer(815301076,1909f56bfc062723c751e8b465ee728b)
Start importing Assets/Fishing Docks and Boats/Textures/TX_SM_TackleBox_01a_NRM.TGA using Guid(1284e2eae897abf4488f4bc5de2b7a75) Importer(815301076,1909f56bfc062723c751e8b465ee728b)  -> (artifact id: 'bae198bc73eef9d7bebe12bcbe50a73b') in 0.021706 seconds
Number of updated asset objects reloaded before import = 0
Number of asset objects unloaded after import = 2
========================================================================
Received Import Request.
  Time since last request: 0.028992 seconds.
  path: Assets/Fishing Docks and Boats/Textures/TX_SM_TackleBox_01a_DIF.TGA
  artifactKey: Guid(4c34bffa1174f014dae0c377c786ce57) Importer(815301076,1909f56bfc062723c751e8b465ee728b)
Start importing Assets/Fishing Docks and Boats/Textures/TX_SM_TackleBox_01a_DIF.TGA using Guid(4c34bffa1174f014dae0c377c786ce57) Importer(815301076,1909f56bfc062723c751e8b465ee728b)  -> (artifact id: 'c8c9c0136cfbc04aad6e7b22a877d943') in 0.017528 seconds
Number of updated asset objects reloaded before import = 0
Number of asset objects unloaded after import = 2
========================================================================
Received Import Request.
  Time since last request: 0.027582 seconds.
  path: Assets/Fishing Docks and Boats/Textures/TX_SM_Rope_01a_NRM.TGA
  artifactKey: Guid(79caaaac1d7e7ad43a799178520ea63c) Importer(815301076,1909f56bfc062723c751e8b465ee728b)
Start importing Assets/Fishing Docks and Boats/Textures/TX_SM_Rope_01a_NRM.TGA using Guid(79caaaac1d7e7ad43a799178520ea63c) Importer(815301076,1909f56bfc062723c751e8b465ee728b)  -> (artifact id: 'a2843903334174f2bbc699ca046e305f') in 0.015247 seconds
Number of updated asset objects reloaded before import = 0
Number of asset objects unloaded after import = 2
========================================================================
Received Import Request.
  Time since last request: 0.221621 seconds.
  path: Assets/Fishing Docks and Boats/Textures/TX_SM_Lifering_01a_ORM.TGA
  artifactKey: Guid(c4ba7c3bb8867e54f9d9e5dd87a0b3ac) Importer(815301076,1909f56bfc062723c751e8b465ee728b)
Start importing Assets/Fishing Docks and Boats/Textures/TX_SM_Lifering_01a_ORM.TGA using Guid(c4ba7c3bb8867e54f9d9e5dd87a0b3ac) Importer(815301076,1909f56bfc062723c751e8b465ee728b)  -> (artifact id: 'f65edd7ff92dda34dfd00daf0c339148') in 0.021675 seconds
Number of updated asset objects reloaded before import = 0
Number of asset objects unloaded after import = 2
========================================================================
Received Import Request.
  Time since last request: 0.001899 seconds.
  path: Assets/Fishing Docks and Boats/Textures/TX_SM_Lifering_01a_MASK.BMP
  artifactKey: Guid(8ce1551896da3524c8890f6773bc7b5a) Importer(815301076,1909f56bfc062723c751e8b465ee728b)
Start importing Assets/Fishing Docks and Boats/Textures/TX_SM_Lifering_01a_MASK.BMP using Guid(8ce1551896da3524c8890f6773bc7b5a) Importer(815301076,1909f56bfc062723c751e8b465ee728b)  -> (artifact id: 'a058c328834d42fb45482f5f1c290309') in 0.012405 seconds
Number of updated asset objects reloaded before import = 0
Number of asset objects unloaded after import = 2
========================================================================
Received Import Request.
  Time since last request: 0.044899 seconds.
  path: Assets/Fishing Docks and Boats/Textures/TX_SM_Lifering_01a_DIF.TGA
  artifactKey: Guid(c7ebace0fa672974e8b1714514361377) Importer(815301076,1909f56bfc062723c751e8b465ee728b)
Start importing Assets/Fishing Docks and Boats/Textures/TX_SM_Lifering_01a_DIF.TGA using Guid(c7ebace0fa672974e8b1714514361377) Importer(815301076,1909f56bfc062723c751e8b465ee728b)  -> (artifact id: 'c6abdefe556d8a226dca73722afd01ca') in 0.015234 seconds
Number of updated asset objects reloaded before import = 0
Number of asset objects unloaded after import = 2
========================================================================
Received Import Request.
  Time since last request: 0.534530 seconds.
  path: Assets/Fishing Docks and Boats/Textures/TX_PoleNet_01a_DIF.TGA
  artifactKey: Guid(80416131fa8b8ea4397923eca4334e31) Importer(815301076,1909f56bfc062723c751e8b465ee728b)
Start importing Assets/Fishing Docks and Boats/Textures/TX_PoleNet_01a_DIF.TGA using Guid(80416131fa8b8ea4397923eca4334e31) Importer(815301076,1909f56bfc062723c751e8b465ee728b)  -> (artifact id: '38aa4bbc8dc3774f64b0e27b1b859d58') in 0.036938 seconds
Number of updated asset objects reloaded before import = 0
Number of asset objects unloaded after import = 2
========================================================================
Received Import Request.
  Time since last request: 0.029410 seconds.
  path: Assets/Fishing Docks and Boats/Textures/TX_PlasticBarrel_01a_NRM.TGA
  artifactKey: Guid(663df3913868c15428d8cd141bb72d30) Importer(815301076,1909f56bfc062723c751e8b465ee728b)
Start importing Assets/Fishing Docks and Boats/Textures/TX_PlasticBarrel_01a_NRM.TGA using Guid(663df3913868c15428d8cd141bb72d30) Importer(815301076,1909f56bfc062723c751e8b465ee728b)  -> (artifact id: '19e4fa17bf70be6e73df447e608eed19') in 0.049824 seconds
Number of updated asset objects reloaded before import = 0
Number of asset objects unloaded after import = 2
========================================================================
Received Import Request.
  Time since last request: 0.168515 seconds.
  path: Assets/Fishing Docks and Boats/Textures/TX_Oar_ORM.TGA
  artifactKey: Guid(7565f9a0142c2f34ab11088a4cb89e45) Importer(815301076,1909f56bfc062723c751e8b465ee728b)
Start importing Assets/Fishing Docks and Boats/Textures/TX_Oar_ORM.TGA using Guid(7565f9a0142c2f34ab11088a4cb89e45) Importer(815301076,1909f56bfc062723c751e8b465ee728b)  -> (artifact id: '1a0d12c67d06b0ee6954f379a9660843') in 0.031089 seconds
Number of updated asset objects reloaded before import = 0
Number of asset objects unloaded after import = 2
========================================================================
Received Import Request.
  Time since last request: 0.001563 seconds.
  path: Assets/Fishing Docks and Boats/Textures/TX_Oar_NRM.TGA
  artifactKey: Guid(e1c52e078f160f4418f86b2c0469f0dd) Importer(815301076,1909f56bfc062723c751e8b465ee728b)
Start importing Assets/Fishing Docks and Boats/Textures/TX_Oar_NRM.TGA using Guid(e1c52e078f160f4418f86b2c0469f0dd) Importer(815301076,1909f56bfc062723c751e8b465ee728b)  -> (artifact id: '54bbb8fc7612c806f8a031aa7cbabd7b') in 0.017576 seconds
Number of updated asset objects reloaded before import = 0
Number of asset objects unloaded after import = 2
========================================================================
Received Import Request.
  Time since last request: 0.215731 seconds.
  path: Assets/Fishing Docks and Boats/Textures/TX_FlareGun_01a_NRM.TGA
  artifactKey: Guid(a75bbf35615fb2c4a9db437186e9a72e) Importer(815301076,1909f56bfc062723c751e8b465ee728b)
Start importing Assets/Fishing Docks and Boats/Textures/TX_FlareGun_01a_NRM.TGA using Guid(a75bbf35615fb2c4a9db437186e9a72e) Importer(815301076,1909f56bfc062723c751e8b465ee728b)  -> (artifact id: 'ebdb8dda78af5da4c441500b5e6a74b8') in 0.119180 seconds
Number of updated asset objects reloaded before import = 0
Number of asset objects unloaded after import = 2
========================================================================
Received Import Request.
  Time since last request: 2.025501 seconds.
  path: Assets/UniGLTF/doc/SciFiHelmet.png
  artifactKey: Guid(af8ae648cfa51a340ac40fe7462cab62) Importer(815301076,1909f56bfc062723c751e8b465ee728b)
Start importing Assets/UniGLTF/doc/SciFiHelmet.png using Guid(af8ae648cfa51a340ac40fe7462cab62) Importer(815301076,1909f56bfc062723c751e8b465ee728b)  -> (artifact id: '41874f743b9f3247f5035217610fa74f') in 0.012666 seconds
Number of updated asset objects reloaded before import = 0
Number of asset objects unloaded after import = 2
========================================================================
Received Import Request.
  Time since last request: 0.000273 seconds.
  path: Assets/Fishing Docks and Boats/Scenes/Example/ReflectionProbe-0.exr
  artifactKey: Guid(eddf6a977840e0c479a461f4a4e65022) Importer(815301076,1909f56bfc062723c751e8b465ee728b)
Start importing Assets/Fishing Docks and Boats/Scenes/Example/ReflectionProbe-0.exr using Guid(eddf6a977840e0c479a461f4a4e65022) Importer(815301076,1909f56bfc062723c751e8b465ee728b)  -> (artifact id: '6dabca66a2a57a0963c6bf6125252d6f') in 0.021767 seconds
Number of updated asset objects reloaded before import = 0
Number of asset objects unloaded after import = 1
========================================================================
Received Import Request.
  Time since last request: 0.000847 seconds.
  path: Assets/PlayMaker/Editor/Watermarks/Recycle.png
  artifactKey: Guid(3754686a58be853478158a0568fc527b) Importer(815301076,1909f56bfc062723c751e8b465ee728b)
Start importing Assets/PlayMaker/Editor/Watermarks/Recycle.png using Guid(3754686a58be853478158a0568fc527b) Importer(815301076,1909f56bfc062723c751e8b465ee728b)  -> (artifact id: 'e790b62424bac33430fc70d5243b1828') in 0.010742 seconds
Number of updated asset objects reloaded before import = 0
Number of asset objects unloaded after import = 2
========================================================================
Received Import Request.
  Time since last request: 0.577480 seconds.
  path: Assets/PlayMaker/Editor/Watermarks/PowerOn.png
  artifactKey: Guid(c44def74e220813499b0ef77f81f47b1) Importer(815301076,1909f56bfc062723c751e8b465ee728b)
Start importing Assets/PlayMaker/Editor/Watermarks/PowerOn.png using Guid(c44def74e220813499b0ef77f81f47b1) Importer(815301076,1909f56bfc062723c751e8b465ee728b)  -> (artifact id: 'a0c652356bf99fcedaa825e3f2b59716') in 0.013261 seconds
Number of updated asset objects reloaded before import = 0
Number of asset objects unloaded after import = 2
========================================================================
Received Import Request.
  Time since last request: 0.001860 seconds.
  path: Assets/PlayMaker/Editor/Watermarks/Postcard.png
  artifactKey: Guid(1bb3725e0549a0f4fba48a76e52b3faf) Importer(815301076,1909f56bfc062723c751e8b465ee728b)
Start importing Assets/PlayMaker/Editor/Watermarks/Postcard.png using Guid(1bb3725e0549a0f4fba48a76e52b3faf) Importer(815301076,1909f56bfc062723c751e8b465ee728b)  -> (artifact id: 'acda14d426e12498ab92ab4039764e76') in 0.010649 seconds
Number of updated asset objects reloaded before import = 0
Number of asset objects unloaded after import = 2
========================================================================
Received Import Request.
  Time since last request: 0.021592 seconds.
  path: Assets/Gizmos/PlayMakerPrefs Icon.png
  artifactKey: Guid(70b5f8288a5c3a64b9b1bc002bcf0c28) Importer(815301076,1909f56bfc062723c751e8b465ee728b)
Start importing Assets/Gizmos/PlayMakerPrefs Icon.png using Guid(70b5f8288a5c3a64b9b1bc002bcf0c28) Importer(815301076,1909f56bfc062723c751e8b465ee728b)  -> (artifact id: '6cd447ba523e3b1c2921ab8c6034c666') in 0.004822 seconds
Number of updated asset objects reloaded before import = 0
Number of asset objects unloaded after import = 2
========================================================================
Received Import Request.
  Time since last request: 0.016071 seconds.
  path: Assets/PlayMaker/Editor/Watermarks/playMakerLogo.png
  artifactKey: Guid(39389ad5c03bbaf4cb3903a9a7349bb9) Importer(815301076,1909f56bfc062723c751e8b465ee728b)
Start importing Assets/PlayMaker/Editor/Watermarks/playMakerLogo.png using Guid(39389ad5c03bbaf4cb3903a9a7349bb9) Importer(815301076,1909f56bfc062723c751e8b465ee728b)  -> (artifact id: '14c5694ac7aafc3a0930b68bd7f124d7') in 0.010269 seconds
Number of updated asset objects reloaded before import = 0
Number of asset objects unloaded after import = 2
========================================================================
Received Import Request.
  Time since last request: 0.025107 seconds.
  path: Assets/PlayMaker/Editor/Resources/playMakerHeader@2x.png
  artifactKey: Guid(a22a25ba50fcd9d409c46aa20650e971) Importer(815301076,1909f56bfc062723c751e8b465ee728b)
Start importing Assets/PlayMaker/Editor/Resources/playMakerHeader@2x.png using Guid(a22a25ba50fcd9d409c46aa20650e971) Importer(815301076,1909f56bfc062723c751e8b465ee728b)  -> (artifact id: 'dd20205edf2e6fd19e3ffe7a327d2b24') in 0.010718 seconds
Number of updated asset objects reloaded before import = 0
Number of asset objects unloaded after import = 2
========================================================================
Received Import Request.
  Time since last request: 0.034952 seconds.
  path: Assets/Gizmos/PlayMakerGUI Icon.png
  artifactKey: Guid(2c7db6fc3f6ab6b429b6a3924d3820eb) Importer(815301076,1909f56bfc062723c751e8b465ee728b)
Start importing Assets/Gizmos/PlayMakerGUI Icon.png using Guid(2c7db6fc3f6ab6b429b6a3924d3820eb) Importer(815301076,1909f56bfc062723c751e8b465ee728b)  -> (artifact id: 'fcc78db0f71e2210b6756010ecf8b4bc') in 0.004318 seconds
Number of updated asset objects reloaded before import = 0
Number of asset objects unloaded after import = 2
========================================================================
Received Import Request.
  Time since last request: 0.007427 seconds.
  path: Assets/PlayMaker/Editor/Resources/playMakerHeader.png
  artifactKey: Guid(de9664222f1ad9d4ab391905753fb1bb) Importer(815301076,1909f56bfc062723c751e8b465ee728b)
Start importing Assets/PlayMaker/Editor/Resources/playMakerHeader.png using Guid(de9664222f1ad9d4ab391905753fb1bb) Importer(815301076,1909f56bfc062723c751e8b465ee728b)  -> (artifact id: '6929ea1f7a0ddedeb02d0acb87c39741') in 0.011595 seconds
Number of updated asset objects reloaded before import = 0
Number of asset objects unloaded after import = 2
========================================================================
Received Import Request.
  Time since last request: 0.005333 seconds.
  path: Assets/Gizmos/PlayMakerFSM Icon.png
  artifactKey: Guid(4889c347147d7844a93bbdd28089ce27) Importer(815301076,1909f56bfc062723c751e8b465ee728b)
Start importing Assets/Gizmos/PlayMakerFSM Icon.png using Guid(4889c347147d7844a93bbdd28089ce27) Importer(815301076,1909f56bfc062723c751e8b465ee728b)  -> (artifact id: '4dcafa3e39b7babc19223d5a83cf639a') in 0.004360 seconds
Number of updated asset objects reloaded before import = 0
Number of asset objects unloaded after import = 2
========================================================================
Received Import Request.
  Time since last request: 0.015330 seconds.
  path: Assets/PlayMaker/Editor/Watermarks/Players.png
  artifactKey: Guid(0cf2f0ec912e15e448197f6fb900be70) Importer(815301076,1909f56bfc062723c751e8b465ee728b)
Start importing Assets/PlayMaker/Editor/Watermarks/Players.png using Guid(0cf2f0ec912e15e448197f6fb900be70) Importer(815301076,1909f56bfc062723c751e8b465ee728b)  -> (artifact id: 'c243b62dd6fc85870aa97cfbfb0eadad') in 0.012167 seconds
Number of updated asset objects reloaded before import = 0
Number of asset objects unloaded after import = 2
========================================================================
Received Import Request.
  Time since last request: 0.460286 seconds.
  path: Assets/PlayMaker/Editor/Watermarks/Player.png
  artifactKey: Guid(d6fff8f37b41c2c4f9ad1d4682bd0744) Importer(815301076,1909f56bfc062723c751e8b465ee728b)
Start importing Assets/PlayMaker/Editor/Watermarks/Player.png using Guid(d6fff8f37b41c2c4f9ad1d4682bd0744) Importer(815301076,1909f56bfc062723c751e8b465ee728b)  -> (artifact id: '16a50502ad73fd934fe7ae9cbc5030bb') in 0.010065 seconds
Number of updated asset objects reloaded before import = 0
Number of asset objects unloaded after import = 2
========================================================================
Received Import Request.
  Time since last request: 0.037243 seconds.
  path: Assets/PlayMaker/Editor/Watermarks/MushroomCloud.png
  artifactKey: Guid(b6610169865943f47b0cf7c97de4c201) Importer(815301076,1909f56bfc062723c751e8b465ee728b)
Start importing Assets/PlayMaker/Editor/Watermarks/MushroomCloud.png using Guid(b6610169865943f47b0cf7c97de4c201) Importer(815301076,1909f56bfc062723c751e8b465ee728b)  -> (artifact id: '0cf1cbdc6852705317ba2a852cb03a68') in 0.009868 seconds
Number of updated asset objects reloaded before import = 0
Number of asset objects unloaded after import = 2
========================================================================
Received Import Request.
  Time since last request: 0.002018 seconds.
  path: Assets/3D/Ota/MOSHED-2024-7-15-12-0-10-2jpg.jpg
  artifactKey: Guid(4959aabc4c63c204da83c72f3c2402c3) Importer(815301076,1909f56bfc062723c751e8b465ee728b)
Start importing Assets/3D/Ota/MOSHED-2024-7-15-12-0-10-2jpg.jpg using Guid(4959aabc4c63c204da83c72f3c2402c3) Importer(815301076,1909f56bfc062723c751e8b465ee728b)  -> (artifact id: '0f1a2522b44bc2262cbd19fd912838e8') in 0.013748 seconds
Number of updated asset objects reloaded before import = 0
Number of asset objects unloaded after import = 2
========================================================================
Received Import Request.
  Time since last request: 0.023227 seconds.
  path: Assets/PlayMaker/Editor/Watermarks/Missiles.png
  artifactKey: Guid(38568907486107c47aa3094fd28757b5) Importer(815301076,1909f56bfc062723c751e8b465ee728b)
Start importing Assets/PlayMaker/Editor/Watermarks/Missiles.png using Guid(38568907486107c47aa3094fd28757b5) Importer(815301076,1909f56bfc062723c751e8b465ee728b)  -> (artifact id: 'd24d8d7cd35f1a8249e9876e1565950f') in 0.008994 seconds
Number of updated asset objects reloaded before import = 0
Number of asset objects unloaded after import = 2
========================================================================
Received Import Request.
  Time since last request: 0.000412 seconds.
  path: Assets/UniGLTF/doc/metalroughness.png
  artifactKey: Guid(9562eeb01fd74dd45a551d868c32b1e6) Importer(815301076,1909f56bfc062723c751e8b465ee728b)
Start importing Assets/UniGLTF/doc/metalroughness.png using Guid(9562eeb01fd74dd45a551d868c32b1e6) Importer(815301076,1909f56bfc062723c751e8b465ee728b)  -> (artifact id: 'a5e40988f0149b0f3031ee9ff3985965') in 0.011107 seconds
Number of updated asset objects reloaded before import = 0
Number of asset objects unloaded after import = 2
========================================================================
Received Import Request.
  Time since last request: 0.359595 seconds.
  path: Assets/PlayMaker/Editor/Watermarks/Loop.png
  artifactKey: Guid(07134a7e6508040408a9d1f24eb1579e) Importer(815301076,1909f56bfc062723c751e8b465ee728b)
Start importing Assets/PlayMaker/Editor/Watermarks/Loop.png using Guid(07134a7e6508040408a9d1f24eb1579e) Importer(815301076,1909f56bfc062723c751e8b465ee728b)  -> (artifact id: 'ad59d7db8a9fbd4cb7d5139e3c3ada33') in 0.016431 seconds
Number of updated asset objects reloaded before import = 0
Number of asset objects unloaded after import = 2
========================================================================
Received Import Request.
  Time since last request: 0.000090 seconds.
  path: Assets/PlayMaker/Editor/Resources/logoHeader@2x.png
  artifactKey: Guid(b54475dee9a838b4594451ae43b03bf7) Importer(815301076,1909f56bfc062723c751e8b465ee728b)
Start importing Assets/PlayMaker/Editor/Resources/logoHeader@2x.png using Guid(b54475dee9a838b4594451ae43b03bf7) Importer(815301076,1909f56bfc062723c751e8b465ee728b)  -> (artifact id: '9d23a4caed8c43dbc5f4ebed1b4bc2d5') in 0.010108 seconds
Number of updated asset objects reloaded before import = 0
Number of asset objects unloaded after import = 2
========================================================================
Received Import Request.
  Time since last request: 0.007687 seconds.
  path: Assets/PlayMaker/Editor/Resources/linkSamples.png
  artifactKey: Guid(7b8554e124fc8af40a2db0b397c948d3) Importer(815301076,1909f56bfc062723c751e8b465ee728b)
Start importing Assets/PlayMaker/Editor/Resources/linkSamples.png using Guid(7b8554e124fc8af40a2db0b397c948d3) Importer(815301076,1909f56bfc062723c751e8b465ee728b)  -> (artifact id: 'cc2d0507235a8255c6fc22ee78206754') in 0.007347 seconds
Number of updated asset objects reloaded before import = 0
Number of asset objects unloaded after import = 2
========================================================================
Received Import Request.
  Time since last request: 0.002659 seconds.
  path: Assets/PlayMaker/Editor/Resources/linkUpdate@2x.png
  artifactKey: Guid(631211158f370c34abcb39fa2f482695) Importer(815301076,1909f56bfc062723c751e8b465ee728b)
Start importing Assets/PlayMaker/Editor/Resources/linkUpdate@2x.png using Guid(631211158f370c34abcb39fa2f482695) Importer(815301076,1909f56bfc062723c751e8b465ee728b)  -> (artifact id: '49752619d5238b8e6b915541c69e1b09') in 0.009240 seconds
Number of updated asset objects reloaded before import = 0
Number of asset objects unloaded after import = 2
========================================================================
Received Import Request.
  Time since last request: 0.027281 seconds.
  path: Assets/Fishing Docks and Boats/Scenes/Example/Lightmap-0_comp_dir.png
  artifactKey: Guid(8aed9b2872fd5f6408ccc205c57f0bd9) Importer(815301076,1909f56bfc062723c751e8b465ee728b)
Start importing Assets/Fishing Docks and Boats/Scenes/Example/Lightmap-0_comp_dir.png using Guid(8aed9b2872fd5f6408ccc205c57f0bd9) Importer(815301076,1909f56bfc062723c751e8b465ee728b)  -> (artifact id: 'd9816420ae2077a42db1d06f08872184') in 0.040105 seconds
Number of updated asset objects reloaded before import = 0
Number of asset objects unloaded after import = 2
========================================================================
Received Import Request.
  Time since last request: 0.015145 seconds.
  path: Assets/Fishing Docks and Boats/Scenes/Example/Lightmap-1_comp_light.exr
  artifactKey: Guid(0ef1d0f3ac629ed4d9e0cd103f8264d9) Importer(815301076,1909f56bfc062723c751e8b465ee728b)
Start importing Assets/Fishing Docks and Boats/Scenes/Example/Lightmap-1_comp_light.exr using Guid(0ef1d0f3ac629ed4d9e0cd103f8264d9) Importer(815301076,1909f56bfc062723c751e8b465ee728b)  -> (artifact id: 'e50871a514be06ad571c9053a77d141e') in 0.072296 seconds
Number of updated asset objects reloaded before import = 0
Number of asset objects unloaded after import = 2
========================================================================
Received Import Request.
  Time since last request: 0.000017 seconds.
  path: Assets/Fishing Docks and Boats/Scenes/Example/Lightmap-3_comp_dir.png
  artifactKey: Guid(81053b1885878164ab658cc754af677f) Importer(815301076,1909f56bfc062723c751e8b465ee728b)
Start importing Assets/Fishing Docks and Boats/Scenes/Example/Lightmap-3_comp_dir.png using Guid(81053b1885878164ab658cc754af677f) Importer(815301076,1909f56bfc062723c751e8b465ee728b)  -> (artifact id: '4ea328c86514ce7f116b148d08cd0c7b') in 0.061039 seconds
Number of updated asset objects reloaded before import = 0
Number of asset objects unloaded after import = 2
========================================================================
Received Import Request.
  Time since last request: 0.007469 seconds.
  path: Assets/PlayMaker/Editor/Watermarks/GUISlider.png
  artifactKey: Guid(dc6822d89dddd4741b77cc4b63547f35) Importer(815301076,1909f56bfc062723c751e8b465ee728b)
Start importing Assets/PlayMaker/Editor/Watermarks/GUISlider.png using Guid(dc6822d89dddd4741b77cc4b63547f35) Importer(815301076,1909f56bfc062723c751e8b465ee728b)  -> (artifact id: 'a338e21bfcf51bf5d5a721afecac8055') in 0.008408 seconds
Number of updated asset objects reloaded before import = 0
Number of asset objects unloaded after import = 2
========================================================================
Received Import Request.
  Time since last request: 0.003567 seconds.
  path: Assets/PlayMaker/Editor/Watermarks/Hierarchy.png
  artifactKey: Guid(d60582facecebbc4e8db4390938f171f) Importer(815301076,1909f56bfc062723c751e8b465ee728b)
Start importing Assets/PlayMaker/Editor/Watermarks/Hierarchy.png using Guid(d60582facecebbc4e8db4390938f171f) Importer(815301076,1909f56bfc062723c751e8b465ee728b)  -> (artifact id: '40a1c7754c482a5320b598e2a2cb9609') in 0.010097 seconds
Number of updated asset objects reloaded before import = 0
Number of asset objects unloaded after import = 2
========================================================================
Received Import Request.
  Time since last request: 0.744219 seconds.
  path: Assets/STYLY_Plugin/STYLY_InteractionSDK/Simulator/UI/guide_key.png
  artifactKey: Guid(421ff30b874558d4bac69efb633c60ad) Importer(815301076,1909f56bfc062723c751e8b465ee728b)
Start importing Assets/STYLY_Plugin/STYLY_InteractionSDK/Simulator/UI/guide_key.png using Guid(421ff30b874558d4bac69efb633c60ad) Importer(815301076,1909f56bfc062723c751e8b465ee728b)  -> (artifact id: '21953981c8ad7434cf7827bb3e6ec149') in 0.023401 seconds
Number of updated asset objects reloaded before import = 0
Number of asset objects unloaded after import = 3
========================================================================
Received Import Request.
  Time since last request: 0.070977 seconds.
  path: Assets/PlayMaker/Editor/Watermarks/Explosion.png
  artifactKey: Guid(5d1d437313aa5b44784afaeac8402377) Importer(815301076,1909f56bfc062723c751e8b465ee728b)
Start importing Assets/PlayMaker/Editor/Watermarks/Explosion.png using Guid(5d1d437313aa5b44784afaeac8402377) Importer(815301076,1909f56bfc062723c751e8b465ee728b)  -> (artifact id: 'b4a4ddabcad97cc65ad9b86a15cf4cf7') in 0.012663 seconds
Number of updated asset objects reloaded before import = 0
Number of asset objects unloaded after import = 2
========================================================================
Received Import Request.
  Time since last request: 0.480429 seconds.
  path: Assets/3D/FujitoWork/08_other/Fukidashi/e1543_1.png
  artifactKey: Guid(517d3262a1fb4e24b93e00eb0ccff378) Importer(815301076,1909f56bfc062723c751e8b465ee728b)
Start importing Assets/3D/FujitoWork/08_other/Fukidashi/e1543_1.png using Guid(517d3262a1fb4e24b93e00eb0ccff378) Importer(815301076,1909f56bfc062723c751e8b465ee728b)  -> (artifact id: '47ca8eee8a3979c304cdfd05d281e7cf') in 0.021476 seconds
Number of updated asset objects reloaded before import = 0
Number of asset objects unloaded after import = 3
========================================================================
Received Import Request.
  Time since last request: 6.906554 seconds.
  path: Assets/STYLY_Plugin/STYLY_Playmaker_CustomActions/StylyService/DummyImpls/DummyVideoPlayer/Textures/dummy_video_player_general_error.png
  artifactKey: Guid(def9c7e9dda642e4eb9ec9dcfbb7c81e) Importer(815301076,1909f56bfc062723c751e8b465ee728b)
Start importing Assets/STYLY_Plugin/STYLY_Playmaker_CustomActions/StylyService/DummyImpls/DummyVideoPlayer/Textures/dummy_video_player_general_error.png using Guid(def9c7e9dda642e4eb9ec9dcfbb7c81e) Importer(815301076,1909f56bfc062723c751e8b465ee728b)  -> (artifact id: '1f21bf1b9882836d56de6de2281a87d2') in 0.023604 seconds
Number of updated asset objects reloaded before import = 0
Number of asset objects unloaded after import = 2
========================================================================
Received Import Request.
  Time since last request: 130.551092 seconds.
  path: Assets/sw_oz.unity
  artifactKey: Guid(1ef3f06ade4578147a5565c31f7d8f84) Importer(2089858483,0ecaa5967403d082aa24f35e1b516d23)
Start importing Assets/sw_oz.unity using Guid(1ef3f06ade4578147a5565c31f7d8f84) Importer(2089858483,0ecaa5967403d082aa24f35e1b516d23)  -> (artifact id: '67f1594c9eb28465165de001385992c0') in 0.050226 seconds
Number of updated asset objects reloaded before import = 0
Number of asset objects unloaded after import = 1
========================================================================
Received Import Request.
  Time since last request: 0.005463 seconds.
  path: Assets/Gizmos/PlayMakerGlobals Icon.png
  artifactKey: Guid(60204a42898e09e44afa4f4ca5ed1da1) Importer(2089858483,0ecaa5967403d082aa24f35e1b516d23)
Start importing Assets/Gizmos/PlayMakerGlobals Icon.png using Guid(60204a42898e09e44afa4f4ca5ed1da1) Importer(2089858483,0ecaa5967403d082aa24f35e1b516d23)  -> (artifact id: 'e916de0ad4c6ee3f5ffdd1684ef972e8') in 0.086736 seconds
Number of updated asset objects reloaded before import = 0
Number of asset objects unloaded after import = 1
========================================================================
Received Import Request.
  Time since last request: 0.000063 seconds.
  path: Assets/Fishing Docks and Boats/Models/SM_CoolerBox_01a.fbx
  artifactKey: Guid(c66140236a1103e4f85512d44c3aa70d) Importer(2089858483,0ecaa5967403d082aa24f35e1b516d23)
Start importing Assets/Fishing Docks and Boats/Models/SM_CoolerBox_01a.fbx using Guid(c66140236a1103e4f85512d44c3aa70d) Importer(2089858483,0ecaa5967403d082aa24f35e1b516d23)  -> (artifact id: 'd2a6d29c03890118b73b82299451cc6f') in 0.075444 seconds
Number of updated asset objects reloaded before import = 0
Number of asset objects unloaded after import = 7
========================================================================
Received Import Request.
  Time since last request: 0.000031 seconds.
  path: Assets/Fishing Docks and Boats/Materials/M_Coolerbox.mat
  artifactKey: Guid(779761d1a3a25ff4f87cdef64ee91ced) Importer(2089858483,0ecaa5967403d082aa24f35e1b516d23)
Start importing Assets/Fishing Docks and Boats/Materials/M_Coolerbox.mat using Guid(779761d1a3a25ff4f87cdef64ee91ced) Importer(2089858483,0ecaa5967403d082aa24f35e1b516d23)  -> (artifact id: 'a925f03d0386034c25b81857372a4995') in 0.027871 seconds
Number of updated asset objects reloaded before import = 0
Number of asset objects unloaded after import = 1
========================================================================
Received Import Request.
  Time since last request: 0.000033 seconds.
  path: Assets/Fishing Docks and Boats/Models/SM_BaitBox_01a.fbx
  artifactKey: Guid(d8c4228c48527cf49b2a17f1e9f13e5a) Importer(2089858483,0ecaa5967403d082aa24f35e1b516d23)
Start importing Assets/Fishing Docks and Boats/Models/SM_BaitBox_01a.fbx using Guid(d8c4228c48527cf49b2a17f1e9f13e5a) Importer(2089858483,0ecaa5967403d082aa24f35e1b516d23)  -> (artifact id: '81a3a902bbdcbff10750c7f3dab69d77') in 0.030682 seconds
Number of updated asset objects reloaded before import = 0
Number of asset objects unloaded after import = 7
========================================================================
Received Import Request.
  Time since last request: 0.000016 seconds.
  path: Assets/Fishing Docks and Boats/Models/SM_CoolerBox_01d.fbx
  artifactKey: Guid(b817133f023216a4abc1c7e0a88d9577) Importer(2089858483,0ecaa5967403d082aa24f35e1b516d23)
Start importing Assets/Fishing Docks and Boats/Models/SM_CoolerBox_01d.fbx using Guid(b817133f023216a4abc1c7e0a88d9577) Importer(2089858483,0ecaa5967403d082aa24f35e1b516d23)  -> (artifact id: '5176db7677149fdd776edf00f74093c8') in 0.026940 seconds
Number of updated asset objects reloaded before import = 0
Number of asset objects unloaded after import = 7
========================================================================
Received Import Request.
  Time since last request: 0.000016 seconds.
  path: Assets/Fishing Docks and Boats/Models/SM_TyreChain_01a.fbx
  artifactKey: Guid(9cb0c2ec1c5a4fe4d9d68d415a5d4132) Importer(2089858483,0ecaa5967403d082aa24f35e1b516d23)
Start importing Assets/Fishing Docks and Boats/Models/SM_TyreChain_01a.fbx using Guid(9cb0c2ec1c5a4fe4d9d68d415a5d4132) Importer(2089858483,0ecaa5967403d082aa24f35e1b516d23)  -> (artifact id: '846d395bc005a0263688a8971cb84d36') in 0.029714 seconds
Number of updated asset objects reloaded before import = 0
Number of asset objects unloaded after import = 7
========================================================================
Received Import Request.
  Time since last request: 0.000017 seconds.
  path: Assets/STYLY_Plugin/PluginUpdateNotifierSettings.asset
  artifactKey: Guid(5f314f72fa3521f4fadab10094dcadf9) Importer(2089858483,0ecaa5967403d082aa24f35e1b516d23)
Start importing Assets/STYLY_Plugin/PluginUpdateNotifierSettings.asset using Guid(5f314f72fa3521f4fadab10094dcadf9) Importer(2089858483,0ecaa5967403d082aa24f35e1b516d23)  -> (artifact id: 'e2c2ed33eabbdd38b7198feaa4457ecf') in 0.029319 seconds
Number of updated asset objects reloaded before import = 0
Number of asset objects unloaded after import = 1
========================================================================
Received Import Request.
  Time since last request: 0.000020 seconds.
  path: Assets/Fishing Docks and Boats/Models/SM_DockAnchor_01a.fbx
  artifactKey: Guid(db94431814ad62c45a7df9c3652762dd) Importer(2089858483,0ecaa5967403d082aa24f35e1b516d23)
Start importing Assets/Fishing Docks and Boats/Models/SM_DockAnchor_01a.fbx using Guid(db94431814ad62c45a7df9c3652762dd) Importer(2089858483,0ecaa5967403d082aa24f35e1b516d23)  -> (artifact id: 'a906f0ffad2f3d533a413e53a28cb41b') in 0.033491 seconds
Number of updated asset objects reloaded before import = 0
Number of asset objects unloaded after import = 7
========================================================================
Received Import Request.
  Time since last request: 0.000015 seconds.
  path: Assets/Fishing Docks and Boats/Models/SM_FishingBoots_01a.fbx
  artifactKey: Guid(10c0cab64dc282d4b9a8c8b5eb6415df) Importer(2089858483,0ecaa5967403d082aa24f35e1b516d23)
Start importing Assets/Fishing Docks and Boats/Models/SM_FishingBoots_01a.fbx using Guid(10c0cab64dc282d4b9a8c8b5eb6415df) Importer(2089858483,0ecaa5967403d082aa24f35e1b516d23)  -> (artifact id: 'a9c0b398d2df745264ba3c334817964b') in 0.025925 seconds
Number of updated asset objects reloaded before import = 0
Number of asset objects unloaded after import = 7
========================================================================
Received Import Request.
  Time since last request: 0.000015 seconds.
  path: Assets/Gizmos/VariableTypeDefinitionAsset Icon.png
  artifactKey: Guid(30bf117e9e9b31c478115ce54be2ef9d) Importer(2089858483,0ecaa5967403d082aa24f35e1b516d23)
Start importing Assets/Gizmos/VariableTypeDefinitionAsset Icon.png using Guid(30bf117e9e9b31c478115ce54be2ef9d) Importer(2089858483,0ecaa5967403d082aa24f35e1b516d23)  -> (artifact id: 'c7607e96a6378ac91e455c9fee123e6b') in 0.017964 seconds
Number of updated asset objects reloaded before import = 0
Number of asset objects unloaded after import = 1
========================================================================
Received Import Request.
  Time since last request: 0.000051 seconds.
  path: Assets/Fishing Docks and Boats/Models/SM_PlasticBarrel_01a.fbx
  artifactKey: Guid(8b748549989cd824da5ed41c63690f3b) Importer(2089858483,0ecaa5967403d082aa24f35e1b516d23)
Start importing Assets/Fishing Docks and Boats/Models/SM_PlasticBarrel_01a.fbx using Guid(8b748549989cd824da5ed41c63690f3b) Importer(2089858483,0ecaa5967403d082aa24f35e1b516d23)  -> (artifact id: '1d6ef09aaba2306155741a12e0412fd0') in 0.027735 seconds
Number of updated asset objects reloaded before import = 0
Number of asset objects unloaded after import = 7
========================================================================
Received Import Request.
  Time since last request: 0.000026 seconds.
  path: Assets/PlayMaker/UpdateHelper.cs
  artifactKey: Guid(3c296afe5d1d4db4793bb16e1e9f607d) Importer(2089858483,0ecaa5967403d082aa24f35e1b516d23)
Start importing Assets/PlayMaker/UpdateHelper.cs using Guid(3c296afe5d1d4db4793bb16e1e9f607d) Importer(2089858483,0ecaa5967403d082aa24f35e1b516d23)  -> (artifact id: 'c1f5bad22287d0b24764ae37fe5bc6bb') in 0.015273 seconds
Number of updated asset objects reloaded before import = 0
Number of asset objects unloaded after import = 1
========================================================================
Received Import Request.
  Time since last request: 0.000049 seconds.
  path: Assets/Fishing Docks and Boats/Models/SM_Lifering_01a.fbx
  artifactKey: Guid(3db66d19082d3f7439db02a3ac3b5e48) Importer(2089858483,0ecaa5967403d082aa24f35e1b516d23)
Start importing Assets/Fishing Docks and Boats/Models/SM_Lifering_01a.fbx using Guid(3db66d19082d3f7439db02a3ac3b5e48) Importer(2089858483,0ecaa5967403d082aa24f35e1b516d23)  -> (artifact id: '04e4fdac8d85be01b483365805df3790') in 0.029054 seconds
Number of updated asset objects reloaded before import = 0
Number of asset objects unloaded after import = 7
========================================================================
Received Import Request.
  Time since last request: 0.000012 seconds.
  path: Assets/Fishing Docks and Boats/Materials/M_Master.shadergraph
  artifactKey: Guid(a74b5d8dcda9345458ed6de430a6478e) Importer(2089858483,0ecaa5967403d082aa24f35e1b516d23)
Start importing Assets/Fishing Docks and Boats/Materials/M_Master.shadergraph using Guid(a74b5d8dcda9345458ed6de430a6478e) Importer(2089858483,0ecaa5967403d082aa24f35e1b516d23)  -> (artifact id: '5951aed25a12a7fb140ece921d9db519') in 0.012395 seconds
Number of updated asset objects reloaded before import = 0
Number of asset objects unloaded after import = 1
========================================================================
Received Import Request.
  Time since last request: 0.000082 seconds.
  path: Assets/Fishing Docks and Boats/Models/SM_Boat_01a.fbx
  artifactKey: Guid(3e0abbbf1d70fa64589e7baf0d4f4e9e) Importer(2089858483,0ecaa5967403d082aa24f35e1b516d23)
Start importing Assets/Fishing Docks and Boats/Models/SM_Boat_01a.fbx using Guid(3e0abbbf1d70fa64589e7baf0d4f4e9e) Importer(2089858483,0ecaa5967403d082aa24f35e1b516d23)  -> (artifact id: '13626afc801bb116acac196ebe1f6581') in 0.028840 seconds
Number of updated asset objects reloaded before import = 0
Number of asset objects unloaded after import = 7
========================================================================
Received Import Request.
  Time since last request: 0.000018 seconds.
  path: Assets/Fishing Docks and Boats/Models/SM_FlareGun_01a.fbx
  artifactKey: Guid(8cf52a931b7b11d44bc396de12fbce9a) Importer(2089858483,0ecaa5967403d082aa24f35e1b516d23)
Start importing Assets/Fishing Docks and Boats/Models/SM_FlareGun_01a.fbx using Guid(8cf52a931b7b11d44bc396de12fbce9a) Importer(2089858483,0ecaa5967403d082aa24f35e1b516d23)  -> (artifact id: '6cb1303cf682d84fb30f8aa17dbf7c1d') in 0.040045 seconds
Number of updated asset objects reloaded before import = 0
Number of asset objects unloaded after import = 7
========================================================================
Received Import Request.
  Time since last request: 0.000015 seconds.
  path: Assets/Scenes/SampleScene.unity
  artifactKey: Guid(9fc0d4010bbf28b4594072e72b8655ab) Importer(2089858483,0ecaa5967403d082aa24f35e1b516d23)
Start importing Assets/Scenes/SampleScene.unity using Guid(9fc0d4010bbf28b4594072e72b8655ab) Importer(2089858483,0ecaa5967403d082aa24f35e1b516d23)  -> (artifact id: '8d2c8bc891cf8fef237625e41dfb25d1') in 0.009201 seconds
Number of updated asset objects reloaded before import = 0
Number of asset objects unloaded after import = 1
========================================================================
Received Import Request.
  Time since last request: 0.000031 seconds.
  path: Assets/Fishing Docks and Boats/Materials/M_BaitBox.mat
  artifactKey: Guid(a7b457b13fa93764e975cbe0fea06803) Importer(2089858483,0ecaa5967403d082aa24f35e1b516d23)
Start importing Assets/Fishing Docks and Boats/Materials/M_BaitBox.mat using Guid(a7b457b13fa93764e975cbe0fea06803) Importer(2089858483,0ecaa5967403d082aa24f35e1b516d23)  -> (artifact id: 'b4665847f45019f533c69c0969aacbd4') in 0.014825 seconds
Number of updated asset objects reloaded before import = 0
Number of asset objects unloaded after import = 1
========================================================================
Received Import Request.
  Time since last request: 0.000013 seconds.
  path: Assets/Fishing Docks and Boats/Models/SM_FlareGun_01b_b.fbx
  artifactKey: Guid(d2472b7158c963b4eaed07f3791af98f) Importer(2089858483,0ecaa5967403d082aa24f35e1b516d23)
Start importing Assets/Fishing Docks and Boats/Models/SM_FlareGun_01b_b.fbx using Guid(d2472b7158c963b4eaed07f3791af98f) Importer(2089858483,0ecaa5967403d082aa24f35e1b516d23)  -> (artifact id: 'f6546c89e629b6e539ce138991ecc09a') in 0.034264 seconds
Number of updated asset objects reloaded before import = 0
Number of asset objects unloaded after import = 7
========================================================================
Received Import Request.
  Time since last request: 0.000017 seconds.
  path: Assets/Fishing Docks and Boats/Materials/M_FishingHat_01.mat
  artifactKey: Guid(d38967353f6d5474986070baeccb5f6d) Importer(2089858483,0ecaa5967403d082aa24f35e1b516d23)
Start importing Assets/Fishing Docks and Boats/Materials/M_FishingHat_01.mat using Guid(d38967353f6d5474986070baeccb5f6d) Importer(2089858483,0ecaa5967403d082aa24f35e1b516d23)  -> (artifact id: 'e660869651c2c090c6899bf87aee10b7') in 0.015116 seconds
Number of updated asset objects reloaded before import = 0
Number of asset objects unloaded after import = 1
========================================================================
Received Import Request.
  Time since last request: 0.000019 seconds.
  path: Assets/UniGLTF/README.md
  artifactKey: Guid(c97bd2ee06a25534f9947292d562aecf) Importer(2089858483,0ecaa5967403d082aa24f35e1b516d23)
Start importing Assets/UniGLTF/README.md using Guid(c97bd2ee06a25534f9947292d562aecf) Importer(2089858483,0ecaa5967403d082aa24f35e1b516d23)  -> (artifact id: '9fa18c71f4b47cfd8dde43b5c89402b8') in 0.015345 seconds
Number of updated asset objects reloaded before import = 0
Number of asset objects unloaded after import = 1
========================================================================
Received Import Request.
  Time since last request: 0.000021 seconds.
  path: Assets/PlayMaker/ConditionalExpression.dll
  artifactKey: Guid(d4efecccbe1d6134f99fa8da66d82942) Importer(2089858483,0ecaa5967403d082aa24f35e1b516d23)
Start importing Assets/PlayMaker/ConditionalExpression.dll using Guid(d4efecccbe1d6134f99fa8da66d82942) Importer(2089858483,0ecaa5967403d082aa24f35e1b516d23)  -> (artifact id: '45ec03d7ab50ae633c70ceb18c103984') in 0.012943 seconds
Number of updated asset objects reloaded before import = 0
Number of asset objects unloaded after import = 1
========================================================================
Received Import Request.
  Time since last request: 0.000019 seconds.
  path: Assets/Fishing Docks and Boats/Models/SM_Docks_01b.fbx
  artifactKey: Guid(f492e8ad47acfd3409b6adddf0213421) Importer(2089858483,0ecaa5967403d082aa24f35e1b516d23)
Start importing Assets/Fishing Docks and Boats/Models/SM_Docks_01b.fbx using Guid(f492e8ad47acfd3409b6adddf0213421) Importer(2089858483,0ecaa5967403d082aa24f35e1b516d23)  -> (artifact id: 'bfe78f384b2744bd9a51b4e9fc6686b7') in 0.024158 seconds
Number of updated asset objects reloaded before import = 0
Number of asset objects unloaded after import = 7
========================================================================
Received Import Request.
  Time since last request: 0.000012 seconds.
  path: Assets/Fishing Docks and Boats/Models/SM_BaitBox_01b.fbx
  artifactKey: Guid(ef35e2b537ef4a84bbfa39c451474c70) Importer(2089858483,0ecaa5967403d082aa24f35e1b516d23)
Start importing Assets/Fishing Docks and Boats/Models/SM_BaitBox_01b.fbx using Guid(ef35e2b537ef4a84bbfa39c451474c70) Importer(2089858483,0ecaa5967403d082aa24f35e1b516d23)  -> (artifact id: '7412401d85020e28aa02bab6be2e694b') in 0.029630 seconds
Number of updated asset objects reloaded before import = 0
Number of asset objects unloaded after import = 7
========================================================================
Received Import Request.
  Time since last request: 0.000012 seconds.
  path: Assets/Fishing Docks and Boats/Materials/M_Boat_01b.mat
  artifactKey: Guid(15911a0af29e8884ba0bada8583b5c28) Importer(2089858483,0ecaa5967403d082aa24f35e1b516d23)
Start importing Assets/Fishing Docks and Boats/Materials/M_Boat_01b.mat using Guid(15911a0af29e8884ba0bada8583b5c28) Importer(2089858483,0ecaa5967403d082aa24f35e1b516d23)  -> (artifact id: '286adb402c8bad15d5982772625cd869') in 0.014232 seconds
Number of updated asset objects reloaded before import = 0
Number of asset objects unloaded after import = 1
========================================================================
Received Import Request.
  Time since last request: 0.000012 seconds.
  path: Assets/Fishing Docks and Boats/Materials/M_Bucket.mat
  artifactKey: Guid(6acca0d688092664c98fae9d1d19f33d) Importer(2089858483,0ecaa5967403d082aa24f35e1b516d23)
Start importing Assets/Fishing Docks and Boats/Materials/M_Bucket.mat using Guid(6acca0d688092664c98fae9d1d19f33d) Importer(2089858483,0ecaa5967403d082aa24f35e1b516d23)  -> (artifact id: 'c3c012b72f2948fc9a05ad5b98292b46') in 0.012789 seconds
Number of updated asset objects reloaded before import = 0
Number of asset objects unloaded after import = 2
========================================================================
Received Import Request.
  Time since last request: 0.000013 seconds.
  path: Assets/Fishing Docks and Boats/Materials/M_Boat_01a.mat
  artifactKey: Guid(338595996a2c53148a89719d379a6d8d) Importer(2089858483,0ecaa5967403d082aa24f35e1b516d23)
Start importing Assets/Fishing Docks and Boats/Materials/M_Boat_01a.mat using Guid(338595996a2c53148a89719d379a6d8d) Importer(2089858483,0ecaa5967403d082aa24f35e1b516d23)  -> (artifact id: '00d14ac50acfd0bc6764b91e5b932964') in 0.013955 seconds
Number of updated asset objects reloaded before import = 0
Number of asset objects unloaded after import = 2
========================================================================
Received Import Request.
  Time since last request: 0.000009 seconds.
  path: Assets/Fishing Docks and Boats/Materials/TX_Boat_01a_DIF.mat
  artifactKey: Guid(bedca008c1cda5040a242d65129093ca) Importer(2089858483,0ecaa5967403d082aa24f35e1b516d23)
Start importing Assets/Fishing Docks and Boats/Materials/TX_Boat_01a_DIF.mat using Guid(bedca008c1cda5040a242d65129093ca) Importer(2089858483,0ecaa5967403d082aa24f35e1b516d23)  -> (artifact id: '4e997a8913860306eaf278f67c68f9f3') in 0.012080 seconds
Number of updated asset objects reloaded before import = 0
Number of asset objects unloaded after import = 2
========================================================================
Received Import Request.
  Time since last request: 0.000015 seconds.
  path: Assets/Fishing Docks and Boats/Models/SM_BaitBox_01e.fbx
  artifactKey: Guid(01c1dcacc6f7b714089ca7586dfca4ab) Importer(2089858483,0ecaa5967403d082aa24f35e1b516d23)
Start importing Assets/Fishing Docks and Boats/Models/SM_BaitBox_01e.fbx using Guid(01c1dcacc6f7b714089ca7586dfca4ab) Importer(2089858483,0ecaa5967403d082aa24f35e1b516d23)  -> (artifact id: '3c92eee52580c1013a291e154e5ad8cc') in 0.022205 seconds
Number of updated asset objects reloaded before import = 0
Number of asset objects unloaded after import = 7
========================================================================
Received Import Request.
  Time since last request: 0.000012 seconds.
  path: Assets/Fishing Docks and Boats/Models/SM_FishingNet_01a.fbx
  artifactKey: Guid(14c32b3ce9ab85645a90518f80bd5b6b) Importer(2089858483,0ecaa5967403d082aa24f35e1b516d23)
Start importing Assets/Fishing Docks and Boats/Models/SM_FishingNet_01a.fbx using Guid(14c32b3ce9ab85645a90518f80bd5b6b) Importer(2089858483,0ecaa5967403d082aa24f35e1b516d23)  -> (artifact id: '977ef9ced21054ad4d25e2ed2531ff0d') in 0.025311 seconds
Number of updated asset objects reloaded before import = 0
Number of asset objects unloaded after import = 7
========================================================================
Received Import Request.
  Time since last request: 0.000011 seconds.
  path: Assets/Fishing Docks and Boats/Models/SM_TackleBox_01a.fbx
  artifactKey: Guid(93d687fa3a9fa794886c310c7788d2d9) Importer(2089858483,0ecaa5967403d082aa24f35e1b516d23)
Start importing Assets/Fishing Docks and Boats/Models/SM_TackleBox_01a.fbx using Guid(93d687fa3a9fa794886c310c7788d2d9) Importer(2089858483,0ecaa5967403d082aa24f35e1b516d23)  -> (artifact id: 'f4d4165c0e86e73ac530cd701937a8a3') in 0.025234 seconds
Number of updated asset objects reloaded before import = 0
Number of asset objects unloaded after import = 7
========================================================================
Received Import Request.
  Time since last request: 0.000011 seconds.
  path: Assets/Scenes/SampleScene2.unity
  artifactKey: Guid(2dd30311c11de1a4fa13de3afbe06494) Importer(2089858483,0ecaa5967403d082aa24f35e1b516d23)
Start importing Assets/Scenes/SampleScene2.unity using Guid(2dd30311c11de1a4fa13de3afbe06494) Importer(2089858483,0ecaa5967403d082aa24f35e1b516d23)  -> (artifact id: '82c269727d2228b12ec153cabb2449a6') in 0.010115 seconds
Number of updated asset objects reloaded before import = 0
Number of asset objects unloaded after import = 1
========================================================================
Received Import Request.
  Time since last request: 0.000044 seconds.
  path: Assets/PlayMaker/FsmProcessor.cs
  artifactKey: Guid(8e7fd0ae7c5ce8c449b6d01da5cb0e2d) Importer(2089858483,0ecaa5967403d082aa24f35e1b516d23)
Start importing Assets/PlayMaker/FsmProcessor.cs using Guid(8e7fd0ae7c5ce8c449b6d01da5cb0e2d) Importer(2089858483,0ecaa5967403d082aa24f35e1b516d23)  -> (artifact id: '930cd79dda4b2c4189c58e6e0f134052') in 0.010558 seconds
Number of updated asset objects reloaded before import = 0
Number of asset objects unloaded after import = 1
========================================================================
Received Import Request.
  Time since last request: 0.000015 seconds.
  path: Assets/Gizmos/PlayMakerControls Icon.png
  artifactKey: Guid(4ac9185bf8ba41e4d81d2d443a326b2f) Importer(2089858483,0ecaa5967403d082aa24f35e1b516d23)
Start importing Assets/Gizmos/PlayMakerControls Icon.png using Guid(4ac9185bf8ba41e4d81d2d443a326b2f) Importer(2089858483,0ecaa5967403d082aa24f35e1b516d23)  -> (artifact id: '2156e3690941bf4fde808da9dd3729f8') in 0.015675 seconds
Number of updated asset objects reloaded before import = 0
Number of asset objects unloaded after import = 1
========================================================================
Received Import Request.
  Time since last request: 0.000036 seconds.
  path: Assets/Fishing Docks and Boats/Models/SM_Docks_01c.fbx
  artifactKey: Guid(cfdae3d56bad6734c97caafb43cdcace) Importer(2089858483,0ecaa5967403d082aa24f35e1b516d23)
Start importing Assets/Fishing Docks and Boats/Models/SM_Docks_01c.fbx using Guid(cfdae3d56bad6734c97caafb43cdcace) Importer(2089858483,0ecaa5967403d082aa24f35e1b516d23)  -> (artifact id: '51d1064057cb44ab6dbb31d116bfd055') in 0.022971 seconds
Number of updated asset objects reloaded before import = 0
Number of asset objects unloaded after import = 7
========================================================================
Received Import Request.
  Time since last request: 0.000011 seconds.
  path: Assets/Fishing Docks and Boats/Materials/M_PlasticBarrel.mat
  artifactKey: Guid(fd030e283fc7aec44854b73c744ab68e) Importer(2089858483,0ecaa5967403d082aa24f35e1b516d23)
Start importing Assets/Fishing Docks and Boats/Materials/M_PlasticBarrel.mat using Guid(fd030e283fc7aec44854b73c744ab68e) Importer(2089858483,0ecaa5967403d082aa24f35e1b516d23)  -> (artifact id: '325262429d85321ca72af1056913c8f0') in 0.011981 seconds
Number of updated asset objects reloaded before import = 0
Number of asset objects unloaded after import = 1
========================================================================
Received Import Request.
  Time since last request: 0.000016 seconds.
  path: Assets/Fishing Docks and Boats/Models/SM_BaitBox_01c.fbx
  artifactKey: Guid(7333e2b2ee52a9147a1e5687094b6765) Importer(2089858483,0ecaa5967403d082aa24f35e1b516d23)
Start importing Assets/Fishing Docks and Boats/Models/SM_BaitBox_01c.fbx using Guid(7333e2b2ee52a9147a1e5687094b6765) Importer(2089858483,0ecaa5967403d082aa24f35e1b516d23)  -> (artifact id: '182507336fe97565a55b440b2f7942dc') in 0.021181 seconds
Number of updated asset objects reloaded before import = 0
Number of asset objects unloaded after import = 7
========================================================================
Received Import Request.
  Time since last request: 0.000014 seconds.
  path: Assets/3D/Ota/MOSHED-2024-7-15-12-0-10-2jpg.jpg
  artifactKey: Guid(4959aabc4c63c204da83c72f3c2402c3) Importer(2089858483,0ecaa5967403d082aa24f35e1b516d23)
Start importing Assets/3D/Ota/MOSHED-2024-7-15-12-0-10-2jpg.jpg using Guid(4959aabc4c63c204da83c72f3c2402c3) Importer(2089858483,0ecaa5967403d082aa24f35e1b516d23)  -> (artifact id: '268e200a331d0d272f0187166fbb4676') in 0.013849 seconds
Number of updated asset objects reloaded before import = 0
Number of asset objects unloaded after import = 1
========================================================================
Received Import Request.
  Time since last request: 0.000011 seconds.
  path: Assets/Gizmos/PlayMakerGUI Icon.png
  artifactKey: Guid(2c7db6fc3f6ab6b429b6a3924d3820eb) Importer(2089858483,0ecaa5967403d082aa24f35e1b516d23)
Start importing Assets/Gizmos/PlayMakerGUI Icon.png using Guid(2c7db6fc3f6ab6b429b6a3924d3820eb) Importer(2089858483,0ecaa5967403d082aa24f35e1b516d23)  -> (artifact id: '5232bce20a244cccaecdbed9a70290b8') in 0.015234 seconds
Number of updated asset objects reloaded before import = 0
Number of asset objects unloaded after import = 1
========================================================================
Received Import Request.
  Time since last request: 0.000012 seconds.
  path: Assets/Fishing Docks and Boats/Models/SM_BaitBox_01d.fbx
  artifactKey: Guid(66e7c136df2214c4e997ec5d100de5a6) Importer(2089858483,0ecaa5967403d082aa24f35e1b516d23)
Start importing Assets/Fishing Docks and Boats/Models/SM_BaitBox_01d.fbx using Guid(66e7c136df2214c4e997ec5d100de5a6) Importer(2089858483,0ecaa5967403d082aa24f35e1b516d23)  -> (artifact id: '0fedfc21622c86a3023f3b2cdcef3f5c') in 0.020714 seconds
Number of updated asset objects reloaded before import = 0
Number of asset objects unloaded after import = 7
========================================================================
Received Import Request.
  Time since last request: 0.000013 seconds.
  path: Assets/Fishing Docks and Boats/Materials/M_PoleNet.mat
  artifactKey: Guid(da27eb1f4b0b32b4caba3a7972c56f45) Importer(2089858483,0ecaa5967403d082aa24f35e1b516d23)
Start importing Assets/Fishing Docks and Boats/Materials/M_PoleNet.mat using Guid(da27eb1f4b0b32b4caba3a7972c56f45) Importer(2089858483,0ecaa5967403d082aa24f35e1b516d23)  -> (artifact id: 'f668c2589653d0f88a028ef11d029a68') in 0.010401 seconds
Number of updated asset objects reloaded before import = 0
Number of asset objects unloaded after import = 1
========================================================================
Received Import Request.
  Time since last request: 0.000027 seconds.
  path: Assets/Fishing Docks and Boats/Models/SM_TackleBox_01b.fbx
  artifactKey: Guid(8882c52a9de035b46854238629b7c2ad) Importer(2089858483,0ecaa5967403d082aa24f35e1b516d23)
Start importing Assets/Fishing Docks and Boats/Models/SM_TackleBox_01b.fbx using Guid(8882c52a9de035b46854238629b7c2ad) Importer(2089858483,0ecaa5967403d082aa24f35e1b516d23)  -> (artifact id: 'fe8a4211646ff92976bcf28745d22af4') in 0.022260 seconds
Number of updated asset objects reloaded before import = 0
Number of asset objects unloaded after import = 7
========================================================================
Received Import Request.
  Time since last request: 0.000012 seconds.
  path: Assets/Fishing Docks and Boats/Materials/M_Docks.mat
  artifactKey: Guid(9b8b69b1a5f44274bbf9052a34b7c622) Importer(2089858483,0ecaa5967403d082aa24f35e1b516d23)
Start importing Assets/Fishing Docks and Boats/Materials/M_Docks.mat using Guid(9b8b69b1a5f44274bbf9052a34b7c622) Importer(2089858483,0ecaa5967403d082aa24f35e1b516d23)  -> (artifact id: 'db5784ed6e29d14b1b2c06a1c9c1e9f0') in 0.009652 seconds
Number of updated asset objects reloaded before import = 0
Number of asset objects unloaded after import = 1
========================================================================
Received Import Request.
  Time since last request: 0.000011 seconds.
  path: Assets/Fishing Docks and Boats/Models/SM_Fishing_Rod_Open_01a.fbx
  artifactKey: Guid(a2561386d4596d64daf9d41a70f31854) Importer(2089858483,0ecaa5967403d082aa24f35e1b516d23)
Start importing Assets/Fishing Docks and Boats/Models/SM_Fishing_Rod_Open_01a.fbx using Guid(a2561386d4596d64daf9d41a70f31854) Importer(2089858483,0ecaa5967403d082aa24f35e1b516d23)  -> (artifact id: '7fd0389c6bb22c6cbf802736ba777919') in 0.023108 seconds
Number of updated asset objects reloaded before import = 0
Number of asset objects unloaded after import = 7
========================================================================
Received Import Request.
  Time since last request: 0.000010 seconds.
  path: Assets/Fishing Docks and Boats/Materials/M_Lifering.mat
  artifactKey: Guid(26e9db531b77e3b4886c3864f2c97bd9) Importer(2089858483,0ecaa5967403d082aa24f35e1b516d23)
Start importing Assets/Fishing Docks and Boats/Materials/M_Lifering.mat using Guid(26e9db531b77e3b4886c3864f2c97bd9) Importer(2089858483,0ecaa5967403d082aa24f35e1b516d23)  -> (artifact id: 'f76bebc0f808531b54be4733846747d1') in 0.011941 seconds
Number of updated asset objects reloaded before import = 0
Number of asset objects unloaded after import = 1
========================================================================
Received Import Request.
  Time since last request: 0.000015 seconds.
  path: Assets/Gizmos/PlayMakerNotes Icon.png
  artifactKey: Guid(3c6ce8269c92d4a4f99f911813c0b613) Importer(2089858483,0ecaa5967403d082aa24f35e1b516d23)
Start importing Assets/Gizmos/PlayMakerNotes Icon.png using Guid(3c6ce8269c92d4a4f99f911813c0b613) Importer(2089858483,0ecaa5967403d082aa24f35e1b516d23)  -> (artifact id: '126b5bde0ccb9ca280c0d9825a789a0c') in 0.013615 seconds
Number of updated asset objects reloaded before import = 0
Number of asset objects unloaded after import = 1
========================================================================
Received Import Request.
  Time since last request: 0.000010 seconds.
  path: Assets/3D/Ota/104795-Test-tex.prefab
  artifactKey: Guid(ce5df63b066904b468a7b4e31c37dac3) Importer(2089858483,0ecaa5967403d082aa24f35e1b516d23)
Start importing Assets/3D/Ota/104795-Test-tex.prefab using Guid(ce5df63b066904b468a7b4e31c37dac3) Importer(2089858483,0ecaa5967403d082aa24f35e1b516d23)  -> (artifact id: 'ed804d7468e7a49daf2f4ac882c9becd') in 0.071597 seconds
Number of updated asset objects reloaded before import = 0
Number of asset objects unloaded after import = 9
========================================================================
Received Import Request.
  Time since last request: 0.000013 seconds.
  path: Assets/Fishing Docks and Boats/Models/SM_BoatFender_01a.fbx
  artifactKey: Guid(69a0f01173528734d9e258303bc8a94d) Importer(2089858483,0ecaa5967403d082aa24f35e1b516d23)
Start importing Assets/Fishing Docks and Boats/Models/SM_BoatFender_01a.fbx using Guid(69a0f01173528734d9e258303bc8a94d) Importer(2089858483,0ecaa5967403d082aa24f35e1b516d23)  -> (artifact id: 'dbe2935d65f15e6ce2baf1872c742c14') in 0.032040 seconds
Number of updated asset objects reloaded before import = 0
Number of asset objects unloaded after import = 7
========================================================================
Received Import Request.
  Time since last request: 0.000017 seconds.
  path: Assets/Gizmos/PlayMakerPrefs Icon.png
  artifactKey: Guid(70b5f8288a5c3a64b9b1bc002bcf0c28) Importer(2089858483,0ecaa5967403d082aa24f35e1b516d23)
Start importing Assets/Gizmos/PlayMakerPrefs Icon.png using Guid(70b5f8288a5c3a64b9b1bc002bcf0c28) Importer(2089858483,0ecaa5967403d082aa24f35e1b516d23)  -> (artifact id: '58f4ac88a4155c2429fb32d38f263061') in 0.026510 seconds
Number of updated asset objects reloaded before import = 0
Number of asset objects unloaded after import = 1
========================================================================
Received Import Request.
  Time since last request: 0.000010 seconds.
  path: Assets/Fishing Docks and Boats/Models/SM_BaitBox_01f.fbx
  artifactKey: Guid(52bed1576400ac74a984e72e1617ca41) Importer(2089858483,0ecaa5967403d082aa24f35e1b516d23)
Start importing Assets/Fishing Docks and Boats/Models/SM_BaitBox_01f.fbx using Guid(52bed1576400ac74a984e72e1617ca41) Importer(2089858483,0ecaa5967403d082aa24f35e1b516d23)  -> (artifact id: '95f570750a3f9d0aff5395ab630609f9') in 0.023087 seconds
Number of updated asset objects reloaded before import = 0
Number of asset objects unloaded after import = 7
========================================================================
Received Import Request.
  Time since last request: 0.854123 seconds.
  path: Assets/Fishing Docks and Boats/Models/SM_Tyre_01c.fbx
  artifactKey: Guid(7bca6011f988c3f43bcada444da879d4) Importer(2089858483,0ecaa5967403d082aa24f35e1b516d23)
Start importing Assets/Fishing Docks and Boats/Models/SM_Tyre_01c.fbx using Guid(7bca6011f988c3f43bcada444da879d4) Importer(2089858483,0ecaa5967403d082aa24f35e1b516d23)  -> (artifact id: '7aba7795a34f6f6031508bb0adec94b4') in 0.041253 seconds
Number of updated asset objects reloaded before import = 0
Number of asset objects unloaded after import = 7
========================================================================
Received Import Request.
  Time since last request: 0.000011 seconds.
  path: Assets/Fishing Docks and Boats/Prefab/Prfb_FlareGun_01b_c.prefab
  artifactKey: Guid(32ea25a01ad3bf8448c6af81619fe919) Importer(2089858483,0ecaa5967403d082aa24f35e1b516d23)
Start importing Assets/Fishing Docks and Boats/Prefab/Prfb_FlareGun_01b_c.prefab using Guid(32ea25a01ad3bf8448c6af81619fe919) Importer(2089858483,0ecaa5967403d082aa24f35e1b516d23)  -> (artifact id: '40b05b4e0d795ec9058891b04f824150') in 0.027960 seconds
Number of updated asset objects reloaded before import = 0
Number of asset objects unloaded after import = 8
========================================================================
Received Import Request.
  Time since last request: 0.000011 seconds.
  path: Assets/Fishing Docks and Boats/Prefab/Prfb_Fishing_Rod_Open_01a.prefab
  artifactKey: Guid(de1983277ac88a1438a66645afa71d4d) Importer(2089858483,0ecaa5967403d082aa24f35e1b516d23)
Start importing Assets/Fishing Docks and Boats/Prefab/Prfb_Fishing_Rod_Open_01a.prefab using Guid(de1983277ac88a1438a66645afa71d4d) Importer(2089858483,0ecaa5967403d082aa24f35e1b516d23)  -> (artifact id: 'cf948158d2ec93a439a9e2e4abf9e9cd') in 0.029537 seconds
Number of updated asset objects reloaded before import = 0
Number of asset objects unloaded after import = 8
========================================================================
Received Import Request.
  Time since last request: 0.000010 seconds.
  path: Assets/Fishing Docks and Boats/Prefab/Prfb_BoatFender_01a.prefab
  artifactKey: Guid(ae37cc0f517d9904da01a225ecc042f6) Importer(2089858483,0ecaa5967403d082aa24f35e1b516d23)
Start importing Assets/Fishing Docks and Boats/Prefab/Prfb_BoatFender_01a.prefab using Guid(ae37cc0f517d9904da01a225ecc042f6) Importer(2089858483,0ecaa5967403d082aa24f35e1b516d23)  -> (artifact id: '3a0d4ab5597a5e50589d4e9e14ebe6b1') in 0.026099 seconds
Number of updated asset objects reloaded before import = 0
Number of asset objects unloaded after import = 8
========================================================================
Received Import Request.
  Time since last request: 0.000012 seconds.
  path: Assets/Fishing Docks and Boats/Textures/TX_Fishing_Hat_02a_NRM.TGA
  artifactKey: Guid(63e379dc18cbf774ab40a6ebc09caca8) Importer(2089858483,0ecaa5967403d082aa24f35e1b516d23)
Start importing Assets/Fishing Docks and Boats/Textures/TX_Fishing_Hat_02a_NRM.TGA using Guid(63e379dc18cbf774ab40a6ebc09caca8) Importer(2089858483,0ecaa5967403d082aa24f35e1b516d23)  -> (artifact id: 'cc8890440a8d9dd85e7317b8742bf123') in 0.026003 seconds
Number of updated asset objects reloaded before import = 0
Number of asset objects unloaded after import = 1
========================================================================
Received Import Request.
  Time since last request: 0.000018 seconds.
  path: Assets/Fishing Docks and Boats/Textures/TX_Oar_NRM.TGA
  artifactKey: Guid(e1c52e078f160f4418f86b2c0469f0dd) Importer(2089858483,0ecaa5967403d082aa24f35e1b516d23)
Start importing Assets/Fishing Docks and Boats/Textures/TX_Oar_NRM.TGA using Guid(e1c52e078f160f4418f86b2c0469f0dd) Importer(2089858483,0ecaa5967403d082aa24f35e1b516d23)  -> (artifact id: '0c2c835c20b457bf1e11d3d29eaee5a5') in 0.025015 seconds
Number of updated asset objects reloaded before import = 0
Number of asset objects unloaded after import = 1
========================================================================
Received Import Request.
  Time since last request: 0.000010 seconds.
  path: Assets/Fishing Docks and Boats/Textures/TX_Fishing_Hat_01a_DIF.TGA
  artifactKey: Guid(fa696aedf1655684190d9a264c75bccb) Importer(2089858483,0ecaa5967403d082aa24f35e1b516d23)
Start importing Assets/Fishing Docks and Boats/Textures/TX_Fishing_Hat_01a_DIF.TGA using Guid(fa696aedf1655684190d9a264c75bccb) Importer(2089858483,0ecaa5967403d082aa24f35e1b516d23)  -> (artifact id: 'ea43a016b180ab562abd0bf71fcd6edd') in 0.028578 seconds
Number of updated asset objects reloaded before import = 0
Number of asset objects unloaded after import = 1
========================================================================
Received Import Request.
  Time since last request: 0.000011 seconds.
  path: Assets/Fishing Docks and Boats/Textures/TX_Boat_01a_ORM.TGA
  artifactKey: Guid(06314b31f92660e41a099d55e1c45cf6) Importer(2089858483,0ecaa5967403d082aa24f35e1b516d23)
Start importing Assets/Fishing Docks and Boats/Textures/TX_Boat_01a_ORM.TGA using Guid(06314b31f92660e41a099d55e1c45cf6) Importer(2089858483,0ecaa5967403d082aa24f35e1b516d23)  -> (artifact id: 'f8f53b624227783743cbb2f623627329') in 0.028419 seconds
Number of updated asset objects reloaded before import = 0
Number of asset objects unloaded after import = 1
========================================================================
Received Import Request.
  Time since last request: 0.000011 seconds.
  path: Assets/Fishing Docks and Boats/Prefab/Prfb_Docks_01d.prefab
  artifactKey: Guid(9d7093f9b3104194e96692444311ef2f) Importer(2089858483,0ecaa5967403d082aa24f35e1b516d23)
Start importing Assets/Fishing Docks and Boats/Prefab/Prfb_Docks_01d.prefab using Guid(9d7093f9b3104194e96692444311ef2f) Importer(2089858483,0ecaa5967403d082aa24f35e1b516d23)  -> (artifact id: '2b40441bc5c8980440e943473d421741') in 0.036567 seconds
Number of updated asset objects reloaded before import = 0
Number of asset objects unloaded after import = 8
========================================================================
Received Import Request.
  Time since last request: 0.000012 seconds.
  path: Assets/Fishing Docks and Boats/Textures/TX_Boat_01b_ORM.TGA
  artifactKey: Guid(4f504611eab741944b971c29c15a6431) Importer(2089858483,0ecaa5967403d082aa24f35e1b516d23)
Start importing Assets/Fishing Docks and Boats/Textures/TX_Boat_01b_ORM.TGA using Guid(4f504611eab741944b971c29c15a6431) Importer(2089858483,0ecaa5967403d082aa24f35e1b516d23)  -> (artifact id: 'c2327b355dfbb245e5e821dcaa274550') in 0.029360 seconds
Number of updated asset objects reloaded before import = 0
Number of asset objects unloaded after import = 1
========================================================================
Received Import Request.
  Time since last request: 0.000010 seconds.
  path: Assets/Fishing Docks and Boats/Prefab/Prfb_Fishing_Hat_02a.prefab
  artifactKey: Guid(73f593614d2baa34fb290f8954d8321e) Importer(2089858483,0ecaa5967403d082aa24f35e1b516d23)
Start importing Assets/Fishing Docks and Boats/Prefab/Prfb_Fishing_Hat_02a.prefab using Guid(73f593614d2baa34fb290f8954d8321e) Importer(2089858483,0ecaa5967403d082aa24f35e1b516d23)  -> (artifact id: '03d75e476542e3921a26185a3cfbc40f') in 0.034998 seconds
Number of updated asset objects reloaded before import = 0
Number of asset objects unloaded after import = 8
========================================================================
Received Import Request.
  Time since last request: 0.000012 seconds.
  path: Assets/Fishing Docks and Boats/Textures/TX_FlareGun_01a_ORM.TGA
  artifactKey: Guid(02908dc996029ea4ba0860418147a144) Importer(2089858483,0ecaa5967403d082aa24f35e1b516d23)
Start importing Assets/Fishing Docks and Boats/Textures/TX_FlareGun_01a_ORM.TGA using Guid(02908dc996029ea4ba0860418147a144) Importer(2089858483,0ecaa5967403d082aa24f35e1b516d23)  -> (artifact id: '00cca2c2f88896ff15f4e96a420003d5') in 0.032362 seconds
Number of updated asset objects reloaded before import = 0
Number of asset objects unloaded after import = 1
========================================================================
Received Import Request.
  Time since last request: 0.000013 seconds.
  path: Assets/Fishing Docks and Boats/Prefab/Prfb_BaitBox_01f.prefab
  artifactKey: Guid(1a93acb6eebff2b4c8f72b33d6b9492a) Importer(2089858483,0ecaa5967403d082aa24f35e1b516d23)
Start importing Assets/Fishing Docks and Boats/Prefab/Prfb_BaitBox_01f.prefab using Guid(1a93acb6eebff2b4c8f72b33d6b9492a) Importer(2089858483,0ecaa5967403d082aa24f35e1b516d23)  -> (artifact id: '9dd3e2c58fa76bd4535ecbfb24bd1081') in 0.031209 seconds
Number of updated asset objects reloaded before import = 0
Number of asset objects unloaded after import = 8
========================================================================
Received Import Request.
  Time since last request: 0.000026 seconds.
  path: Assets/Fishing Docks and Boats/Textures/TX_Boat_01b_DIF.TGA
  artifactKey: Guid(387404c0533d1294892e616b8de95bfc) Importer(2089858483,0ecaa5967403d082aa24f35e1b516d23)
Start importing Assets/Fishing Docks and Boats/Textures/TX_Boat_01b_DIF.TGA using Guid(387404c0533d1294892e616b8de95bfc) Importer(2089858483,0ecaa5967403d082aa24f35e1b516d23)  -> (artifact id: '0a495cf7b70ce7e9155160a9b437d7dc') in 0.030031 seconds
Number of updated asset objects reloaded before import = 0
Number of asset objects unloaded after import = 1
========================================================================
Received Import Request.
  Time since last request: 0.000010 seconds.
  path: Assets/Fishing Docks and Boats/Prefab/Prfb_DockAnchor_01a.prefab
  artifactKey: Guid(90a1d209e2531424f8cd3feadc9b8255) Importer(2089858483,0ecaa5967403d082aa24f35e1b516d23)
Start importing Assets/Fishing Docks and Boats/Prefab/Prfb_DockAnchor_01a.prefab using Guid(90a1d209e2531424f8cd3feadc9b8255) Importer(2089858483,0ecaa5967403d082aa24f35e1b516d23)  -> (artifact id: '6e8b60148a3be77143b7075f5939c734') in 0.029067 seconds
Number of updated asset objects reloaded before import = 0
Number of asset objects unloaded after import = 8
========================================================================
Received Import Request.
  Time since last request: 0.000012 seconds.
  path: Assets/Fishing Docks and Boats/Textures/TX_FlareGun_01a_DIF.TGA
  artifactKey: Guid(826478c917ed0ce4d8a1b818fc61c729) Importer(2089858483,0ecaa5967403d082aa24f35e1b516d23)
Start importing Assets/Fishing Docks and Boats/Textures/TX_FlareGun_01a_DIF.TGA using Guid(826478c917ed0ce4d8a1b818fc61c729) Importer(2089858483,0ecaa5967403d082aa24f35e1b516d23)  -> (artifact id: '81a05b3b9d0cf50ef03598479b5bcf68') in 0.030322 seconds
Number of updated asset objects reloaded before import = 0
Number of asset objects unloaded after import = 1
========================================================================
Received Import Request.
  Time since last request: 0.000569 seconds.
  path: Assets/Fishing Docks and Boats/Prefab/Prfb_CoolerBox_01a.prefab
  artifactKey: Guid(dd75b10c38395f340ba1960a99e702d6) Importer(2089858483,0ecaa5967403d082aa24f35e1b516d23)
Start importing Assets/Fishing Docks and Boats/Prefab/Prfb_CoolerBox_01a.prefab using Guid(dd75b10c38395f340ba1960a99e702d6) Importer(2089858483,0ecaa5967403d082aa24f35e1b516d23)  -> (artifact id: '8827e9482a5b89ff6b5cf2a2df5e110f') in 0.031602 seconds
Number of updated asset objects reloaded before import = 0
Number of asset objects unloaded after import = 8
========================================================================
Received Import Request.
  Time since last request: 0.000010 seconds.
  path: Assets/Fishing Docks and Boats/Prefab/Prfb_PoleNet_01a.prefab
  artifactKey: Guid(cc93f59bf19bf4c4db5101c5348d689b) Importer(2089858483,0ecaa5967403d082aa24f35e1b516d23)
Start importing Assets/Fishing Docks and Boats/Prefab/Prfb_PoleNet_01a.prefab using Guid(cc93f59bf19bf4c4db5101c5348d689b) Importer(2089858483,0ecaa5967403d082aa24f35e1b516d23)  -> (artifact id: '90b54f912525a6444e974ad80334e79f') in 0.032945 seconds
Number of updated asset objects reloaded before import = 0
Number of asset objects unloaded after import = 8
========================================================================
Received Import Request.
  Time since last request: 0.000012 seconds.
  path: Assets/Fishing Docks and Boats/Textures/TX_CoolerBox_01a_ORM.TGA
  artifactKey: Guid(95a39945db26c9b419b93dc01a50056d) Importer(2089858483,0ecaa5967403d082aa24f35e1b516d23)
Start importing Assets/Fishing Docks and Boats/Textures/TX_CoolerBox_01a_ORM.TGA using Guid(95a39945db26c9b419b93dc01a50056d) Importer(2089858483,0ecaa5967403d082aa24f35e1b516d23)  -> (artifact id: '220622ea6982d9fd8140e50cf0b2ebb9') in 0.030137 seconds
Number of updated asset objects reloaded before import = 0
Number of asset objects unloaded after import = 1
========================================================================
Received Import Request.
  Time since last request: 0.000012 seconds.
  path: Assets/Fishing Docks and Boats/Prefab/Prfb_Boat_01b.prefab
  artifactKey: Guid(02876ad9042a6204ba7b62245dc64c20) Importer(2089858483,0ecaa5967403d082aa24f35e1b516d23)
Start importing Assets/Fishing Docks and Boats/Prefab/Prfb_Boat_01b.prefab using Guid(02876ad9042a6204ba7b62245dc64c20) Importer(2089858483,0ecaa5967403d082aa24f35e1b516d23)  -> (artifact id: '609578c0bde986532a844569f2e0659b') in 0.030132 seconds
Number of updated asset objects reloaded before import = 0
Number of asset objects unloaded after import = 8
========================================================================
Received Import Request.
  Time since last request: 0.000021 seconds.
  path: Assets/Fishing Docks and Boats/Textures/TX_Fishing_Hat_01a_NRM.TGA
  artifactKey: Guid(5e819d4ccd4db3b4caa98ddd0b850e9e) Importer(2089858483,0ecaa5967403d082aa24f35e1b516d23)
Start importing Assets/Fishing Docks and Boats/Textures/TX_Fishing_Hat_01a_NRM.TGA using Guid(5e819d4ccd4db3b4caa98ddd0b850e9e) Importer(2089858483,0ecaa5967403d082aa24f35e1b516d23)  -> (artifact id: '4f452719566dea3f1457948a80417d71') in 0.026327 seconds
Number of updated asset objects reloaded before import = 0
Number of asset objects unloaded after import = 1
========================================================================
Received Import Request.
  Time since last request: 0.000018 seconds.
  path: Assets/Fishing Docks and Boats/Textures/TX_Buoy_01_Rust_NRM.TGA
  artifactKey: Guid(ebf2aa438abc7fb47bc5368d12bfb43e) Importer(2089858483,0ecaa5967403d082aa24f35e1b516d23)
Start importing Assets/Fishing Docks and Boats/Textures/TX_Buoy_01_Rust_NRM.TGA using Guid(ebf2aa438abc7fb47bc5368d12bfb43e) Importer(2089858483,0ecaa5967403d082aa24f35e1b516d23)  -> (artifact id: '6e00a9307cd53af89ee86443aee64d77') in 0.028381 seconds
Number of updated asset objects reloaded before import = 0
Number of asset objects unloaded after import = 1
========================================================================
Received Import Request.
  Time since last request: 0.000009 seconds.
  path: Assets/Fishing Docks and Boats/Prefab/Prfb_Lifering_01a.prefab
  artifactKey: Guid(c4ce9f243bf4b5f458557da54afb051a) Importer(2089858483,0ecaa5967403d082aa24f35e1b516d23)
Start importing Assets/Fishing Docks and Boats/Prefab/Prfb_Lifering_01a.prefab using Guid(c4ce9f243bf4b5f458557da54afb051a) Importer(2089858483,0ecaa5967403d082aa24f35e1b516d23)  -> (artifact id: '5736ed9e155080bd407a0d1392f628e6') in 0.030781 seconds
Number of updated asset objects reloaded before import = 0
Number of asset objects unloaded after import = 8
========================================================================
Received Import Request.
  Time since last request: 0.000011 seconds.
  path: Assets/Fishing Docks and Boats/Textures/TX_Buoy_01_Rust_ORM.TGA
  artifactKey: Guid(535c7d35c846fc643abcfc4199be7c3f) Importer(2089858483,0ecaa5967403d082aa24f35e1b516d23)
Start importing Assets/Fishing Docks and Boats/Textures/TX_Buoy_01_Rust_ORM.TGA using Guid(535c7d35c846fc643abcfc4199be7c3f) Importer(2089858483,0ecaa5967403d082aa24f35e1b516d23)  -> (artifact id: '3b1d68870d82aca9d49b43dfc76575ae') in 0.030002 seconds
Number of updated asset objects reloaded before import = 0
Number of asset objects unloaded after import = 1
========================================================================
Received Import Request.
  Time since last request: 0.000010 seconds.
  path: Assets/Fishing Docks and Boats/Prefab/Prfb_Fishing_Hat_01a.prefab
  artifactKey: Guid(850004c092bdf554286b5c3f4780249b) Importer(2089858483,0ecaa5967403d082aa24f35e1b516d23)
Start importing Assets/Fishing Docks and Boats/Prefab/Prfb_Fishing_Hat_01a.prefab using Guid(850004c092bdf554286b5c3f4780249b) Importer(2089858483,0ecaa5967403d082aa24f35e1b516d23)  -> (artifact id: '2fd2b89b9fd2fc2c56439d2256844bf5') in 0.028367 seconds
Number of updated asset objects reloaded before import = 0
Number of asset objects unloaded after import = 8
========================================================================
Received Import Request.
  Time since last request: 0.000012 seconds.
  path: Assets/Fishing Docks and Boats/Prefab/Prfb_PlasticBarrel_01a.prefab
  artifactKey: Guid(601ed5cb220df5d48897d57d40033d76) Importer(2089858483,0ecaa5967403d082aa24f35e1b516d23)
Start importing Assets/Fishing Docks and Boats/Prefab/Prfb_PlasticBarrel_01a.prefab using Guid(601ed5cb220df5d48897d57d40033d76) Importer(2089858483,0ecaa5967403d082aa24f35e1b516d23)  -> (artifact id: '27d7914384892afe8aff970c7f9dcf50') in 0.026911 seconds
Number of updated asset objects reloaded before import = 0
Number of asset objects unloaded after import = 8
========================================================================
Received Import Request.
  Time since last request: 0.000015 seconds.
  path: Assets/Fishing Docks and Boats/Textures/TX_Boat_01a_MASK.TGA
  artifactKey: Guid(d14233fc97cc82c4b80019c52f8820d2) Importer(2089858483,0ecaa5967403d082aa24f35e1b516d23)
Start importing Assets/Fishing Docks and Boats/Textures/TX_Boat_01a_MASK.TGA using Guid(d14233fc97cc82c4b80019c52f8820d2) Importer(2089858483,0ecaa5967403d082aa24f35e1b516d23)  -> (artifact id: 'ccff47882a937c120936daa8507327d1') in 0.024083 seconds
Number of updated asset objects reloaded before import = 0
Number of asset objects unloaded after import = 1
========================================================================
Received Import Request.
  Time since last request: 0.000011 seconds.
  path: Assets/Fishing Docks and Boats/Textures/TX_Bucket_DIF.TGA
  artifactKey: Guid(c91ee35e0bfac0148938a6bcc8ae0b1d) Importer(2089858483,0ecaa5967403d082aa24f35e1b516d23)
Start importing Assets/Fishing Docks and Boats/Textures/TX_Bucket_DIF.TGA using Guid(c91ee35e0bfac0148938a6bcc8ae0b1d) Importer(2089858483,0ecaa5967403d082aa24f35e1b516d23)  -> (artifact id: '96f4ff57083b6b9f566b7e11dc0aef52') in 0.024854 seconds
Number of updated asset objects reloaded before import = 0
Number of asset objects unloaded after import = 1
========================================================================
Received Import Request.
  Time since last request: 0.000012 seconds.
  path: Assets/Fishing Docks and Boats/Textures/TX_Fishing_Rod_01a_DIF.TGA
  artifactKey: Guid(4fd06036e94cf964db83f1fafa8f20a2) Importer(2089858483,0ecaa5967403d082aa24f35e1b516d23)
Start importing Assets/Fishing Docks and Boats/Textures/TX_Fishing_Rod_01a_DIF.TGA using Guid(4fd06036e94cf964db83f1fafa8f20a2) Importer(2089858483,0ecaa5967403d082aa24f35e1b516d23)  -> (artifact id: 'ab24bf7026a0edfbf992a02062d41653') in 0.024317 seconds
Number of updated asset objects reloaded before import = 0
Number of asset objects unloaded after import = 1
========================================================================
Received Import Request.
  Time since last request: 0.000015 seconds.
  path: Assets/Fishing Docks and Boats/Textures/TX_FishingNet_01a_NRM.TGA
  artifactKey: Guid(749a8aec958a8e948a9e8d0061892883) Importer(2089858483,0ecaa5967403d082aa24f35e1b516d23)
Start importing Assets/Fishing Docks and Boats/Textures/TX_FishingNet_01a_NRM.TGA using Guid(749a8aec958a8e948a9e8d0061892883) Importer(2089858483,0ecaa5967403d082aa24f35e1b516d23)  -> (artifact id: '7c420f3b76af2d1331bc6a86d4c112e7') in 0.025561 seconds
Number of updated asset objects reloaded before import = 0
Number of asset objects unloaded after import = 1
========================================================================
Received Import Request.
  Time since last request: 0.000020 seconds.
  path: Assets/Fishing Docks and Boats/Textures/TX_Buoy_UniqueDetails_ORM.TGA
  artifactKey: Guid(f8a6a967929fe524695b870f8f1bd3e3) Importer(2089858483,0ecaa5967403d082aa24f35e1b516d23)
Start importing Assets/Fishing Docks and Boats/Textures/TX_Buoy_UniqueDetails_ORM.TGA using Guid(f8a6a967929fe524695b870f8f1bd3e3) Importer(2089858483,0ecaa5967403d082aa24f35e1b516d23)  -> (artifact id: '868a31176bac540984917fb1fa34ef82') in 0.025427 seconds
Number of updated asset objects reloaded before import = 0
Number of asset objects unloaded after import = 1
========================================================================
Received Import Request.
  Time since last request: 0.000012 seconds.
  path: Assets/Fishing Docks and Boats/Textures/TX_Boat_01c_NRM.TGA
  artifactKey: Guid(1b875d83530491f48b55779bcd57b8e1) Importer(2089858483,0ecaa5967403d082aa24f35e1b516d23)
Start importing Assets/Fishing Docks and Boats/Textures/TX_Boat_01c_NRM.TGA using Guid(1b875d83530491f48b55779bcd57b8e1) Importer(2089858483,0ecaa5967403d082aa24f35e1b516d23)  -> (artifact id: 'c5ea2e2466ef19350f561194953f82ff') in 0.027105 seconds
Number of updated asset objects reloaded before import = 0
Number of asset objects unloaded after import = 1
========================================================================
Received Import Request.
  Time since last request: 0.000010 seconds.
  path: Assets/Fishing Docks and Boats/Prefab/Prfb_Boat_01d.prefab
  artifactKey: Guid(f56682309855cd04aae66c33f9e62d47) Importer(2089858483,0ecaa5967403d082aa24f35e1b516d23)
Start importing Assets/Fishing Docks and Boats/Prefab/Prfb_Boat_01d.prefab using Guid(f56682309855cd04aae66c33f9e62d47) Importer(2089858483,0ecaa5967403d082aa24f35e1b516d23)  -> (artifact id: '0f44c4ee40505f2fb106159ba57f68ed') in 0.024967 seconds
Number of updated asset objects reloaded before import = 0
Number of asset objects unloaded after import = 8
========================================================================
Received Import Request.
  Time since last request: 0.000012 seconds.
  path: Assets/Fishing Docks and Boats/Textures/TX_Docks_01a_ORM.TGA
  artifactKey: Guid(6bc603afdaf2c8346a7e9ab8cae1eb9a) Importer(2089858483,0ecaa5967403d082aa24f35e1b516d23)
Start importing Assets/Fishing Docks and Boats/Textures/TX_Docks_01a_ORM.TGA using Guid(6bc603afdaf2c8346a7e9ab8cae1eb9a) Importer(2089858483,0ecaa5967403d082aa24f35e1b516d23)  -> (artifact id: 'a87f14de781ce9439522883fc554b999') in 0.023831 seconds
Number of updated asset objects reloaded before import = 0
Number of asset objects unloaded after import = 1
========================================================================
Received Import Request.
  Time since last request: 0.000026 seconds.
  path: Assets/Fishing Docks and Boats/Prefab/Prfb_Oar_01a.prefab
  artifactKey: Guid(65e26657adcd43f4eadcb911594ef477) Importer(2089858483,0ecaa5967403d082aa24f35e1b516d23)
Start importing Assets/Fishing Docks and Boats/Prefab/Prfb_Oar_01a.prefab using Guid(65e26657adcd43f4eadcb911594ef477) Importer(2089858483,0ecaa5967403d082aa24f35e1b516d23)  -> (artifact id: '5ae372adb6c1ddd8b9c868df5569fb2d') in 0.022898 seconds
Number of updated asset objects reloaded before import = 0
Number of asset objects unloaded after import = 8
========================================================================
Received Import Request.
  Time since last request: 0.000011 seconds.
  path: Assets/Fishing Docks and Boats/Prefab/Prfb_FlareGun_01a.prefab
  artifactKey: Guid(76af5d11f7ab5ed418cf0cf80faef2e0) Importer(2089858483,0ecaa5967403d082aa24f35e1b516d23)
Start importing Assets/Fishing Docks and Boats/Prefab/Prfb_FlareGun_01a.prefab using Guid(76af5d11f7ab5ed418cf0cf80faef2e0) Importer(2089858483,0ecaa5967403d082aa24f35e1b516d23)  -> (artifact id: 'ee820d01a7ce02373dd000b570bad702') in 0.021269 seconds
Number of updated asset objects reloaded before import = 0
Number of asset objects unloaded after import = 8
========================================================================
Received Import Request.
  Time since last request: 0.000015 seconds.
  path: Assets/Fishing Docks and Boats/Textures/TX_Fishing_Hat_02a_DIF.TGA
  artifactKey: Guid(eebd8ce2f7fdced4d9dc316ccb65a97c) Importer(2089858483,0ecaa5967403d082aa24f35e1b516d23)
Start importing Assets/Fishing Docks and Boats/Textures/TX_Fishing_Hat_02a_DIF.TGA using Guid(eebd8ce2f7fdced4d9dc316ccb65a97c) Importer(2089858483,0ecaa5967403d082aa24f35e1b516d23)  -> (artifact id: 'b9f494292f7bdb2404b986adab380f67') in 0.018311 seconds
Number of updated asset objects reloaded before import = 0
Number of asset objects unloaded after import = 1
========================================================================
Received Import Request.
  Time since last request: 0.000022 seconds.
  path: Assets/Fishing Docks and Boats/Textures/TX_CoolerBox_01a_NRM.TGA
  artifactKey: Guid(382a9af8b4bf2f5498adfe1fcdceaa4e) Importer(2089858483,0ecaa5967403d082aa24f35e1b516d23)
Start importing Assets/Fishing Docks and Boats/Textures/TX_CoolerBox_01a_NRM.TGA using Guid(382a9af8b4bf2f5498adfe1fcdceaa4e) Importer(2089858483,0ecaa5967403d082aa24f35e1b516d23)  -> (artifact id: '4aa4e4a707a3f369e7e1ac05bb95a9cd') in 0.019952 seconds
Number of updated asset objects reloaded before import = 0
Number of asset objects unloaded after import = 1
========================================================================
Received Import Request.
  Time since last request: 0.000013 seconds.
  path: Assets/Fishing Docks and Boats/Prefab/Prfb_Tyre_01c.prefab
  artifactKey: Guid(beb95d4749bbdc347bec259326f7e71a) Importer(2089858483,0ecaa5967403d082aa24f35e1b516d23)
Start importing Assets/Fishing Docks and Boats/Prefab/Prfb_Tyre_01c.prefab using Guid(beb95d4749bbdc347bec259326f7e71a) Importer(2089858483,0ecaa5967403d082aa24f35e1b516d23)  -> (artifact id: '5e7ba659d4a9c7ffa09e7eb7a5c6173b') in 0.022245 seconds
Number of updated asset objects reloaded before import = 0
Number of asset objects unloaded after import = 8
========================================================================
Received Import Request.
  Time since last request: 0.000013 seconds.
  path: Assets/Fishing Docks and Boats/Textures/TX_Boat_01c_ORM.TGA
  artifactKey: Guid(0ceb22fe1d221e848b863572bc0f8254) Importer(2089858483,0ecaa5967403d082aa24f35e1b516d23)
Start importing Assets/Fishing Docks and Boats/Textures/TX_Boat_01c_ORM.TGA using Guid(0ceb22fe1d221e848b863572bc0f8254) Importer(2089858483,0ecaa5967403d082aa24f35e1b516d23)  -> (artifact id: 'd70031ea8f9f8ef552cfc1891304c7a2') in 0.023106 seconds
Number of updated asset objects reloaded before import = 0
Number of asset objects unloaded after import = 1
========================================================================
Received Import Request.
  Time since last request: 0.000023 seconds.
  path: Assets/Fishing Docks and Boats/Prefab/Prfb_BaitBox_01c.prefab
  artifactKey: Guid(6a703e0a85ce72948a6f3526ce4618c2) Importer(2089858483,0ecaa5967403d082aa24f35e1b516d23)
Start importing Assets/Fishing Docks and Boats/Prefab/Prfb_BaitBox_01c.prefab using Guid(6a703e0a85ce72948a6f3526ce4618c2) Importer(2089858483,0ecaa5967403d082aa24f35e1b516d23)  -> (artifact id: 'be35c4a2e140010dd7153757844abf02') in 0.022686 seconds
Number of updated asset objects reloaded before import = 0
Number of asset objects unloaded after import = 8
========================================================================
Received Import Request.
  Time since last request: 0.000013 seconds.
  path: Assets/Fishing Docks and Boats/Prefab/Prfb_Boat_01e.prefab
  artifactKey: Guid(1dcaa0510ea4d9543ad621624c3a0c7f) Importer(2089858483,0ecaa5967403d082aa24f35e1b516d23)
Start importing Assets/Fishing Docks and Boats/Prefab/Prfb_Boat_01e.prefab using Guid(1dcaa0510ea4d9543ad621624c3a0c7f) Importer(2089858483,0ecaa5967403d082aa24f35e1b516d23)  -> (artifact id: '612ba912d498ea6f063157960ef8ef1f') in 0.020068 seconds
Number of updated asset objects reloaded before import = 0
Number of asset objects unloaded after import = 8
========================================================================
Received Import Request.
  Time since last request: 0.000012 seconds.
  path: Assets/Fishing Docks and Boats/Prefab/Prfb_FishingBoots_01a.prefab
  artifactKey: Guid(152ecb123a98c5240a5b02267c9d2691) Importer(2089858483,0ecaa5967403d082aa24f35e1b516d23)
Start importing Assets/Fishing Docks and Boats/Prefab/Prfb_FishingBoots_01a.prefab using Guid(152ecb123a98c5240a5b02267c9d2691) Importer(2089858483,0ecaa5967403d082aa24f35e1b516d23)  -> (artifact id: '643c0b470c2bf5aa7fcb7736a4054717') in 0.022999 seconds
Number of updated asset objects reloaded before import = 0
Number of asset objects unloaded after import = 8
========================================================================
Received Import Request.
  Time since last request: 0.000016 seconds.
  path: Assets/Fishing Docks and Boats/Textures/TX_Buoy_UniqueDetails_DIF.TGA
  artifactKey: Guid(67aacf5aa8e33424aad75a911a1e00f9) Importer(2089858483,0ecaa5967403d082aa24f35e1b516d23)
Start importing Assets/Fishing Docks and Boats/Textures/TX_Buoy_UniqueDetails_DIF.TGA using Guid(67aacf5aa8e33424aad75a911a1e00f9) Importer(2089858483,0ecaa5967403d082aa24f35e1b516d23)  -> (artifact id: 'e5c20e5a6ac715b5d451f0554a3a550b') in 0.021375 seconds
Number of updated asset objects reloaded before import = 0
Number of asset objects unloaded after import = 1
========================================================================
Received Import Request.
  Time since last request: 0.000012 seconds.
  path: Assets/Fishing Docks and Boats/Textures/TX_FishingNet_01a_OPC.BMP
  artifactKey: Guid(0f3a5a5b1f5452b49846c7a294f44727) Importer(2089858483,0ecaa5967403d082aa24f35e1b516d23)
Start importing Assets/Fishing Docks and Boats/Textures/TX_FishingNet_01a_OPC.BMP using Guid(0f3a5a5b1f5452b49846c7a294f44727) Importer(2089858483,0ecaa5967403d082aa24f35e1b516d23)  -> (artifact id: '839ab51e2b2c65e17ad186fd54e8d491') in 0.023575 seconds
Number of updated asset objects reloaded before import = 0
Number of asset objects unloaded after import = 1
========================================================================
Received Import Request.
  Time since last request: 0.000010 seconds.
  path: Assets/Fishing Docks and Boats/Textures/TX_BaitBox_ORM.TGA
  artifactKey: Guid(9727b52494b29c5419dae1c813084d61) Importer(2089858483,0ecaa5967403d082aa24f35e1b516d23)
Start importing Assets/Fishing Docks and Boats/Textures/TX_BaitBox_ORM.TGA using Guid(9727b52494b29c5419dae1c813084d61) Importer(2089858483,0ecaa5967403d082aa24f35e1b516d23)  -> (artifact id: '02d9c793484dbe85be1666cdbd4c48e6') in 0.022911 seconds
Number of updated asset objects reloaded before import = 0
Number of asset objects unloaded after import = 1
========================================================================
Received Import Request.
  Time since last request: 0.000026 seconds.
  path: Assets/Fishing Docks and Boats/Prefab/Prfb_FlareGun_01b_e.prefab
  artifactKey: Guid(b22b951e15b03d34395c80e3aefc1d21) Importer(2089858483,0ecaa5967403d082aa24f35e1b516d23)
Start importing Assets/Fishing Docks and Boats/Prefab/Prfb_FlareGun_01b_e.prefab using Guid(b22b951e15b03d34395c80e3aefc1d21) Importer(2089858483,0ecaa5967403d082aa24f35e1b516d23)  -> (artifact id: 'c7a0864ed8dc83d0d5cf24c265349430') in 0.022556 seconds
Number of updated asset objects reloaded before import = 0
Number of asset objects unloaded after import = 8
========================================================================
Received Import Request.
  Time since last request: 0.000011 seconds.
  path: Assets/Fishing Docks and Boats/Textures/TX_Boat_01b_NRM.TGA
  artifactKey: Guid(1c763449d2bf0004fb541d0077f2531f) Importer(2089858483,0ecaa5967403d082aa24f35e1b516d23)
Start importing Assets/Fishing Docks and Boats/Textures/TX_Boat_01b_NRM.TGA using Guid(1c763449d2bf0004fb541d0077f2531f) Importer(2089858483,0ecaa5967403d082aa24f35e1b516d23)  -> (artifact id: '1a1978a492da833d9adc1a4ab0505f65') in 0.019620 seconds
Number of updated asset objects reloaded before import = 0
Number of asset objects unloaded after import = 1
========================================================================
Received Import Request.
  Time since last request: 0.000012 seconds.
  path: Assets/Fishing Docks and Boats/Prefab/Prfb_FlareGun_01b_b.prefab
  artifactKey: Guid(798867527d9d9e942b97780bbbb4fd59) Importer(2089858483,0ecaa5967403d082aa24f35e1b516d23)
Start importing Assets/Fishing Docks and Boats/Prefab/Prfb_FlareGun_01b_b.prefab using Guid(798867527d9d9e942b97780bbbb4fd59) Importer(2089858483,0ecaa5967403d082aa24f35e1b516d23)  -> (artifact id: 'be16f265055ba36547cc5dcc639e0c6c') in 0.020490 seconds
Number of updated asset objects reloaded before import = 0
Number of asset objects unloaded after import = 8
========================================================================
Received Import Request.
  Time since last request: 0.000010 seconds.
  path: Assets/Fishing Docks and Boats/Prefab/Prfb_TackleBox_01b.prefab
  artifactKey: Guid(9c751c1365724604598a4c8ed3621378) Importer(2089858483,0ecaa5967403d082aa24f35e1b516d23)
Start importing Assets/Fishing Docks and Boats/Prefab/Prfb_TackleBox_01b.prefab using Guid(9c751c1365724604598a4c8ed3621378) Importer(2089858483,0ecaa5967403d082aa24f35e1b516d23)  -> (artifact id: '7964d2efc9712478d92e2d5d0f63c952') in 0.019939 seconds
Number of updated asset objects reloaded before import = 0
Number of asset objects unloaded after import = 8
========================================================================
Received Import Request.
  Time since last request: 0.590058 seconds.
  path: Assets/Fishing Docks and Boats/Textures/TX_PlasticBarrel_01a_ORM.TGA
  artifactKey: Guid(6cc34f555ccf17841bd772737a369e7b) Importer(2089858483,0ecaa5967403d082aa24f35e1b516d23)
Start importing Assets/Fishing Docks and Boats/Textures/TX_PlasticBarrel_01a_ORM.TGA using Guid(6cc34f555ccf17841bd772737a369e7b) Importer(2089858483,0ecaa5967403d082aa24f35e1b516d23)  -> (artifact id: 'ca702731c31a615a4e57a5a782a9fbd7') in 0.022144 seconds
Number of updated asset objects reloaded before import = 0
Number of asset objects unloaded after import = 1
========================================================================
Received Import Request.
  Time since last request: 0.000013 seconds.
  path: Assets/Plugins/PlayMaker/PlayMaker.dll.mdb
  artifactKey: Guid(8947321615145f64c96e04f5e0eed46b) Importer(2089858483,0ecaa5967403d082aa24f35e1b516d23)
Start importing Assets/Plugins/PlayMaker/PlayMaker.dll.mdb using Guid(8947321615145f64c96e04f5e0eed46b) Importer(2089858483,0ecaa5967403d082aa24f35e1b516d23)  -> (artifact id: '7c7093323aa6e8edfb5ba0e008511c2b') in 0.014769 seconds
Number of updated asset objects reloaded before import = 0
Number of asset objects unloaded after import = 1
========================================================================
Received Import Request.
  Time since last request: 0.000026 seconds.
  path: Assets/PlayMaker/Actions/ActionHelpers.cs
  artifactKey: Guid(6fa3fbb2e52978b4aaf7ba4568017953) Importer(2089858483,0ecaa5967403d082aa24f35e1b516d23)
Start importing Assets/PlayMaker/Actions/ActionHelpers.cs using Guid(6fa3fbb2e52978b4aaf7ba4568017953) Importer(2089858483,0ecaa5967403d082aa24f35e1b516d23)  -> (artifact id: '9ff44577caf144e71ce6290b8b572944') in 0.018998 seconds
Number of updated asset objects reloaded before import = 0
Number of asset objects unloaded after import = 1
========================================================================
Received Import Request.
  Time since last request: 0.000020 seconds.
  path: Assets/3D/sion/primitives/3-8.fbx
  artifactKey: Guid(e17039327e1cbce4fa350fb1b9ea789f) Importer(2089858483,0ecaa5967403d082aa24f35e1b516d23)
Start importing Assets/3D/sion/primitives/3-8.fbx using Guid(e17039327e1cbce4fa350fb1b9ea789f) Importer(2089858483,0ecaa5967403d082aa24f35e1b516d23)  -> (artifact id: '4aaf8d786512434c771c3744aac5cca4') in 0.027192 seconds
Number of updated asset objects reloaded before import = 0
Number of asset objects unloaded after import = 7
========================================================================
Received Import Request.
  Time since last request: 0.000013 seconds.
  path: Assets/UniGLTF/DepthFirstScheduler/IEnumeratorExtensions.cs
  artifactKey: Guid(4719fc9e6319c654b8a4818bef2c3a85) Importer(2089858483,0ecaa5967403d082aa24f35e1b516d23)
Start importing Assets/UniGLTF/DepthFirstScheduler/IEnumeratorExtensions.cs using Guid(4719fc9e6319c654b8a4818bef2c3a85) Importer(2089858483,0ecaa5967403d082aa24f35e1b516d23)  -> (artifact id: '4c4cfd35de4af1b8c28af387f19f007d') in 0.010085 seconds
Number of updated asset objects reloaded before import = 0
Number of asset objects unloaded after import = 1
========================================================================
Received Import Request.
  Time since last request: 0.000052 seconds.
  path: Assets/PlayMaker/Editor/PlayMakerAutoUpdater.cs
  artifactKey: Guid(e04f17956f363754e8bb25460c272e6e) Importer(2089858483,0ecaa5967403d082aa24f35e1b516d23)
Start importing Assets/PlayMaker/Editor/PlayMakerAutoUpdater.cs using Guid(e04f17956f363754e8bb25460c272e6e) Importer(2089858483,0ecaa5967403d082aa24f35e1b516d23)  -> (artifact id: 'c709ee4717d1890f65bc31b59ba39e3e') in 0.013558 seconds
Number of updated asset objects reloaded before import = 0
Number of asset objects unloaded after import = 1
========================================================================
Received Import Request.
  Time since last request: 0.000010 seconds.
  path: Assets/UniGLTF/DepthFirstScheduler/Schedulable.cs
  artifactKey: Guid(45e21e7db278f344fbaeffc4c4b82b1e) Importer(2089858483,0ecaa5967403d082aa24f35e1b516d23)
Start importing Assets/UniGLTF/DepthFirstScheduler/Schedulable.cs using Guid(45e21e7db278f344fbaeffc4c4b82b1e) Importer(2089858483,0ecaa5967403d082aa24f35e1b516d23)  -> (artifact id: 'e2f13c0dcdfa6325cfa8182a1fb8cd33') in 0.014520 seconds
Number of updated asset objects reloaded before import = 0
Number of asset objects unloaded after import = 1
========================================================================
Received Import Request.
  Time since last request: 0.000030 seconds.
  path: Assets/PlayMaker/Editor/FsmGlobalsWindow.cs
  artifactKey: Guid(ceeab317aa52436458270ec33862f2f5) Importer(2089858483,0ecaa5967403d082aa24f35e1b516d23)
Start importing Assets/PlayMaker/Editor/FsmGlobalsWindow.cs using Guid(ceeab317aa52436458270ec33862f2f5) Importer(2089858483,0ecaa5967403d082aa24f35e1b516d23)  -> (artifact id: 'c35124a7c561b0bebfe2c482b25ce554') in 0.012779 seconds
Number of updated asset objects reloaded before import = 0
Number of asset objects unloaded after import = 1
========================================================================
Received Import Request.
  Time since last request: 0.000013 seconds.
  path: Assets/3D/sion/primitives/wakkalkururi.fbx
  artifactKey: Guid(108cd9953844c0445a98e92a04501c01) Importer(2089858483,0ecaa5967403d082aa24f35e1b516d23)
Start importing Assets/3D/sion/primitives/wakkalkururi.fbx using Guid(108cd9953844c0445a98e92a04501c01) Importer(2089858483,0ecaa5967403d082aa24f35e1b516d23)  -> (artifact id: '4c104d4543ab44cf46529833504dae57') in 0.022967 seconds
Number of updated asset objects reloaded before import = 0
Number of asset objects unloaded after import = 7
========================================================================
Received Import Request.
  Time since last request: 0.000010 seconds.
  path: Assets/3D/Ota/104795-Test-tex.Materials/material0002.asset
  artifactKey: Guid(5ddc5cb216a9d00408c8e88e77c7df5f) Importer(2089858483,0ecaa5967403d082aa24f35e1b516d23)
Start importing Assets/3D/Ota/104795-Test-tex.Materials/material0002.asset using Guid(5ddc5cb216a9d00408c8e88e77c7df5f) Importer(2089858483,0ecaa5967403d082aa24f35e1b516d23)  -> (artifact id: '73848f959366b3f3b02b6d9848b80032') in 0.020300 seconds
Number of updated asset objects reloaded before import = 0
Number of asset objects unloaded after import = 3
========================================================================
Received Import Request.
  Time since last request: 0.000014 seconds.
  path: Assets/PolyTope_VoxelWorld_Animals/Content/Post-Processing Profile.asset
  artifactKey: Guid(92f04b6d899a9294797c5153b02bc53d) Importer(2089858483,0ecaa5967403d082aa24f35e1b516d23)
Start importing Assets/PolyTope_VoxelWorld_Animals/Content/Post-Processing Profile.asset using Guid(92f04b6d899a9294797c5153b02bc53d) Importer(2089858483,0ecaa5967403d082aa24f35e1b516d23)  -> (artifact id: '199f4fd3194c6bd33c8167d1303058dc') in 0.011348 seconds
Number of updated asset objects reloaded before import = 0
Number of asset objects unloaded after import = 1
========================================================================
Received Import Request.
  Time since last request: 0.000011 seconds.
  path: Assets/PlayMaker/Actions/ComponentAction.cs
  artifactKey: Guid(fe02f53520edc8b419bac5fadc0630fd) Importer(2089858483,0ecaa5967403d082aa24f35e1b516d23)
Start importing Assets/PlayMaker/Actions/ComponentAction.cs using Guid(fe02f53520edc8b419bac5fadc0630fd) Importer(2089858483,0ecaa5967403d082aa24f35e1b516d23)  -> (artifact id: '04570459ba2870c8cc70d5d04decb77b') in 0.009797 seconds
Number of updated asset objects reloaded before import = 0
Number of asset objects unloaded after import = 1
========================================================================
Received Import Request.
  Time since last request: 0.000028 seconds.
  path: Assets/PlayMaker/Editor/PlayMakerEditor.dll.mdb
  artifactKey: Guid(676b95d8233a4f74699272b34a47277b) Importer(2089858483,0ecaa5967403d082aa24f35e1b516d23)
Start importing Assets/PlayMaker/Editor/PlayMakerEditor.dll.mdb using Guid(676b95d8233a4f74699272b34a47277b) Importer(2089858483,0ecaa5967403d082aa24f35e1b516d23)  -> (artifact id: 'e48976fbb7684c0a6dd7c2d49b519d20') in 0.011099 seconds
Number of updated asset objects reloaded before import = 0
Number of asset objects unloaded after import = 1
========================================================================
Received Import Request.
  Time since last request: 0.000010 seconds.
  path: Assets/3D/Ota/104795-Test-tex.Materials/material0001.asset
  artifactKey: Guid(f8c9931ce3f177a4c86488a5385168f3) Importer(2089858483,0ecaa5967403d082aa24f35e1b516d23)
Start importing Assets/3D/Ota/104795-Test-tex.Materials/material0001.asset using Guid(f8c9931ce3f177a4c86488a5385168f3) Importer(2089858483,0ecaa5967403d082aa24f35e1b516d23)  -> (artifact id: '572b24c2a058e375832fdb93cab8618b') in 0.012432 seconds
Number of updated asset objects reloaded before import = 0
Number of asset objects unloaded after import = 3
========================================================================
Received Import Request.
  Time since last request: 0.000013 seconds.
  path: Assets/3D/sion/primitives/3-5.fbx
  artifactKey: Guid(cd2eb4a18be768f4cb99f034bbc74a57) Importer(2089858483,0ecaa5967403d082aa24f35e1b516d23)
Start importing Assets/3D/sion/primitives/3-5.fbx using Guid(cd2eb4a18be768f4cb99f034bbc74a57) Importer(2089858483,0ecaa5967403d082aa24f35e1b516d23)  -> (artifact id: 'd6db942b2dc354fecff573241e6d0eec') in 0.021865 seconds
Number of updated asset objects reloaded before import = 0
Number of asset objects unloaded after import = 7
========================================================================
Received Import Request.
  Time since last request: 0.000015 seconds.
  path: Assets/PlayMaker/Editor/BaseGuidedTourWindow.cs
  artifactKey: Guid(66264a064abb93f41933ecac8eee6196) Importer(2089858483,0ecaa5967403d082aa24f35e1b516d23)
Start importing Assets/PlayMaker/Editor/BaseGuidedTourWindow.cs using Guid(66264a064abb93f41933ecac8eee6196) Importer(2089858483,0ecaa5967403d082aa24f35e1b516d23)  -> (artifact id: '8da67474756a31ff528cebaa457876c6') in 0.009692 seconds
Number of updated asset objects reloaded before import = 0
Number of asset objects unloaded after import = 1
========================================================================
Received Import Request.
  Time since last request: 0.000016 seconds.
  path: Assets/UniGLTF/doc/SciFiHelmet.png
  artifactKey: Guid(af8ae648cfa51a340ac40fe7462cab62) Importer(2089858483,0ecaa5967403d082aa24f35e1b516d23)
Start importing Assets/UniGLTF/doc/SciFiHelmet.png using Guid(af8ae648cfa51a340ac40fe7462cab62) Importer(2089858483,0ecaa5967403d082aa24f35e1b516d23)  -> (artifact id: '3c45c4134345901be3b26c74ef0e0e51') in 0.020018 seconds
Number of updated asset objects reloaded before import = 0
Number of asset objects unloaded after import = 1
========================================================================
Received Import Request.
  Time since last request: 0.000050 seconds.
  path: Assets/UniGLTF/DepthFirstScheduler/LockQueue.cs
  artifactKey: Guid(f6b1eb436e400704ab6e2ad6eff29f4b) Importer(2089858483,0ecaa5967403d082aa24f35e1b516d23)
Start importing Assets/UniGLTF/DepthFirstScheduler/LockQueue.cs using Guid(f6b1eb436e400704ab6e2ad6eff29f4b) Importer(2089858483,0ecaa5967403d082aa24f35e1b516d23)  -> (artifact id: 'efd6038bbde683ba7b2ff8e4b781234f') in 0.013725 seconds
Number of updated asset objects reloaded before import = 0
Number of asset objects unloaded after import = 1
========================================================================
Received Import Request.
  Time since last request: 0.000010 seconds.
  path: Assets/UniGLTF/doc/metalroughness.png
  artifactKey: Guid(9562eeb01fd74dd45a551d868c32b1e6) Importer(2089858483,0ecaa5967403d082aa24f35e1b516d23)
Start importing Assets/UniGLTF/doc/metalroughness.png using Guid(9562eeb01fd74dd45a551d868c32b1e6) Importer(2089858483,0ecaa5967403d082aa24f35e1b516d23)  -> (artifact id: 'c3f0ae43a06e627ae5804b536d34aed6') in 0.015721 seconds
Number of updated asset objects reloaded before import = 0
Number of asset objects unloaded after import = 1
========================================================================
Received Import Request.
  Time since last request: 0.000011 seconds.
  path: Assets/3D/Ota/104795-Test-tex.Materials/material0000.asset
  artifactKey: Guid(ab34c9e1a43b58f4b81438826233d887) Importer(2089858483,0ecaa5967403d082aa24f35e1b516d23)
Start importing Assets/3D/Ota/104795-Test-tex.Materials/material0000.asset using Guid(ab34c9e1a43b58f4b81438826233d887) Importer(2089858483,0ecaa5967403d082aa24f35e1b516d23)  -> (artifact id: '2e7a5350b0f6ebdb75b26191beae1858') in 0.012808 seconds
Number of updated asset objects reloaded before import = 0
Number of asset objects unloaded after import = 3
========================================================================
Received Import Request.
  Time since last request: 0.000012 seconds.
  path: Assets/UniGLTF/DepthFirstScheduler/Scheduler.cs
  artifactKey: Guid(5a160dc164df4094dbbc892055ac82ae) Importer(2089858483,0ecaa5967403d082aa24f35e1b516d23)
Start importing Assets/UniGLTF/DepthFirstScheduler/Scheduler.cs using Guid(5a160dc164df4094dbbc892055ac82ae) Importer(2089858483,0ecaa5967403d082aa24f35e1b516d23)  -> (artifact id: '102052ac6d07e214d381e814742ddf8d') in 0.013472 seconds
Number of updated asset objects reloaded before import = 0
Number of asset objects unloaded after import = 1
========================================================================
Received Import Request.
  Time since last request: 0.000010 seconds.
  path: Assets/UniGLTF/doc/pbr_to_standard.png
  artifactKey: Guid(300c7a0839ab0e24bb25c7f268696f2e) Importer(2089858483,0ecaa5967403d082aa24f35e1b516d23)
Start importing Assets/UniGLTF/doc/pbr_to_standard.png using Guid(300c7a0839ab0e24bb25c7f268696f2e) Importer(2089858483,0ecaa5967403d082aa24f35e1b516d23)  -> (artifact id: 'a6f3b7fbcf2706570d5d637f93c60612') in 0.017385 seconds
Number of updated asset objects reloaded before import = 0
Number of asset objects unloaded after import = 1
========================================================================
Received Import Request.
  Time since last request: 0.000041 seconds.
  path: Assets/Fishing Docks and Boats/Textures/TX_SM_Rope_01a_DIF.TGA
  artifactKey: Guid(c87127bd8c1fdc7409a2fdf9347f9a1c) Importer(2089858483,0ecaa5967403d082aa24f35e1b516d23)
Start importing Assets/Fishing Docks and Boats/Textures/TX_SM_Rope_01a_DIF.TGA using Guid(c87127bd8c1fdc7409a2fdf9347f9a1c) Importer(2089858483,0ecaa5967403d082aa24f35e1b516d23)  -> (artifact id: 'b24ce5f5be68ced3cd7d542d240542dd') in 0.019235 seconds
Number of updated asset objects reloaded before import = 0
Number of asset objects unloaded after import = 1
========================================================================
Received Import Request.
  Time since last request: 0.000011 seconds.
  path: Assets/UniGLTF/UniJSON/README.md
  artifactKey: Guid(aacd90cc96ffbef4bb472bcb90b2620d) Importer(2089858483,0ecaa5967403d082aa24f35e1b516d23)
Start importing Assets/UniGLTF/UniJSON/README.md using Guid(aacd90cc96ffbef4bb472bcb90b2620d) Importer(2089858483,0ecaa5967403d082aa24f35e1b516d23)  -> (artifact id: 'f1473dce837ab0ba8b9b83fecfa15e62') in 0.016404 seconds
Number of updated asset objects reloaded before import = 0
Number of asset objects unloaded after import = 1
========================================================================
Received Import Request.
  Time since last request: 0.000011 seconds.
  path: Assets/PlayMaker/Versions/PlaymakerDefault.unitypackage
  artifactKey: Guid(13193f8361d6541429275feb05e0eafe) Importer(2089858483,0ecaa5967403d082aa24f35e1b516d23)
Start importing Assets/PlayMaker/Versions/PlaymakerDefault.unitypackage using Guid(13193f8361d6541429275feb05e0eafe) Importer(2089858483,0ecaa5967403d082aa24f35e1b516d23)  -> (artifact id: '3126040175f98f33736f7e9332b4a2db') in 0.007731 seconds
Number of updated asset objects reloaded before import = 0
Number of asset objects unloaded after import = 1
========================================================================
Received Import Request.
  Time since last request: 0.000012 seconds.
  path: Assets/PlayMaker/Editor/PlayMakerGUIInspector.cs
  artifactKey: Guid(09fb03dbb5f08ee439901fabf8a2e9e3) Importer(2089858483,0ecaa5967403d082aa24f35e1b516d23)
Start importing Assets/PlayMaker/Editor/PlayMakerGUIInspector.cs using Guid(09fb03dbb5f08ee439901fabf8a2e9e3) Importer(2089858483,0ecaa5967403d082aa24f35e1b516d23)  -> (artifact id: '1ee0a6672bed41e316b310fa19a165f5') in 0.011579 seconds
Number of updated asset objects reloaded before import = 0
Number of asset objects unloaded after import = 1
========================================================================
Received Import Request.
  Time since last request: 0.000009 seconds.
  path: Assets/UniGLTF/UniJSON/LICENSE
  artifactKey: Guid(d0cd28905c8909143a42de7256c727e7) Importer(2089858483,0ecaa5967403d082aa24f35e1b516d23)
Start importing Assets/UniGLTF/UniJSON/LICENSE using Guid(d0cd28905c8909143a42de7256c727e7) Importer(2089858483,0ecaa5967403d082aa24f35e1b516d23)  -> (artifact id: '09ffd72f35422db071ae43f16a864bd7') in 0.012542 seconds
Number of updated asset objects reloaded before import = 0
Number of asset objects unloaded after import = 1
========================================================================
Received Import Request.
  Time since last request: 0.000010 seconds.
  path: Assets/Fishing Docks and Boats/Textures/TX_SM_Rope_01a_NRM.TGA
  artifactKey: Guid(79caaaac1d7e7ad43a799178520ea63c) Importer(2089858483,0ecaa5967403d082aa24f35e1b516d23)
Start importing Assets/Fishing Docks and Boats/Textures/TX_SM_Rope_01a_NRM.TGA using Guid(79caaaac1d7e7ad43a799178520ea63c) Importer(2089858483,0ecaa5967403d082aa24f35e1b516d23)  -> (artifact id: 'dd74cc23ea3257e343cae923ebd7c6f8') in 0.015215 seconds
Number of updated asset objects reloaded before import = 0
Number of asset objects unloaded after import = 1
========================================================================
Received Import Request.
  Time since last request: 1.400562 seconds.
  path: Assets/Alstra Infinite/Fish - PolyPack/Models/SharkV1.fbx
  artifactKey: Guid(ca38d4485fce19f4aa0d3d7bdd8b6cf2) Importer(2089858483,0ecaa5967403d082aa24f35e1b516d23)
Start importing Assets/Alstra Infinite/Fish - PolyPack/Models/SharkV1.fbx using Guid(ca38d4485fce19f4aa0d3d7bdd8b6cf2) Importer(2089858483,0ecaa5967403d082aa24f35e1b516d23)  -> (artifact id: '51659afa62f5207589091624b6cbcac4') in 0.020708 seconds
Number of updated asset objects reloaded before import = 0
Number of asset objects unloaded after import = 9
========================================================================
Received Import Request.
  Time since last request: 0.000012 seconds.
  path: Assets/PlayMaker/Actions/AnimateVariables/AnimateFsmAction.cs
  artifactKey: Guid(b94df5cd261931745bcc35e1aa451330) Importer(2089858483,0ecaa5967403d082aa24f35e1b516d23)
Start importing Assets/PlayMaker/Actions/AnimateVariables/AnimateFsmAction.cs using Guid(b94df5cd261931745bcc35e1aa451330) Importer(2089858483,0ecaa5967403d082aa24f35e1b516d23)  -> (artifact id: '4e244b1c660e9ebd6037e054d0969f9e') in 0.012921 seconds
Number of updated asset objects reloaded before import = 0
Number of asset objects unloaded after import = 1
========================================================================
Received Import Request.
  Time since last request: 0.000013 seconds.
  path: Assets/PlayMaker/Actions/Array/ArrayClear.cs
  artifactKey: Guid(a7235925ce776e34b88138a187d39dc7) Importer(2089858483,0ecaa5967403d082aa24f35e1b516d23)
Start importing Assets/PlayMaker/Actions/Array/ArrayClear.cs using Guid(a7235925ce776e34b88138a187d39dc7) Importer(2089858483,0ecaa5967403d082aa24f35e1b516d23)  -> (artifact id: '8f515fb01363211bc46c2a05a0975d3c') in 0.013756 seconds
Number of updated asset objects reloaded before import = 0
Number of asset objects unloaded after import = 1
========================================================================
Received Import Request.
  Time since last request: 0.000012 seconds.
  path: Assets/PlayMaker/Actions/Array/ArrayTransferValue.cs
  artifactKey: Guid(798d1540b1bfc474fb13e89319c3abae) Importer(2089858483,0ecaa5967403d082aa24f35e1b516d23)
Start importing Assets/PlayMaker/Actions/Array/ArrayTransferValue.cs using Guid(798d1540b1bfc474fb13e89319c3abae) Importer(2089858483,0ecaa5967403d082aa24f35e1b516d23)  -> (artifact id: '9287b5ed19a9d202d2befe18de2c9052') in 0.015238 seconds
Number of updated asset objects reloaded before import = 0
Number of asset objects unloaded after import = 1
========================================================================
Received Import Request.
  Time since last request: 0.000013 seconds.
  path: Assets/PlayMaker/Actions/Animator/SetAnimatorTarget.cs
  artifactKey: Guid(2d24ab33144b5435fbc2d271727badf4) Importer(2089858483,0ecaa5967403d082aa24f35e1b516d23)
Start importing Assets/PlayMaker/Actions/Animator/SetAnimatorTarget.cs using Guid(2d24ab33144b5435fbc2d271727badf4) Importer(2089858483,0ecaa5967403d082aa24f35e1b516d23)  -> (artifact id: '45c2072c7c26d06ee483bdc5fd5f4a20') in 0.038143 seconds
Number of updated asset objects reloaded before import = 0
Number of asset objects unloaded after import = 1
========================================================================
Received Import Request.
  Time since last request: 0.000019 seconds.
  path: Assets/PlayMaker/Actions/Animator/GetAnimatorIsHuman.cs
  artifactKey: Guid(10472a7cdeeae4ec1b7a0a2958ad14ca) Importer(2089858483,0ecaa5967403d082aa24f35e1b516d23)
Start importing Assets/PlayMaker/Actions/Animator/GetAnimatorIsHuman.cs using Guid(10472a7cdeeae4ec1b7a0a2958ad14ca) Importer(2089858483,0ecaa5967403d082aa24f35e1b516d23)  -> (artifact id: '1363496414533c96f1418010297c112c') in 0.014400 seconds
Number of updated asset objects reloaded before import = 0
Number of asset objects unloaded after import = 1
========================================================================
Received Import Request.
  Time since last request: 0.000010 seconds.
  path: Assets/PlayMaker/Actions/Animator/GetAnimatorIKGoal.cs
  artifactKey: Guid(3c5d635656f584a028aeaaa9cea3e773) Importer(2089858483,0ecaa5967403d082aa24f35e1b516d23)
Start importing Assets/PlayMaker/Actions/Animator/GetAnimatorIKGoal.cs using Guid(3c5d635656f584a028aeaaa9cea3e773) Importer(2089858483,0ecaa5967403d082aa24f35e1b516d23)  -> (artifact id: '1b72ea87e88d33ea0ba071dbd5745e8a') in 0.018844 seconds
Number of updated asset objects reloaded before import = 0
Number of asset objects unloaded after import = 1
========================================================================
Received Import Request.
  Time since last request: 0.000013 seconds.
  path: Assets/PlayMaker/Actions/Animator/SetAnimatorIKGoal.cs
  artifactKey: Guid(331b242ab74d74798b8018c088452631) Importer(2089858483,0ecaa5967403d082aa24f35e1b516d23)
Start importing Assets/PlayMaker/Actions/Animator/SetAnimatorIKGoal.cs using Guid(331b242ab74d74798b8018c088452631) Importer(2089858483,0ecaa5967403d082aa24f35e1b516d23)  -> (artifact id: '1c0c4b581f729ab2fdeb7713ebdb4384') in 0.018431 seconds
Number of updated asset objects reloaded before import = 0
Number of asset objects unloaded after import = 1
========================================================================
Received Import Request.
  Time since last request: 0.000140 seconds.
  path: Assets/Fishing Docks and Boats/Scenes/Example/Lightmap-3_comp_light.exr
  artifactKey: Guid(59ee71a9ab57f484ebcd442cca0e48a1) Importer(2089858483,0ecaa5967403d082aa24f35e1b516d23)
Start importing Assets/Fishing Docks and Boats/Scenes/Example/Lightmap-3_comp_light.exr using Guid(59ee71a9ab57f484ebcd442cca0e48a1) Importer(2089858483,0ecaa5967403d082aa24f35e1b516d23)  -> (artifact id: '08440e80d1597aaf4564a85a98a8fb0b') in 0.022956 seconds
Number of updated asset objects reloaded before import = 0
Number of asset objects unloaded after import = 1
========================================================================
Received Import Request.
  Time since last request: 0.000011 seconds.
  path: Assets/PlayMaker/Actions/AnimateVariables/CurveColor.cs
  artifactKey: Guid(2b5ecf704915e1c47a236d3a9e13e1d8) Importer(2089858483,0ecaa5967403d082aa24f35e1b516d23)
Start importing Assets/PlayMaker/Actions/AnimateVariables/CurveColor.cs using Guid(2b5ecf704915e1c47a236d3a9e13e1d8) Importer(2089858483,0ecaa5967403d082aa24f35e1b516d23)  -> (artifact id: '1fcb4d783c86c3e24169fdbc0fa06906') in 0.013430 seconds
Number of updated asset objects reloaded before import = 0
Number of asset objects unloaded after import = 1
========================================================================
Received Import Request.
  Time since last request: 0.000011 seconds.
  path: Assets/PlayMaker/Actions/Animation/CapturePoseAsAnimationClip.cs
  artifactKey: Guid(b879bd09b7eebe94782860779d5cc275) Importer(2089858483,0ecaa5967403d082aa24f35e1b516d23)
Start importing Assets/PlayMaker/Actions/Animation/CapturePoseAsAnimationClip.cs using Guid(b879bd09b7eebe94782860779d5cc275) Importer(2089858483,0ecaa5967403d082aa24f35e1b516d23)  -> (artifact id: 'fd67f73317547fa7e0449b3ca02da4fa') in 0.015707 seconds
Number of updated asset objects reloaded before import = 0
Number of asset objects unloaded after import = 1
========================================================================
Received Import Request.
  Time since last request: 0.000012 seconds.
  path: Assets/PlayMaker/Actions/Animator/GetAnimatorPivot.cs
  artifactKey: Guid(9f881f5e879b242e9bc5b7f5da438aec) Importer(2089858483,0ecaa5967403d082aa24f35e1b516d23)
Start importing Assets/PlayMaker/Actions/Animator/GetAnimatorPivot.cs using Guid(9f881f5e879b242e9bc5b7f5da438aec) Importer(2089858483,0ecaa5967403d082aa24f35e1b516d23)  -> (artifact id: 'e9d60dc8c592930bd4eb0c9836466d1e') in 0.015565 seconds
Number of updated asset objects reloaded before import = 0
Number of asset objects unloaded after import = 1
========================================================================
Received Import Request.
  Time since last request: 0.000011 seconds.
  path: Assets/PlayMaker/Actions/Animator/GetAnimatorCurrentStateInfoIsName.cs
  artifactKey: Guid(3b6569490c2174e38b25f4763b428a89) Importer(2089858483,0ecaa5967403d082aa24f35e1b516d23)
Start importing Assets/PlayMaker/Actions/Animator/GetAnimatorCurrentStateInfoIsName.cs using Guid(3b6569490c2174e38b25f4763b428a89) Importer(2089858483,0ecaa5967403d082aa24f35e1b516d23)  -> (artifact id: 'ded410199b2280d8deca549a1c539a4d') in 0.014254 seconds
Number of updated asset objects reloaded before import = 0
Number of asset objects unloaded after import = 1
========================================================================
Received Import Request.
  Time since last request: 0.000011 seconds.
  path: Assets/PlayMaker/Actions/Animator/GetAnimatorFeetPivotActive.cs
  artifactKey: Guid(e13fdcd155d24432ea5ddb9a289ddaef) Importer(2089858483,0ecaa5967403d082aa24f35e1b516d23)
Start importing Assets/PlayMaker/Actions/Animator/GetAnimatorFeetPivotActive.cs using Guid(e13fdcd155d24432ea5ddb9a289ddaef) Importer(2089858483,0ecaa5967403d082aa24f35e1b516d23)  -> (artifact id: '4f577f7063daab400caf1983c2548e63') in 0.037857 seconds
Number of updated asset objects reloaded before import = 0
Number of asset objects unloaded after import = 1
========================================================================
Received Import Request.
  Time since last request: 0.000015 seconds.
  path: Assets/PlayMaker/Actions/Animator/AnimatorCrossFade.cs
  artifactKey: Guid(c3264db07da4c49ffb5fe199371b98bb) Importer(2089858483,0ecaa5967403d082aa24f35e1b516d23)
Start importing Assets/PlayMaker/Actions/Animator/AnimatorCrossFade.cs using Guid(c3264db07da4c49ffb5fe199371b98bb) Importer(2089858483,0ecaa5967403d082aa24f35e1b516d23)  -> (artifact id: 'eb80fac46fb492984c840bc41015912b') in 0.017733 seconds
Number of updated asset objects reloaded before import = 0
Number of asset objects unloaded after import = 1
========================================================================
Received Import Request.
  Time since last request: 0.000010 seconds.
  path: Assets/PlayMaker/Actions/Array/ArrayGetNext.cs
  artifactKey: Guid(7f2c332853b32c743940b57c0a595ed7) Importer(2089858483,0ecaa5967403d082aa24f35e1b516d23)
Start importing Assets/PlayMaker/Actions/Array/ArrayGetNext.cs using Guid(7f2c332853b32c743940b57c0a595ed7) Importer(2089858483,0ecaa5967403d082aa24f35e1b516d23)  -> (artifact id: '92028564f42e548c8ef4db34eecbb031') in 0.016444 seconds
Number of updated asset objects reloaded before import = 0
Number of asset objects unloaded after import = 1
========================================================================
Received Import Request.
  Time since last request: 0.000026 seconds.
  path: Assets/PlayMaker/Actions/Animator/AnimatorStartRecording.cs
  artifactKey: Guid(a042efdd5fb4944abb7edadab645941a) Importer(2089858483,0ecaa5967403d082aa24f35e1b516d23)
Start importing Assets/PlayMaker/Actions/Animator/AnimatorStartRecording.cs using Guid(a042efdd5fb4944abb7edadab645941a) Importer(2089858483,0ecaa5967403d082aa24f35e1b516d23)  -> (artifact id: '2f06ccc88e781709bd77808b1bf4614a') in 0.017606 seconds
Number of updated asset objects reloaded before import = 0
Number of asset objects unloaded after import = 1
========================================================================
Received Import Request.
  Time since last request: 0.000013 seconds.
  path: Assets/Fishing Docks and Boats/Scenes/Example/Lightmap-0_comp_light.exr
  artifactKey: Guid(29fea65fbb7c59344921fc006dec7e44) Importer(2089858483,0ecaa5967403d082aa24f35e1b516d23)
Start importing Assets/Fishing Docks and Boats/Scenes/Example/Lightmap-0_comp_light.exr using Guid(29fea65fbb7c59344921fc006dec7e44) Importer(2089858483,0ecaa5967403d082aa24f35e1b516d23)  -> (artifact id: 'a992a8ae2d656baa9ed806c8f03776a3') in 0.022065 seconds
Number of updated asset objects reloaded before import = 0
Number of asset objects unloaded after import = 1
========================================================================
Received Import Request.
  Time since last request: 0.000064 seconds.
  path: Assets/PlayMaker/Actions/Animator/GetAnimatorInt.cs
  artifactKey: Guid(b1565390c702f46aaa5cf4fa60f9e509) Importer(2089858483,0ecaa5967403d082aa24f35e1b516d23)
Start importing Assets/PlayMaker/Actions/Animator/GetAnimatorInt.cs using Guid(b1565390c702f46aaa5cf4fa60f9e509) Importer(2089858483,0ecaa5967403d082aa24f35e1b516d23)  -> (artifact id: 'fcb9eb1001c6c85a391d3a61bcb68bec') in 0.027213 seconds
Number of updated asset objects reloaded before import = 0
Number of asset objects unloaded after import = 1
========================================================================
Received Import Request.
  Time since last request: 1.310943 seconds.
  path: Assets/PlayMaker/Actions/Audio/AudioMute.cs
  artifactKey: Guid(cc715a02422df2b43bf7c11fddf2a78a) Importer(2089858483,0ecaa5967403d082aa24f35e1b516d23)
Start importing Assets/PlayMaker/Actions/Audio/AudioMute.cs using Guid(cc715a02422df2b43bf7c11fddf2a78a) Importer(2089858483,0ecaa5967403d082aa24f35e1b516d23)  -> (artifact id: '97dd32fd7ac66ae146ff2c2e894140bc') in 0.026351 seconds
Number of updated asset objects reloaded before import = 0
Number of asset objects unloaded after import = 1
========================================================================
Received Import Request.
  Time since last request: 0.000042 seconds.
  path: Assets/PlayMaker/Actions/GUILayout/GUILayoutBeginCentered.cs
  artifactKey: Guid(6230eb3c4a60d944cbcdd5c911ff378c) Importer(2089858483,0ecaa5967403d082aa24f35e1b516d23)
Start importing Assets/PlayMaker/Actions/GUILayout/GUILayoutBeginCentered.cs using Guid(6230eb3c4a60d944cbcdd5c911ff378c) Importer(2089858483,0ecaa5967403d082aa24f35e1b516d23)  -> (artifact id: '0122b2f49b558dbc5dbe6fc6d9b93dc4') in 0.015003 seconds
Number of updated asset objects reloaded before import = 0
Number of asset objects unloaded after import = 1
========================================================================
Received Import Request.
  Time since last request: 0.000011 seconds.
  path: Assets/PlayMaker/Actions/Device/DeviceShakeEvent.cs
  artifactKey: Guid(a03a10a50ae10254ea6e249ae73479b1) Importer(2089858483,0ecaa5967403d082aa24f35e1b516d23)
Start importing Assets/PlayMaker/Actions/Device/DeviceShakeEvent.cs using Guid(a03a10a50ae10254ea6e249ae73479b1) Importer(2089858483,0ecaa5967403d082aa24f35e1b516d23)  -> (artifact id: '5c96b593464a003d163fd0022018e4dd') in 0.017275 seconds
Number of updated asset objects reloaded before import = 0
Number of asset objects unloaded after import = 1
========================================================================
Received Import Request.
  Time since last request: 0.000011 seconds.
  path: Assets/PlayMaker/Actions/Gamepad/GamepadHelpers.cs
  artifactKey: Guid(1af3179942d77e142adef50a1cf09f09) Importer(2089858483,0ecaa5967403d082aa24f35e1b516d23)
Start importing Assets/PlayMaker/Actions/Gamepad/GamepadHelpers.cs using Guid(1af3179942d77e142adef50a1cf09f09) Importer(2089858483,0ecaa5967403d082aa24f35e1b516d23)  -> (artifact id: '41871780240f7a25822d14b091a80021') in 0.014614 seconds
Number of updated asset objects reloaded before import = 0
Number of asset objects unloaded after import = 0
========================================================================
Received Import Request.
  Time since last request: 0.000010 seconds.
  path: Assets/PlayMaker/Actions/Convert/ConvertStringToInt.cs
  artifactKey: Guid(9fd2d70c3e210c34789e8d8d6baa10b8) Importer(2089858483,0ecaa5967403d082aa24f35e1b516d23)
Start importing Assets/PlayMaker/Actions/Convert/ConvertStringToInt.cs using Guid(9fd2d70c3e210c34789e8d8d6baa10b8) Importer(2089858483,0ecaa5967403d082aa24f35e1b516d23)  -> (artifact id: '14dc2b1ed4f68ecc03c780e5c6c0a763') in 0.015313 seconds
Number of updated asset objects reloaded before import = 0
Number of asset objects unloaded after import = 1
========================================================================
Received Import Request.
  Time since last request: 0.000011 seconds.
  path: Assets/PlayMaker/Actions/GUILayout/GUILayoutEndScrollView.cs
  artifactKey: Guid(4e9ea6bfde86b2e4b9bee487684216f4) Importer(2089858483,0ecaa5967403d082aa24f35e1b516d23)
Start importing Assets/PlayMaker/Actions/GUILayout/GUILayoutEndScrollView.cs using Guid(4e9ea6bfde86b2e4b9bee487684216f4) Importer(2089858483,0ecaa5967403d082aa24f35e1b516d23)  -> (artifact id: '8faec65c7da2e131f4ab6a3d6f78115d') in 0.016574 seconds
Number of updated asset objects reloaded before import = 0
Number of asset objects unloaded after import = 1
========================================================================
Received Import Request.
  Time since last request: 0.000016 seconds.
  path: Assets/PlayMaker/Actions/GUILayout/GUILayoutTextField.cs
  artifactKey: Guid(d10183de2e7f04c479c30ee6b98678aa) Importer(2089858483,0ecaa5967403d082aa24f35e1b516d23)
Start importing Assets/PlayMaker/Actions/GUILayout/GUILayoutTextField.cs using Guid(d10183de2e7f04c479c30ee6b98678aa) Importer(2089858483,0ecaa5967403d082aa24f35e1b516d23)  -> (artifact id: '4df140bebca0c78786e1349d5e1ff8d5') in 0.015515 seconds
Number of updated asset objects reloaded before import = 0
Number of asset objects unloaded after import = 1
========================================================================
Received Import Request.
  Time since last request: 0.000010 seconds.
  path: Assets/PlayMaker/Actions/Effects/Blink.cs
  artifactKey: Guid(367dd11eff47df14cbf7d185b4c4d1fb) Importer(2089858483,0ecaa5967403d082aa24f35e1b516d23)
Start importing Assets/PlayMaker/Actions/Effects/Blink.cs using Guid(367dd11eff47df14cbf7d185b4c4d1fb) Importer(2089858483,0ecaa5967403d082aa24f35e1b516d23)  -> (artifact id: '3f4fa886ab0e3638ba5033f22384c86e') in 0.013313 seconds
Number of updated asset objects reloaded before import = 0
Number of asset objects unloaded after import = 1
========================================================================
Received Import Request.
  Time since last request: 0.000011 seconds.
  path: Assets/PlayMaker/Actions/GameObject/CreateEmptyObject.cs
  artifactKey: Guid(00c62e062f0301a40aea02e25c059045) Importer(2089858483,0ecaa5967403d082aa24f35e1b516d23)
Start importing Assets/PlayMaker/Actions/GameObject/CreateEmptyObject.cs using Guid(00c62e062f0301a40aea02e25c059045) Importer(2089858483,0ecaa5967403d082aa24f35e1b516d23)  -> (artifact id: 'dee7e5d87a952fb7cc79611a007826a6') in 0.016544 seconds
Number of updated asset objects reloaded before import = 0
Number of asset objects unloaded after import = 1
========================================================================
Received Import Request.
  Time since last request: 0.000011 seconds.
  path: Assets/PlayMaker/Actions/Character/GetControllerHitInfo.cs
  artifactKey: Guid(4df4faf7dc9040d44bb6f8ef649c9111) Importer(2089858483,0ecaa5967403d082aa24f35e1b516d23)
Start importing Assets/PlayMaker/Actions/Character/GetControllerHitInfo.cs using Guid(4df4faf7dc9040d44bb6f8ef649c9111) Importer(2089858483,0ecaa5967403d082aa24f35e1b516d23)  -> (artifact id: '20096818fb738eb57cf31ade45dae96b') in 0.015263 seconds
Number of updated asset objects reloaded before import = 0
Number of asset objects unloaded after import = 1
========================================================================
Received Import Request.
  Time since last request: 0.000009 seconds.
  path: Assets/PlayMaker/Actions/Character/ControllerCheckHeight.cs
  artifactKey: Guid(bb76c76e9bbf77c47851a2444d2a030c) Importer(2089858483,0ecaa5967403d082aa24f35e1b516d23)
Start importing Assets/PlayMaker/Actions/Character/ControllerCheckHeight.cs using Guid(bb76c76e9bbf77c47851a2444d2a030c) Importer(2089858483,0ecaa5967403d082aa24f35e1b516d23)  -> (artifact id: 'd51b6a14e13d2e95f1b1f7c3252bc104') in 0.014556 seconds
Number of updated asset objects reloaded before import = 0
Number of asset objects unloaded after import = 0
========================================================================
Received Import Request.
  Time since last request: 0.000010 seconds.
  path: Assets/PlayMaker/Actions/Input/GetButton.cs
  artifactKey: Guid(84793dec0f7bc3c4aa18e798f4418028) Importer(2089858483,0ecaa5967403d082aa24f35e1b516d23)
Start importing Assets/PlayMaker/Actions/Input/GetButton.cs using Guid(84793dec0f7bc3c4aa18e798f4418028) Importer(2089858483,0ecaa5967403d082aa24f35e1b516d23)  -> (artifact id: 'a9d916e3cd60239e4b026b52a2eea174') in 0.016719 seconds
Number of updated asset objects reloaded before import = 0
Number of asset objects unloaded after import = 1
========================================================================
Received Import Request.
  Time since last request: 0.000010 seconds.
  path: Assets/PlayMaker/Actions/Device/GetIPhoneSettings.cs
  artifactKey: Guid(75228a05fe3d0d04080e899b8b2704ad) Importer(2089858483,0ecaa5967403d082aa24f35e1b516d23)
Start importing Assets/PlayMaker/Actions/Device/GetIPhoneSettings.cs using Guid(75228a05fe3d0d04080e899b8b2704ad) Importer(2089858483,0ecaa5967403d082aa24f35e1b516d23)  -> (artifact id: '71beeb85500abcdb4a10440d0a22f0e7') in 0.016793 seconds
Number of updated asset objects reloaded before import = 0
Number of asset objects unloaded after import = 1
========================================================================
Received Import Request.
  Time since last request: 0.000010 seconds.
  path: Assets/PlayMaker/Actions/GameObject/GetTag.cs
  artifactKey: Guid(fa39124361c39bb41851e998ff9993fc) Importer(2089858483,0ecaa5967403d082aa24f35e1b516d23)
Start importing Assets/PlayMaker/Actions/GameObject/GetTag.cs using Guid(fa39124361c39bb41851e998ff9993fc) Importer(2089858483,0ecaa5967403d082aa24f35e1b516d23)  -> (artifact id: '4f5d87e6587dabed51e133a7c6a5d5e5') in 0.016178 seconds
Number of updated asset objects reloaded before import = 0
Number of asset objects unloaded after import = 1
========================================================================
Received Import Request.
  Time since last request: 0.000025 seconds.
  path: Assets/PlayMaker/Actions/Convert/ConvertFloatToString.cs
  artifactKey: Guid(83cb2bebe956b4e41973ba7844cf7905) Importer(2089858483,0ecaa5967403d082aa24f35e1b516d23)
Start importing Assets/PlayMaker/Actions/Convert/ConvertFloatToString.cs using Guid(83cb2bebe956b4e41973ba7844cf7905) Importer(2089858483,0ecaa5967403d082aa24f35e1b516d23)  -> (artifact id: 'dcd1b5f7df2fb95c3e5bedfcb4d08322') in 0.013732 seconds
Number of updated asset objects reloaded before import = 0
Number of asset objects unloaded after import = 1
========================================================================
Received Import Request.
  Time since last request: 0.000010 seconds.
  path: Assets/PlayMaker/Actions/Character/GetControllerCollisionFlags.cs
  artifactKey: Guid(5fef0e8a9af622c4f962fa8bed423d24) Importer(2089858483,0ecaa5967403d082aa24f35e1b516d23)
Start importing Assets/PlayMaker/Actions/Character/GetControllerCollisionFlags.cs using Guid(5fef0e8a9af622c4f962fa8bed423d24) Importer(2089858483,0ecaa5967403d082aa24f35e1b516d23)  -> (artifact id: '2b8e8fcf88ae95356cb5dced771d4d29') in 0.013783 seconds
Number of updated asset objects reloaded before import = 0
Number of asset objects unloaded after import = 1
========================================================================
Received Import Request.
  Time since last request: 0.000010 seconds.
  path: Assets/PlayMaker/Actions/Camera/SetCameraCullingMask.cs
  artifactKey: Guid(ddaf2de42b757fd4bbab76cba3e66c1f) Importer(2089858483,0ecaa5967403d082aa24f35e1b516d23)
Start importing Assets/PlayMaker/Actions/Camera/SetCameraCullingMask.cs using Guid(ddaf2de42b757fd4bbab76cba3e66c1f) Importer(2089858483,0ecaa5967403d082aa24f35e1b516d23)  -> (artifact id: 'a4c9d3baa91c791537e18476e30b0bd3') in 0.015740 seconds
Number of updated asset objects reloaded before import = 0
Number of asset objects unloaded after import = 1
========================================================================
Received Import Request.
  Time since last request: 0.000062 seconds.
  path: Assets/PlayMaker/Actions/Input/GetMouseButtonUp.cs
  artifactKey: Guid(5f7b489fa5d69534a86005b52bc02998) Importer(2089858483,0ecaa5967403d082aa24f35e1b516d23)
Start importing Assets/PlayMaker/Actions/Input/GetMouseButtonUp.cs using Guid(5f7b489fa5d69534a86005b52bc02998) Importer(2089858483,0ecaa5967403d082aa24f35e1b516d23)  -> (artifact id: '7afb8d3a195a949f1566bd5129b9016f') in 0.015741 seconds
Number of updated asset objects reloaded before import = 0
Number of asset objects unloaded after import = 1
========================================================================
Received Import Request.
  Time since last request: 0.000010 seconds.
  path: Assets/PlayMaker/Actions/Device/DeviceVibrate.cs
  artifactKey: Guid(7b6b6b9b693bbb449aeaf0fd1257a944) Importer(2089858483,0ecaa5967403d082aa24f35e1b516d23)
Start importing Assets/PlayMaker/Actions/Device/DeviceVibrate.cs using Guid(7b6b6b9b693bbb449aeaf0fd1257a944) Importer(2089858483,0ecaa5967403d082aa24f35e1b516d23)  -> (artifact id: '680923bdd6badabd1a6a72d84a3688fa') in 0.015782 seconds
Number of updated asset objects reloaded before import = 0
Number of asset objects unloaded after import = 1
========================================================================
Received Import Request.
  Time since last request: 0.000011 seconds.
  path: Assets/PlayMaker/Actions/Camera/SetBackgroundColor.cs
  artifactKey: Guid(2580741b9cad41d4ebcb5fe081a342c1) Importer(2089858483,0ecaa5967403d082aa24f35e1b516d23)
Start importing Assets/PlayMaker/Actions/Camera/SetBackgroundColor.cs using Guid(2580741b9cad41d4ebcb5fe081a342c1) Importer(2089858483,0ecaa5967403d082aa24f35e1b516d23)  -> (artifact id: 'dfe162d77e3737bd95fa7caf26411b4d') in 0.016457 seconds
Number of updated asset objects reloaded before import = 0
Number of asset objects unloaded after import = 1
========================================================================
Received Import Request.
  Time since last request: 0.000016 seconds.
  path: Assets/PlayMaker/Actions/GUILayout/GUILayoutBeginVertical.cs
  artifactKey: Guid(58a06762632d10f42a3cf2003a1584b1) Importer(2089858483,0ecaa5967403d082aa24f35e1b516d23)
Start importing Assets/PlayMaker/Actions/GUILayout/GUILayoutBeginVertical.cs using Guid(58a06762632d10f42a3cf2003a1584b1) Importer(2089858483,0ecaa5967403d082aa24f35e1b516d23)  -> (artifact id: '45ac1e100715053c2d62f356bd242e70') in 0.015022 seconds
Number of updated asset objects reloaded before import = 0
Number of asset objects unloaded after import = 1
========================================================================
Received Import Request.
  Time since last request: 0.000010 seconds.
  path: Assets/PlayMaker/Actions/GameObject/FindClosest.cs
  artifactKey: Guid(1ca68d6b093046a4b9ad84fa898eb1cc) Importer(2089858483,0ecaa5967403d082aa24f35e1b516d23)
Start importing Assets/PlayMaker/Actions/GameObject/FindClosest.cs using Guid(1ca68d6b093046a4b9ad84fa898eb1cc) Importer(2089858483,0ecaa5967403d082aa24f35e1b516d23)  -> (artifact id: '2c406297f1df698dd1415ac7bc720897') in 0.016892 seconds
Number of updated asset objects reloaded before import = 0
Number of asset objects unloaded after import = 1
========================================================================
Received Import Request.
  Time since last request: 0.000010 seconds.
  path: Assets/PlayMaker/Actions/Debug/DebugFsmVariable.cs
  artifactKey: Guid(6eced6fe7c6fe6f48a18b71bc955e200) Importer(2089858483,0ecaa5967403d082aa24f35e1b516d23)
Start importing Assets/PlayMaker/Actions/Debug/DebugFsmVariable.cs using Guid(6eced6fe7c6fe6f48a18b71bc955e200) Importer(2089858483,0ecaa5967403d082aa24f35e1b516d23)  -> (artifact id: '6913f39dc7b673779349da8d63bb929a') in 0.015806 seconds
Number of updated asset objects reloaded before import = 0
Number of asset objects unloaded after import = 1
========================================================================
Received Import Request.
  Time since last request: 0.000010 seconds.
  path: Assets/PlayMaker/Actions/Debug/DebugVector3.cs
  artifactKey: Guid(0530dae92ccbb0642a30a1a968da9e28) Importer(2089858483,0ecaa5967403d082aa24f35e1b516d23)
Start importing Assets/PlayMaker/Actions/Debug/DebugVector3.cs using Guid(0530dae92ccbb0642a30a1a968da9e28) Importer(2089858483,0ecaa5967403d082aa24f35e1b516d23)  -> (artifact id: '91126d1eb6467230c616041eb7c82155') in 0.014391 seconds
Number of updated asset objects reloaded before import = 0
Number of asset objects unloaded after import = 1
========================================================================
Received Import Request.
  Time since last request: 0.000009 seconds.
  path: Assets/PlayMaker/Actions/GUILayout/GUILayoutSelectionGrid.cs
  artifactKey: Guid(cb2a3347525f41a489603abd9d5b51c8) Importer(2089858483,0ecaa5967403d082aa24f35e1b516d23)
Start importing Assets/PlayMaker/Actions/GUILayout/GUILayoutSelectionGrid.cs using Guid(cb2a3347525f41a489603abd9d5b51c8) Importer(2089858483,0ecaa5967403d082aa24f35e1b516d23)  -> (artifact id: '228b10a21da9cd3c89d396e31155400a') in 0.012035 seconds
Number of updated asset objects reloaded before import = 0
Number of asset objects unloaded after import = 1
========================================================================
Received Import Request.
  Time since last request: 0.000010 seconds.
  path: Assets/PlayMaker/Actions/Input/GetKeyDown.cs
  artifactKey: Guid(dc977968122a76d48b8ab23de94e7018) Importer(2089858483,0ecaa5967403d082aa24f35e1b516d23)
Start importing Assets/PlayMaker/Actions/Input/GetKeyDown.cs using Guid(dc977968122a76d48b8ab23de94e7018) Importer(2089858483,0ecaa5967403d082aa24f35e1b516d23)  -> (artifact id: '2d37890901c0497006e3ef0cbb7b5fe5') in 0.012970 seconds
Number of updated asset objects reloaded before import = 0
Number of asset objects unloaded after import = 1
========================================================================
Received Import Request.
  Time since last request: 0.000010 seconds.
  path: Assets/PlayMaker/Actions/Camera/CameraFadeIn.cs
  artifactKey: Guid(7750394c42146cd43aa0c3d72c166c45) Importer(2089858483,0ecaa5967403d082aa24f35e1b516d23)
Start importing Assets/PlayMaker/Actions/Camera/CameraFadeIn.cs using Guid(7750394c42146cd43aa0c3d72c166c45) Importer(2089858483,0ecaa5967403d082aa24f35e1b516d23)  -> (artifact id: '3d27b4009773a055e5de73792df49246') in 0.016087 seconds
Number of updated asset objects reloaded before import = 0
Number of asset objects unloaded after import = 1
========================================================================
Received Import Request.
  Time since last request: 1.113270 seconds.
  path: Assets/PlayMaker/Actions/Input/ScreenPick.cs
  artifactKey: Guid(0a151663ce2809d40911820353904e71) Importer(2089858483,0ecaa5967403d082aa24f35e1b516d23)
Start importing Assets/PlayMaker/Actions/Input/ScreenPick.cs using Guid(0a151663ce2809d40911820353904e71) Importer(2089858483,0ecaa5967403d082aa24f35e1b516d23)  -> (artifact id: '153b55318092b364e0231a51cbba2d08') in 0.023689 seconds
Number of updated asset objects reloaded before import = 0
Number of asset objects unloaded after import = 0
========================================================================
Received Import Request.
  Time since last request: 0.000179 seconds.
  path: Assets/PlayMaker/Actions/Logic/BoolTest.cs
  artifactKey: Guid(b8ab2667346f94c438747d216c43187b) Importer(2089858483,0ecaa5967403d082aa24f35e1b516d23)
Start importing Assets/PlayMaker/Actions/Logic/BoolTest.cs using Guid(b8ab2667346f94c438747d216c43187b) Importer(2089858483,0ecaa5967403d082aa24f35e1b516d23)  -> (artifact id: '01bc4368acb1c415ab3d856c9bb77e5f') in 0.014417 seconds
Number of updated asset objects reloaded before import = 0
Number of asset objects unloaded after import = 1
========================================================================
Received Import Request.
  Time since last request: 0.000011 seconds.
  path: Assets/PlayMaker/Actions/Physics/AddExplosionForce.cs
  artifactKey: Guid(4646286250465e744b99a313370fda17) Importer(2089858483,0ecaa5967403d082aa24f35e1b516d23)
Start importing Assets/PlayMaker/Actions/Physics/AddExplosionForce.cs using Guid(4646286250465e744b99a313370fda17) Importer(2089858483,0ecaa5967403d082aa24f35e1b516d23)  -> (artifact id: '687877a78064a26a2fd065f81e5e9e67') in 0.013674 seconds
Number of updated asset objects reloaded before import = 0
Number of asset objects unloaded after import = 1
========================================================================
Received Import Request.
  Time since last request: 0.000013 seconds.
  path: Assets/PlayMaker/Actions/Physics/CollisionEvent.cs
  artifactKey: Guid(6a06ca6d8ec9db846a1d5d88107777cf) Importer(2089858483,0ecaa5967403d082aa24f35e1b516d23)
Start importing Assets/PlayMaker/Actions/Physics/CollisionEvent.cs using Guid(6a06ca6d8ec9db846a1d5d88107777cf) Importer(2089858483,0ecaa5967403d082aa24f35e1b516d23)  -> (artifact id: 'fcbbe41e32cddf681a528a345b2cbb75') in 0.014206 seconds
Number of updated asset objects reloaded before import = 0
Number of asset objects unloaded after import = 1
========================================================================
Received Import Request.
  Time since last request: 0.000011 seconds.
  path: Assets/PlayMaker/Actions/Math/FloatClamp.cs
  artifactKey: Guid(2f5ef85fe3e4c3a43afe1812481a2438) Importer(2089858483,0ecaa5967403d082aa24f35e1b516d23)
Start importing Assets/PlayMaker/Actions/Math/FloatClamp.cs using Guid(2f5ef85fe3e4c3a43afe1812481a2438) Importer(2089858483,0ecaa5967403d082aa24f35e1b516d23)  -> (artifact id: '23ff887e5672972d3bfaca5370dcbfd1') in 0.015154 seconds
Number of updated asset objects reloaded before import = 0
Number of asset objects unloaded after import = 1
========================================================================
Received Import Request.
  Time since last request: 0.000047 seconds.
  path: Assets/PlayMaker/Actions/Physics/Raycast.cs
  artifactKey: Guid(b2f50df742f99db41ac598460ff5e062) Importer(2089858483,0ecaa5967403d082aa24f35e1b516d23)
Start importing Assets/PlayMaker/Actions/Physics/Raycast.cs using Guid(b2f50df742f99db41ac598460ff5e062) Importer(2089858483,0ecaa5967403d082aa24f35e1b516d23)  -> (artifact id: 'c9d8ebcd9388f1fc15ef9f271f60a3ca') in 0.010552 seconds
Number of updated asset objects reloaded before import = 0
Number of asset objects unloaded after import = 0
========================================================================
Received Import Request.
  Time since last request: 0.000032 seconds.
  path: Assets/PlayMaker/Actions/PlayerInput/PlayerInputActionBase.cs
  artifactKey: Guid(c20ba60eea827a04ebf12c516d06e0ae) Importer(2089858483,0ecaa5967403d082aa24f35e1b516d23)
Start importing Assets/PlayMaker/Actions/PlayerInput/PlayerInputActionBase.cs using Guid(c20ba60eea827a04ebf12c516d06e0ae) Importer(2089858483,0ecaa5967403d082aa24f35e1b516d23)  -> (artifact id: '66e67df8b63f9808da3a6b8b7cc8da12') in 0.013067 seconds
Number of updated asset objects reloaded before import = 0
Number of asset objects unloaded after import = 1
========================================================================
Received Import Request.
  Time since last request: 0.000009 seconds.
  path: Assets/PlayMaker/Actions/Math/SetIntValue.cs
  artifactKey: Guid(71d9b78292d7cb84d9dc9013fd4b9fb9) Importer(2089858483,0ecaa5967403d082aa24f35e1b516d23)
Start importing Assets/PlayMaker/Actions/Math/SetIntValue.cs using Guid(71d9b78292d7cb84d9dc9013fd4b9fb9) Importer(2089858483,0ecaa5967403d082aa24f35e1b516d23)  -> (artifact id: '658c37b86c5ff2a89052626743ebe4d9') in 0.016575 seconds
Number of updated asset objects reloaded before import = 0
Number of asset objects unloaded after import = 1
========================================================================
Received Import Request.
  Time since last request: 0.000011 seconds.
  path: Assets/PlayMaker/Actions/Quaternion/QuaternionLookRotation.cs
  artifactKey: Guid(1ad91f05541104be0b4db97046df4dff) Importer(2089858483,0ecaa5967403d082aa24f35e1b516d23)
Start importing Assets/PlayMaker/Actions/Quaternion/QuaternionLookRotation.cs using Guid(1ad91f05541104be0b4db97046df4dff) Importer(2089858483,0ecaa5967403d082aa24f35e1b516d23)  -> (artifact id: '699946e801780b4ea103081b622187d7') in 0.012831 seconds
Number of updated asset objects reloaded before import = 0
Number of asset objects unloaded after import = 1
========================================================================
Received Import Request.
  Time since last request: 0.000011 seconds.
  path: Assets/PlayMaker/Actions/Material/SetTextureValue.cs
  artifactKey: Guid(c5f947957977e38489b4e21a7a724c36) Importer(2089858483,0ecaa5967403d082aa24f35e1b516d23)
Start importing Assets/PlayMaker/Actions/Material/SetTextureValue.cs using Guid(c5f947957977e38489b4e21a7a724c36) Importer(2089858483,0ecaa5967403d082aa24f35e1b516d23)  -> (artifact id: '7c3907a3ec28f94fa599b1e4de65b9e1') in 0.010888 seconds
Number of updated asset objects reloaded before import = 0
Number of asset objects unloaded after import = 1
========================================================================
Received Import Request.
  Time since last request: 0.000015 seconds.
  path: Assets/PlayMaker/Actions/Logic/GameObjectCompare.cs
  artifactKey: Guid(8d4a3389d8a0c344faf105a37e5e990b) Importer(2089858483,0ecaa5967403d082aa24f35e1b516d23)
Start importing Assets/PlayMaker/Actions/Logic/GameObjectCompare.cs using Guid(8d4a3389d8a0c344faf105a37e5e990b) Importer(2089858483,0ecaa5967403d082aa24f35e1b516d23)  -> (artifact id: 'a6cd23754915946b01bfe4c9200da1dd') in 0.013515 seconds
Number of updated asset objects reloaded before import = 0
Number of asset objects unloaded after import = 1
========================================================================
Received Import Request.
  Time since last request: 0.000009 seconds.
  path: Assets/PlayMaker/Actions/Logic/BoolOperator.cs
  artifactKey: Guid(8d63d0c13fcc1064eb48c4d8eae4a294) Importer(2089858483,0ecaa5967403d082aa24f35e1b516d23)
Start importing Assets/PlayMaker/Actions/Logic/BoolOperator.cs using Guid(8d63d0c13fcc1064eb48c4d8eae4a294) Importer(2089858483,0ecaa5967403d082aa24f35e1b516d23)  -> (artifact id: 'ae29a84e487b2f6dca415e20bbbe4c86') in 0.015531 seconds
Number of updated asset objects reloaded before import = 0
Number of asset objects unloaded after import = 1
========================================================================
Received Import Request.
  Time since last request: 0.000010 seconds.
  path: Assets/PlayMaker/Actions/Physics/RaycastAll.cs
  artifactKey: Guid(eb7dfc6b98090c944b4795e08c211a16) Importer(2089858483,0ecaa5967403d082aa24f35e1b516d23)
Start importing Assets/PlayMaker/Actions/Physics/RaycastAll.cs using Guid(eb7dfc6b98090c944b4795e08c211a16) Importer(2089858483,0ecaa5967403d082aa24f35e1b516d23)  -> (artifact id: '4870a1380c5a7658cf952564f9a054b2') in 0.015967 seconds
Number of updated asset objects reloaded before import = 0
Number of asset objects unloaded after import = 1
========================================================================
Received Import Request.
  Time since last request: 0.000010 seconds.
  path: Assets/PlayMaker/Actions/Physics2D/SetGravity2dScale.cs
  artifactKey: Guid(8813d3367d00848619fb51a65822460b) Importer(2089858483,0ecaa5967403d082aa24f35e1b516d23)
Start importing Assets/PlayMaker/Actions/Physics2D/SetGravity2dScale.cs using Guid(8813d3367d00848619fb51a65822460b) Importer(2089858483,0ecaa5967403d082aa24f35e1b516d23)  -> (artifact id: 'd17a563efc7d82062ae7e951d38644c5') in 0.015249 seconds
Number of updated asset objects reloaded before import = 0
Number of asset objects unloaded after import = 1
========================================================================
Received Import Request.
  Time since last request: 0.000010 seconds.
  path: Assets/PlayMaker/Actions/Physics2D/SetHingeJoint2dProperties.cs
  artifactKey: Guid(0f35a67104d8a4d4aa91cf73117249f9) Importer(2089858483,0ecaa5967403d082aa24f35e1b516d23)
Start importing Assets/PlayMaker/Actions/Physics2D/SetHingeJoint2dProperties.cs using Guid(0f35a67104d8a4d4aa91cf73117249f9) Importer(2089858483,0ecaa5967403d082aa24f35e1b516d23)  -> (artifact id: '03408290c32df6cf9d3d8bd17d3cc3d4') in 0.016070 seconds
Number of updated asset objects reloaded before import = 0
Number of asset objects unloaded after import = 1
========================================================================
Received Import Request.
  Time since last request: 0.000010 seconds.
  path: Assets/PlayMaker/Actions/Math/SetIntFromFloat.cs
  artifactKey: Guid(45ae843950627624cac9f7ca42305c34) Importer(2089858483,0ecaa5967403d082aa24f35e1b516d23)
Start importing Assets/PlayMaker/Actions/Math/SetIntFromFloat.cs using Guid(45ae843950627624cac9f7ca42305c34) Importer(2089858483,0ecaa5967403d082aa24f35e1b516d23)  -> (artifact id: '5a6ff5a83942d32d12626015ca3b5302') in 0.015186 seconds
Number of updated asset objects reloaded before import = 0
Number of asset objects unloaded after import = 1
========================================================================
Received Import Request.
  Time since last request: 0.000012 seconds.
  path: Assets/PlayMaker/Actions/Physics2D/WakeAllRigidBodies2d.cs
  artifactKey: Guid(3173d61ebbbc544d3964fd6488da8c4d) Importer(2089858483,0ecaa5967403d082aa24f35e1b516d23)
Start importing Assets/PlayMaker/Actions/Physics2D/WakeAllRigidBodies2d.cs using Guid(3173d61ebbbc544d3964fd6488da8c4d) Importer(2089858483,0ecaa5967403d082aa24f35e1b516d23)  -> (artifact id: '772d7cdbee953ec5910315c5f7b9362b') in 0.013605 seconds
Number of updated asset objects reloaded before import = 0
Number of asset objects unloaded after import = 1
========================================================================
Received Import Request.
  Time since last request: 0.000016 seconds.
  path: Assets/PlayMaker/Actions/Physics2D/TranslatePosition2d.cs
  artifactKey: Guid(7087b3caf2ff7fd42bd7974abb6a9a86) Importer(2089858483,0ecaa5967403d082aa24f35e1b516d23)
Start importing Assets/PlayMaker/Actions/Physics2D/TranslatePosition2d.cs using Guid(7087b3caf2ff7fd42bd7974abb6a9a86) Importer(2089858483,0ecaa5967403d082aa24f35e1b516d23)  -> (artifact id: '58c462c2863f82659dce2e85b654850c') in 0.014795 seconds
Number of updated asset objects reloaded before import = 0
Number of asset objects unloaded after import = 1
========================================================================
Received Import Request.
  Time since last request: 0.000009 seconds.
  path: Assets/PlayMaker/Actions/Math/SetBoolValue.cs
  artifactKey: Guid(00be43d651f0337439b458939d103490) Importer(2089858483,0ecaa5967403d082aa24f35e1b516d23)
Start importing Assets/PlayMaker/Actions/Math/SetBoolValue.cs using Guid(00be43d651f0337439b458939d103490) Importer(2089858483,0ecaa5967403d082aa24f35e1b516d23)  -> (artifact id: 'f55562d04d53310efdba5109e9e8e38d') in 0.015770 seconds
Number of updated asset objects reloaded before import = 0
Number of asset objects unloaded after import = 1
========================================================================
Received Import Request.
  Time since last request: 0.000009 seconds.
  path: Assets/PlayMaker/Actions/Material/SetRandomMaterial.cs
  artifactKey: Guid(4d27db5568595374abb4629346811b05) Importer(2089858483,0ecaa5967403d082aa24f35e1b516d23)
Start importing Assets/PlayMaker/Actions/Material/SetRandomMaterial.cs using Guid(4d27db5568595374abb4629346811b05) Importer(2089858483,0ecaa5967403d082aa24f35e1b516d23)  -> (artifact id: 'c43c5002b9bff9898ffdaaf4dc3bdd44') in 0.015624 seconds
Number of updated asset objects reloaded before import = 0
Number of asset objects unloaded after import = 1
========================================================================
Received Import Request.
  Time since last request: 0.000010 seconds.
  path: Assets/PlayMaker/Actions/Quaternion/GetQuaternionMultipliedByVector.cs
  artifactKey: Guid(b934f16194b9842e29683059db082a5a) Importer(2089858483,0ecaa5967403d082aa24f35e1b516d23)
Start importing Assets/PlayMaker/Actions/Quaternion/GetQuaternionMultipliedByVector.cs using Guid(b934f16194b9842e29683059db082a5a) Importer(2089858483,0ecaa5967403d082aa24f35e1b516d23)  -> (artifact id: '239b9901576ab66de0107eed0f2d150f') in 0.016361 seconds
Number of updated asset objects reloaded before import = 0
Number of asset objects unloaded after import = 1
========================================================================
Received Import Request.
  Time since last request: 0.000010 seconds.
  path: Assets/PlayMaker/Actions/Physics2D/Trigger2dEvent.cs
  artifactKey: Guid(195f05ad3f0fd4ccb9fa0e9e2607aefe) Importer(2089858483,0ecaa5967403d082aa24f35e1b516d23)
Start importing Assets/PlayMaker/Actions/Physics2D/Trigger2dEvent.cs using Guid(195f05ad3f0fd4ccb9fa0e9e2607aefe) Importer(2089858483,0ecaa5967403d082aa24f35e1b516d23)  -> (artifact id: '50ece7a33a83d3f666adf02fba462692') in 0.012499 seconds
Number of updated asset objects reloaded before import = 0
Number of asset objects unloaded after import = 1
========================================================================
Received Import Request.
  Time since last request: 0.000009 seconds.
  path: Assets/PlayMaker/Actions/Math/FloatDivide.cs
  artifactKey: Guid(e496791d0542b1f44a5b37d81d2822f8) Importer(2089858483,0ecaa5967403d082aa24f35e1b516d23)
Start importing Assets/PlayMaker/Actions/Math/FloatDivide.cs using Guid(e496791d0542b1f44a5b37d81d2822f8) Importer(2089858483,0ecaa5967403d082aa24f35e1b516d23)  -> (artifact id: '7654714deb2773843676f3a3e112e076') in 0.015147 seconds
Number of updated asset objects reloaded before import = 0
Number of asset objects unloaded after import = 1
========================================================================
Received Import Request.
  Time since last request: 0.000015 seconds.
  path: Assets/PlayMaker/Actions/Math/FloatAbs.cs
  artifactKey: Guid(86b3f8142ff1f964f9217d989dc943ea) Importer(2089858483,0ecaa5967403d082aa24f35e1b516d23)
Start importing Assets/PlayMaker/Actions/Math/FloatAbs.cs using Guid(86b3f8142ff1f964f9217d989dc943ea) Importer(2089858483,0ecaa5967403d082aa24f35e1b516d23)  -> (artifact id: '27215310a31b1d66e5a58681655a451f') in 0.014121 seconds
Number of updated asset objects reloaded before import = 0
Number of asset objects unloaded after import = 1
========================================================================
Received Import Request.
  Time since last request: 0.000010 seconds.
  path: Assets/PlayMaker/Actions/Physics2D/GetNextLineCast2d.cs
  artifactKey: Guid(a70b105d5eff843e49ed438d206f1c1c) Importer(2089858483,0ecaa5967403d082aa24f35e1b516d23)
Start importing Assets/PlayMaker/Actions/Physics2D/GetNextLineCast2d.cs using Guid(a70b105d5eff843e49ed438d206f1c1c) Importer(2089858483,0ecaa5967403d082aa24f35e1b516d23)  -> (artifact id: '87a43da2076e66f30cfb53f19950403b') in 0.016503 seconds
Number of updated asset objects reloaded before import = 0
Number of asset objects unloaded after import = 1
========================================================================
Received Import Request.
  Time since last request: 0.000009 seconds.
  path: Assets/PlayMaker/Actions/Physics2D/SetCollider2dIsTrigger.cs
  artifactKey: Guid(ea55526fdaa943b4bba87169f67a12f7) Importer(2089858483,0ecaa5967403d082aa24f35e1b516d23)
Start importing Assets/PlayMaker/Actions/Physics2D/SetCollider2dIsTrigger.cs using Guid(ea55526fdaa943b4bba87169f67a12f7) Importer(2089858483,0ecaa5967403d082aa24f35e1b516d23)  -> (artifact id: 'b3400eb57a2a87f9f64a2d50c9fc2d90') in 0.013322 seconds
Number of updated asset objects reloaded before import = 0
Number of asset objects unloaded after import = 1
========================================================================
Received Import Request.
  Time since last request: 0.000010 seconds.
  path: Assets/PlayMaker/Actions/Math/FloatAdd.cs
  artifactKey: Guid(a0ffdc9f499e2c84fa4d1fb276692d35) Importer(2089858483,0ecaa5967403d082aa24f35e1b516d23)
Start importing Assets/PlayMaker/Actions/Math/FloatAdd.cs using Guid(a0ffdc9f499e2c84fa4d1fb276692d35) Importer(2089858483,0ecaa5967403d082aa24f35e1b516d23)  -> (artifact id: '8a06e759e962cf0d98eb31d8f86b1032') in 0.016672 seconds
Number of updated asset objects reloaded before import = 0
Number of asset objects unloaded after import = 1
========================================================================
Received Import Request.
  Time since last request: 0.000010 seconds.
  path: Assets/PlayMaker/Actions/Logic/StringCompare.cs
  artifactKey: Guid(2bc68b192ffe359498e74d0a626d6552) Importer(2089858483,0ecaa5967403d082aa24f35e1b516d23)
Start importing Assets/PlayMaker/Actions/Logic/StringCompare.cs using Guid(2bc68b192ffe359498e74d0a626d6552) Importer(2089858483,0ecaa5967403d082aa24f35e1b516d23)  -> (artifact id: 'b9e68a006fda86cdd74ff229f351cd9d') in 0.018516 seconds
Number of updated asset objects reloaded before import = 0
Number of asset objects unloaded after import = 1
========================================================================
Received Import Request.
  Time since last request: 0.890834 seconds.
  path: Assets/PlayMaker/Actions/Rect/SetRectValue.cs
  artifactKey: Guid(161bec3e164de4442986daf9a21e98a0) Importer(2089858483,0ecaa5967403d082aa24f35e1b516d23)
Start importing Assets/PlayMaker/Actions/Rect/SetRectValue.cs using Guid(161bec3e164de4442986daf9a21e98a0) Importer(2089858483,0ecaa5967403d082aa24f35e1b516d23)  -> (artifact id: '62fa6d0601d8348505c9cd870ad20716') in 0.025094 seconds
Number of updated asset objects reloaded before import = 0
Number of asset objects unloaded after import = 1
========================================================================
Received Import Request.
  Time since last request: 0.000009 seconds.
  path: Assets/PlayMaker/Actions/SceneManager/GetSceneBuildIndex.cs
  artifactKey: Guid(b10c3e6c92801439cbf2241c71ed9d84) Importer(2089858483,0ecaa5967403d082aa24f35e1b516d23)
Start importing Assets/PlayMaker/Actions/SceneManager/GetSceneBuildIndex.cs using Guid(b10c3e6c92801439cbf2241c71ed9d84) Importer(2089858483,0ecaa5967403d082aa24f35e1b516d23)  -> (artifact id: '0f280f01669935811537705dd062b3cc') in 0.014317 seconds
Number of updated asset objects reloaded before import = 0
Number of asset objects unloaded after import = 1
========================================================================
Received Import Request.
  Time since last request: 0.000013 seconds.
  path: Assets/PlayMaker/Actions/Transform/MoveObject.cs
  artifactKey: Guid(87d639c82dbaec8468ab9dbe7f92ebb3) Importer(2089858483,0ecaa5967403d082aa24f35e1b516d23)
Start importing Assets/PlayMaker/Actions/Transform/MoveObject.cs using Guid(87d639c82dbaec8468ab9dbe7f92ebb3) Importer(2089858483,0ecaa5967403d082aa24f35e1b516d23)  -> (artifact id: 'c9a2b890a7f615d79f49fd8a62395f2f') in 0.012309 seconds
Number of updated asset objects reloaded before import = 0
Number of asset objects unloaded after import = 1
========================================================================
Received Import Request.
  Time since last request: 0.000010 seconds.
  path: Assets/PlayMaker/Actions/StateMachine/SetFsmGameObject.cs
  artifactKey: Guid(b6d0c7a75d6bb9c429ce70d9a21f4614) Importer(2089858483,0ecaa5967403d082aa24f35e1b516d23)
Start importing Assets/PlayMaker/Actions/StateMachine/SetFsmGameObject.cs using Guid(b6d0c7a75d6bb9c429ce70d9a21f4614) Importer(2089858483,0ecaa5967403d082aa24f35e1b516d23)  -> (artifact id: '344bd5244a73546ea8eb7e4606eb36bf') in 0.012989 seconds
Number of updated asset objects reloaded before import = 0
Number of asset objects unloaded after import = 1
========================================================================
Received Import Request.
  Time since last request: 0.000012 seconds.
  path: Assets/PlayMaker/Actions/UI/UiRawImageSetTexture.cs
  artifactKey: Guid(24bdc5858ab23284a95d5f9e6ab500e2) Importer(2089858483,0ecaa5967403d082aa24f35e1b516d23)
Start importing Assets/PlayMaker/Actions/UI/UiRawImageSetTexture.cs using Guid(24bdc5858ab23284a95d5f9e6ab500e2) Importer(2089858483,0ecaa5967403d082aa24f35e1b516d23)  -> (artifact id: 'bfacd71ae54a5f0c59eb45bd8dff0111') in 0.012187 seconds
Number of updated asset objects reloaded before import = 0
Number of asset objects unloaded after import = 1
========================================================================
Received Import Request.
  Time since last request: 0.000011 seconds.
  path: Assets/PlayMaker/Actions/Vector2/DebugVector2.cs
  artifactKey: Guid(a3dc9b6acbb9b463c894f6c5ee606989) Importer(2089858483,0ecaa5967403d082aa24f35e1b516d23)
Start importing Assets/PlayMaker/Actions/Vector2/DebugVector2.cs using Guid(a3dc9b6acbb9b463c894f6c5ee606989) Importer(2089858483,0ecaa5967403d082aa24f35e1b516d23)  -> (artifact id: '815a109690213fe7abdfbab7a070db1d') in 0.012927 seconds
Number of updated asset objects reloaded before import = 0
Number of asset objects unloaded after import = 1
========================================================================
Received Import Request.
  Time since last request: 0.000010 seconds.
  path: Assets/PlayMaker/Actions/Vector2/Vector2AddXY.cs
  artifactKey: Guid(5755e237ef15847b1b87b8857345d126) Importer(2089858483,0ecaa5967403d082aa24f35e1b516d23)
Start importing Assets/PlayMaker/Actions/Vector2/Vector2AddXY.cs using Guid(5755e237ef15847b1b87b8857345d126) Importer(2089858483,0ecaa5967403d082aa24f35e1b516d23)  -> (artifact id: 'ddc6f66161b098a8b18f62009aad23e6') in 0.013447 seconds
Number of updated asset objects reloaded before import = 0
Number of asset objects unloaded after import = 1
========================================================================
Received Import Request.
  Time since last request: 0.000010 seconds.
  path: Assets/PlayMaker/Actions/Tween/TweenFloat.cs
  artifactKey: Guid(b1e0144d0fcbb19448c9995c1b0c647e) Importer(2089858483,0ecaa5967403d082aa24f35e1b516d23)
Start importing Assets/PlayMaker/Actions/Tween/TweenFloat.cs using Guid(b1e0144d0fcbb19448c9995c1b0c647e) Importer(2089858483,0ecaa5967403d082aa24f35e1b516d23)  -> (artifact id: '2f0acae70bf59e5a108c38d31fbe2216') in 0.014820 seconds
Number of updated asset objects reloaded before import = 0
Number of asset objects unloaded after import = 1
========================================================================
Received Import Request.
  Time since last request: 0.000010 seconds.
  path: Assets/PlayMaker/Actions/Vector3/SelectRandomVector3.cs
  artifactKey: Guid(38259eedc3e82dc489a816d1c12936d8) Importer(2089858483,0ecaa5967403d082aa24f35e1b516d23)
Start importing Assets/PlayMaker/Actions/Vector3/SelectRandomVector3.cs using Guid(38259eedc3e82dc489a816d1c12936d8) Importer(2089858483,0ecaa5967403d082aa24f35e1b516d23)  -> (artifact id: '8dc001f69311a29a5d250d171c697975') in 0.014021 seconds
Number of updated asset objects reloaded before import = 0
Number of asset objects unloaded after import = 1
========================================================================
Received Import Request.
  Time since last request: 0.000009 seconds.
  path: Assets/PlayMaker/Actions/UI/UiInputFieldGetPlaceHolder.cs
  artifactKey: Guid(b2d99373f71bee944877b1efaa56adcb) Importer(2089858483,0ecaa5967403d082aa24f35e1b516d23)
Start importing Assets/PlayMaker/Actions/UI/UiInputFieldGetPlaceHolder.cs using Guid(b2d99373f71bee944877b1efaa56adcb) Importer(2089858483,0ecaa5967403d082aa24f35e1b516d23)  -> (artifact id: '8b5fb4e43c94ee7fa9ce29a62b861377') in 0.011383 seconds
Number of updated asset objects reloaded before import = 0
Number of asset objects unloaded after import = 1
========================================================================
Received Import Request.
  Time since last request: 0.000016 seconds.
  path: Assets/PlayMaker/Actions/UI/UiDropDownClearOptions.cs
  artifactKey: Guid(0dc2673a206e7ef4bb73dd8e52a4290a) Importer(2089858483,0ecaa5967403d082aa24f35e1b516d23)
Start importing Assets/PlayMaker/Actions/UI/UiDropDownClearOptions.cs using Guid(0dc2673a206e7ef4bb73dd8e52a4290a) Importer(2089858483,0ecaa5967403d082aa24f35e1b516d23)  -> (artifact id: 'a370144f9a3da4f3ba8da9a8e207ea95') in 0.014118 seconds
Number of updated asset objects reloaded before import = 0
Number of asset objects unloaded after import = 1
========================================================================
Received Import Request.
  Time since last request: 0.000014 seconds.
  path: Assets/PlayMaker/Actions/ScriptControl/AddScript.cs
  artifactKey: Guid(3963d96ed74c6f647897199a48079bfa) Importer(2089858483,0ecaa5967403d082aa24f35e1b516d23)
Start importing Assets/PlayMaker/Actions/ScriptControl/AddScript.cs using Guid(3963d96ed74c6f647897199a48079bfa) Importer(2089858483,0ecaa5967403d082aa24f35e1b516d23)  -> (artifact id: '2a59f6069b649ad4128d77dfbf994bff') in 0.012539 seconds
Number of updated asset objects reloaded before import = 0
Number of asset objects unloaded after import = 1
========================================================================
Received Import Request.
  Time since last request: 0.000156 seconds.
  path: Assets/PlayMaker/Actions/Vector2/Vector2LowPassFilter.cs
  artifactKey: Guid(928126332a67546beb573aeaa2151c81) Importer(2089858483,0ecaa5967403d082aa24f35e1b516d23)
Start importing Assets/PlayMaker/Actions/Vector2/Vector2LowPassFilter.cs using Guid(928126332a67546beb573aeaa2151c81) Importer(2089858483,0ecaa5967403d082aa24f35e1b516d23)  -> (artifact id: '9aad2904799d303e91893a09c0f930e8') in 0.015327 seconds
Number of updated asset objects reloaded before import = 0
Number of asset objects unloaded after import = 1
========================================================================
Received Import Request.
  Time since last request: 0.000010 seconds.
  path: Assets/PlayMaker/Actions/UI/UiInputFieldSetHideMobileInput.cs
  artifactKey: Guid(df3f61da7452a8341af076577815b922) Importer(2089858483,0ecaa5967403d082aa24f35e1b516d23)
Start importing Assets/PlayMaker/Actions/UI/UiInputFieldSetHideMobileInput.cs using Guid(df3f61da7452a8341af076577815b922) Importer(2089858483,0ecaa5967403d082aa24f35e1b516d23)  -> (artifact id: '3a1b70427fe731bb9ca432bfe290120b') in 0.015173 seconds
Number of updated asset objects reloaded before import = 0
Number of asset objects unloaded after import = 1
========================================================================
Received Import Request.
  Time since last request: 0.000009 seconds.
  path: Assets/PlayMaker/Actions/SceneManager/UnloadSceneAsynch.cs
  artifactKey: Guid(dec8eb818ff5a4ab0a74eb17083f4a1a) Importer(2089858483,0ecaa5967403d082aa24f35e1b516d23)
Start importing Assets/PlayMaker/Actions/SceneManager/UnloadSceneAsynch.cs using Guid(dec8eb818ff5a4ab0a74eb17083f4a1a) Importer(2089858483,0ecaa5967403d082aa24f35e1b516d23)  -> (artifact id: '8ef22e7bbef2dd149b41f27fb0657c50') in 0.014202 seconds
Number of updated asset objects reloaded before import = 0
Number of asset objects unloaded after import = 1
========================================================================
Received Import Request.
  Time since last request: 0.000017 seconds.
  path: Assets/PlayMaker/Actions/StateMachine/SetEventData.cs
  artifactKey: Guid(90eeb02be41916f41825bd8f70a06555) Importer(2089858483,0ecaa5967403d082aa24f35e1b516d23)
Start importing Assets/PlayMaker/Actions/StateMachine/SetEventData.cs using Guid(90eeb02be41916f41825bd8f70a06555) Importer(2089858483,0ecaa5967403d082aa24f35e1b516d23)  -> (artifact id: 'cf9133ec627f5ce0e5508a97bc63a910') in 0.014654 seconds
Number of updated asset objects reloaded before import = 0
Number of asset objects unloaded after import = 1
========================================================================
Received Import Request.
  Time since last request: 0.000010 seconds.
  path: Assets/PlayMaker/Actions/StateMachine/GetEventFloatData.cs
  artifactKey: Guid(57d729cd8063e064e8f3abc82a4b82e0) Importer(2089858483,0ecaa5967403d082aa24f35e1b516d23)
Start importing Assets/PlayMaker/Actions/StateMachine/GetEventFloatData.cs using Guid(57d729cd8063e064e8f3abc82a4b82e0) Importer(2089858483,0ecaa5967403d082aa24f35e1b516d23)  -> (artifact id: '616f37cc44970aed9594dccd735dfb58') in 0.012285 seconds
Number of updated asset objects reloaded before import = 0
Number of asset objects unloaded after import = 1
========================================================================
Received Import Request.
  Time since last request: 0.000010 seconds.
  path: Assets/PlayMaker/Actions/Tween/TweenColor.cs
  artifactKey: Guid(eba7df42f0ffcb0468671ae4adb0ed73) Importer(2089858483,0ecaa5967403d082aa24f35e1b516d23)
Start importing Assets/PlayMaker/Actions/Tween/TweenColor.cs using Guid(eba7df42f0ffcb0468671ae4adb0ed73) Importer(2089858483,0ecaa5967403d082aa24f35e1b516d23)  -> (artifact id: 'db629428f39a08fa1e49a06d45e79636') in 0.014336 seconds
Number of updated asset objects reloaded before import = 0
Number of asset objects unloaded after import = 1
========================================================================
Received Import Request.
  Time since last request: 0.000009 seconds.
  path: Assets/PlayMaker/Actions/UI/UiRebuild.cs
  artifactKey: Guid(6950a0dd58352454eb4fa9be8cdc9e91) Importer(2089858483,0ecaa5967403d082aa24f35e1b516d23)
Start importing Assets/PlayMaker/Actions/UI/UiRebuild.cs using Guid(6950a0dd58352454eb4fa9be8cdc9e91) Importer(2089858483,0ecaa5967403d082aa24f35e1b516d23)  -> (artifact id: '0fc9bfdd0dd818672df66c55fd040146') in 0.016445 seconds
Number of updated asset objects reloaded before import = 0
Number of asset objects unloaded after import = 1
========================================================================
Received Import Request.
  Time since last request: 0.000010 seconds.
  path: Assets/PlayMaker/Actions/UI/UiToggleOnValueChangedEvent.cs
  artifactKey: Guid(beb9314d3205b3c489a1dd389a363e7d) Importer(2089858483,0ecaa5967403d082aa24f35e1b516d23)
Start importing Assets/PlayMaker/Actions/UI/UiToggleOnValueChangedEvent.cs using Guid(beb9314d3205b3c489a1dd389a363e7d) Importer(2089858483,0ecaa5967403d082aa24f35e1b516d23)  -> (artifact id: '0cb4b7b7226bec29083ad0d2b92c21c9') in 0.015420 seconds
Number of updated asset objects reloaded before import = 0
Number of asset objects unloaded after import = 1
========================================================================
Received Import Request.
  Time since last request: 0.000011 seconds.
  path: Assets/PlayMaker/Actions/Vector2/Vector2Normalize.cs
  artifactKey: Guid(8a628084b2b4f4d19a367cedaa12154e) Importer(2089858483,0ecaa5967403d082aa24f35e1b516d23)
Start importing Assets/PlayMaker/Actions/Vector2/Vector2Normalize.cs using Guid(8a628084b2b4f4d19a367cedaa12154e) Importer(2089858483,0ecaa5967403d082aa24f35e1b516d23)  -> (artifact id: '66584ed1095def768bcfb64c4700433b') in 0.011975 seconds
Number of updated asset objects reloaded before import = 0
Number of asset objects unloaded after import = 1
========================================================================
Received Import Request.
  Time since last request: 0.000010 seconds.
  path: Assets/PlayMaker/Actions/RectTransform/RectTransformSetAnchorMinAndMax.cs
  artifactKey: Guid(c9ad718ea37064d20bfba4dc30ebd6b8) Importer(2089858483,0ecaa5967403d082aa24f35e1b516d23)
Start importing Assets/PlayMaker/Actions/RectTransform/RectTransformSetAnchorMinAndMax.cs using Guid(c9ad718ea37064d20bfba4dc30ebd6b8) Importer(2089858483,0ecaa5967403d082aa24f35e1b516d23)  -> (artifact id: 'ca3f11ea1d90d9741374a084d5605ae1') in 0.015100 seconds
Number of updated asset objects reloaded before import = 0
Number of asset objects unloaded after import = 1
========================================================================
Received Import Request.
  Time since last request: 0.000010 seconds.
  path: Assets/PlayMaker/Actions/RectTransform/RectTransformWorldToScreenPoint.cs
  artifactKey: Guid(30303df36b762460b81b61be1357af9e) Importer(2089858483,0ecaa5967403d082aa24f35e1b516d23)
Start importing Assets/PlayMaker/Actions/RectTransform/RectTransformWorldToScreenPoint.cs using Guid(30303df36b762460b81b61be1357af9e) Importer(2089858483,0ecaa5967403d082aa24f35e1b516d23)  -> (artifact id: '127b7b80715df238e9903e9fa772a3f9') in 0.013794 seconds
Number of updated asset objects reloaded before import = 0
Number of asset objects unloaded after import = 1
========================================================================
Received Import Request.
  Time since last request: 0.000010 seconds.
  path: Assets/PlayMaker/Actions/String/GetSubstring.cs
  artifactKey: Guid(8997ded4a827f0b44b95a5537a0e8dbf) Importer(2089858483,0ecaa5967403d082aa24f35e1b516d23)
Start importing Assets/PlayMaker/Actions/String/GetSubstring.cs using Guid(8997ded4a827f0b44b95a5537a0e8dbf) Importer(2089858483,0ecaa5967403d082aa24f35e1b516d23)  -> (artifact id: '7d51c8cbae8dc5976f4e38cc1fafd33d') in 0.017403 seconds
Number of updated asset objects reloaded before import = 0
Number of asset objects unloaded after import = 1
========================================================================
Received Import Request.
  Time since last request: 0.000011 seconds.
  path: Assets/PlayMaker/Actions/UI/UiSliderGetMinMax.cs
  artifactKey: Guid(3cd22fa2077118c4ca16382aab47b3dc) Importer(2089858483,0ecaa5967403d082aa24f35e1b516d23)
Start importing Assets/PlayMaker/Actions/UI/UiSliderGetMinMax.cs using Guid(3cd22fa2077118c4ca16382aab47b3dc) Importer(2089858483,0ecaa5967403d082aa24f35e1b516d23)  -> (artifact id: '3c00afac19cc03cefa8497ecdf9f48e0') in 0.014540 seconds
Number of updated asset objects reloaded before import = 0
Number of asset objects unloaded after import = 1
========================================================================
Received Import Request.
  Time since last request: 0.000012 seconds.
  path: Assets/PlayMaker/Actions/UI/UiInputFieldMoveCaretToTextStart.cs
  artifactKey: Guid(52cc97e4e75c8424bafeb0a1e9912b3d) Importer(2089858483,0ecaa5967403d082aa24f35e1b516d23)
Start importing Assets/PlayMaker/Actions/UI/UiInputFieldMoveCaretToTextStart.cs using Guid(52cc97e4e75c8424bafeb0a1e9912b3d) Importer(2089858483,0ecaa5967403d082aa24f35e1b516d23)  -> (artifact id: 'ee6242246d5ad2029f75fc13c3f97a57') in 0.014489 seconds
Number of updated asset objects reloaded before import = 0
Number of asset objects unloaded after import = 1
========================================================================
Received Import Request.
  Time since last request: 0.000011 seconds.
  path: Assets/PlayMaker/Actions/Time/GetTimeInfo.cs
  artifactKey: Guid(8e3db02fb7991d64d85d8cb4e2faf252) Importer(2089858483,0ecaa5967403d082aa24f35e1b516d23)
Start importing Assets/PlayMaker/Actions/Time/GetTimeInfo.cs using Guid(8e3db02fb7991d64d85d8cb4e2faf252) Importer(2089858483,0ecaa5967403d082aa24f35e1b516d23)  -> (artifact id: 'ec2c506e7c41cb655cee1d2f70f88bf8') in 0.014090 seconds
Number of updated asset objects reloaded before import = 0
Number of asset objects unloaded after import = 1
========================================================================
Received Import Request.
  Time since last request: 0.000017 seconds.
  path: Assets/PlayMaker/Actions/SceneManager/UnloadScene.cs
  artifactKey: Guid(8c1cb03558b31455daf58fafd0f7b635) Importer(2089858483,0ecaa5967403d082aa24f35e1b516d23)
Start importing Assets/PlayMaker/Actions/SceneManager/UnloadScene.cs using Guid(8c1cb03558b31455daf58fafd0f7b635) Importer(2089858483,0ecaa5967403d082aa24f35e1b516d23)  -> (artifact id: 'db26cf537a51817ef9e96bf667bf260a') in 0.014325 seconds
Number of updated asset objects reloaded before import = 0
Number of asset objects unloaded after import = 1
========================================================================
Received Import Request.
  Time since last request: 0.000025 seconds.
  path: Assets/PlayMaker/Actions/Vector2/Vector2RotateTowards.cs
  artifactKey: Guid(6174d235c04e64c728c5ea669181ef44) Importer(2089858483,0ecaa5967403d082aa24f35e1b516d23)
Start importing Assets/PlayMaker/Actions/Vector2/Vector2RotateTowards.cs using Guid(6174d235c04e64c728c5ea669181ef44) Importer(2089858483,0ecaa5967403d082aa24f35e1b516d23)  -> (artifact id: '64af882acb16c350166fda3879bc26df') in 0.011586 seconds
Number of updated asset objects reloaded before import = 0
Number of asset objects unloaded after import = 1
========================================================================
Received Import Request.
  Time since last request: 0.000010 seconds.
  path: Assets/PlayMaker/Actions/Transform/SetRotation.cs
  artifactKey: Guid(eb466e99a5ab8d84383bbf5c5ff7d889) Importer(2089858483,0ecaa5967403d082aa24f35e1b516d23)
Start importing Assets/PlayMaker/Actions/Transform/SetRotation.cs using Guid(eb466e99a5ab8d84383bbf5c5ff7d889) Importer(2089858483,0ecaa5967403d082aa24f35e1b516d23)  -> (artifact id: 'd1e930cac1bca1fb030d37ab0c9ae67c') in 0.013680 seconds
Number of updated asset objects reloaded before import = 0
Number of asset objects unloaded after import = 1
========================================================================
Received Import Request.
  Time since last request: 0.000013 seconds.
  path: Assets/PlayMaker/Actions/StateMachine/SetFsmQuaternion.cs
  artifactKey: Guid(3ba17874b9ce798418d40af656f0630a) Importer(2089858483,0ecaa5967403d082aa24f35e1b516d23)
Start importing Assets/PlayMaker/Actions/StateMachine/SetFsmQuaternion.cs using Guid(3ba17874b9ce798418d40af656f0630a) Importer(2089858483,0ecaa5967403d082aa24f35e1b516d23)  -> (artifact id: 'c1ac3ac5afd472996f5c3524a7d75f48') in 0.014894 seconds
Number of updated asset objects reloaded before import = 0
Number of asset objects unloaded after import = 1
========================================================================
Received Import Request.
  Time since last request: 0.000013 seconds.
  path: Assets/PlayMaker/Actions/Transform/SmoothLookAt.cs
  artifactKey: Guid(58c821d80048bd14d8917ce1a9dcbe72) Importer(2089858483,0ecaa5967403d082aa24f35e1b516d23)
Start importing Assets/PlayMaker/Actions/Transform/SmoothLookAt.cs using Guid(58c821d80048bd14d8917ce1a9dcbe72) Importer(2089858483,0ecaa5967403d082aa24f35e1b516d23)  -> (artifact id: 'dddd657561228e492379128392c0c87a') in 0.014298 seconds
Number of updated asset objects reloaded before import = 0
Number of asset objects unloaded after import = 1
========================================================================
Received Import Request.
  Time since last request: 0.000010 seconds.
  path: Assets/PlayMaker/Actions/UI/UiImageSetRaycastTarget.cs
  artifactKey: Guid(862476b37c951854b94c587e8cc9397b) Importer(2089858483,0ecaa5967403d082aa24f35e1b516d23)
Start importing Assets/PlayMaker/Actions/UI/UiImageSetRaycastTarget.cs using Guid(862476b37c951854b94c587e8cc9397b) Importer(2089858483,0ecaa5967403d082aa24f35e1b516d23)  -> (artifact id: '90604c4b615e39942b4831d8eb8716a3') in 0.013438 seconds
Number of updated asset objects reloaded before import = 0
Number of asset objects unloaded after import = 1
========================================================================
Received Import Request.
  Time since last request: 0.000010 seconds.
  path: Assets/PlayMaker/Actions/RectTransform/RectTransformSetAnchoredPosition.cs
  artifactKey: Guid(623d39a841fa1423c9390b9e289254d9) Importer(2089858483,0ecaa5967403d082aa24f35e1b516d23)
Start importing Assets/PlayMaker/Actions/RectTransform/RectTransformSetAnchoredPosition.cs using Guid(623d39a841fa1423c9390b9e289254d9) Importer(2089858483,0ecaa5967403d082aa24f35e1b516d23)  -> (artifact id: '79478f6f9788d03cb3e4782e7bc88e40') in 0.015897 seconds
Number of updated asset objects reloaded before import = 0
Number of asset objects unloaded after import = 1
========================================================================
Received Import Request.
  Time since last request: 0.000009 seconds.
  path: Assets/PlayMaker/Actions/Time/Wait.cs
  artifactKey: Guid(bb2b60731a9d08c499d83002ae24cc78) Importer(2089858483,0ecaa5967403d082aa24f35e1b516d23)
Start importing Assets/PlayMaker/Actions/Time/Wait.cs using Guid(bb2b60731a9d08c499d83002ae24cc78) Importer(2089858483,0ecaa5967403d082aa24f35e1b516d23)  -> (artifact id: '1aee2fb3405b669f25bf03e8d7e6fe77') in 0.015957 seconds
Number of updated asset objects reloaded before import = 0
Number of asset objects unloaded after import = 1
========================================================================
Received Import Request.
  Time since last request: 0.000011 seconds.
  path: Assets/PlayMaker/Actions/StateMachine/GetEventIntData.cs
  artifactKey: Guid(b37d0031c0606ca4bbae8200314a8d05) Importer(2089858483,0ecaa5967403d082aa24f35e1b516d23)
Start importing Assets/PlayMaker/Actions/StateMachine/GetEventIntData.cs using Guid(b37d0031c0606ca4bbae8200314a8d05) Importer(2089858483,0ecaa5967403d082aa24f35e1b516d23)  -> (artifact id: 'a50cb1ba4ebcea8cf921738c25e21141') in 0.013119 seconds
Number of updated asset objects reloaded before import = 0
Number of asset objects unloaded after import = 1
========================================================================
Received Import Request.
  Time since last request: 0.000010 seconds.
  path: Assets/PlayMaker/Actions/Vector2/SetVector2Value.cs
  artifactKey: Guid(67463002770f84436ab893f31706f1ef) Importer(2089858483,0ecaa5967403d082aa24f35e1b516d23)
Start importing Assets/PlayMaker/Actions/Vector2/SetVector2Value.cs using Guid(67463002770f84436ab893f31706f1ef) Importer(2089858483,0ecaa5967403d082aa24f35e1b516d23)  -> (artifact id: '7714514e1d8e519c4f3c5aa3521c512a') in 0.012321 seconds
Number of updated asset objects reloaded before import = 0
Number of asset objects unloaded after import = 1
========================================================================
Received Import Request.
  Time since last request: 0.000010 seconds.
  path: Assets/PlayMaker/Actions/UI/UiScrollRectSetVertical.cs
  artifactKey: Guid(5e54c8a36b73ead4b911afd2ef78606d) Importer(2089858483,0ecaa5967403d082aa24f35e1b516d23)
Start importing Assets/PlayMaker/Actions/UI/UiScrollRectSetVertical.cs using Guid(5e54c8a36b73ead4b911afd2ef78606d) Importer(2089858483,0ecaa5967403d082aa24f35e1b516d23)  -> (artifact id: '6c8afd6803273190b24f82b45696b349') in 0.015193 seconds
Number of updated asset objects reloaded before import = 0
Number of asset objects unloaded after import = 1
========================================================================
Received Import Request.
  Time since last request: 0.000009 seconds.
  path: Assets/PlayMaker/Actions/RectTransform/RectTransformSetSizeDelta.cs
  artifactKey: Guid(4a14471aeacad41ed84f860ed1d6718e) Importer(2089858483,0ecaa5967403d082aa24f35e1b516d23)
Start importing Assets/PlayMaker/Actions/RectTransform/RectTransformSetSizeDelta.cs using Guid(4a14471aeacad41ed84f860ed1d6718e) Importer(2089858483,0ecaa5967403d082aa24f35e1b516d23)  -> (artifact id: 'b934b0ef436e2ace533e6bee1daebe83') in 0.016845 seconds
Number of updated asset objects reloaded before import = 0
Number of asset objects unloaded after import = 1
========================================================================
Received Import Request.
  Time since last request: 0.000010 seconds.
  path: Assets/PlayMaker/Actions/RectTransform/RectTransformPixelAdjustRect.cs
  artifactKey: Guid(edb44f32f47de4ce2b04f9b7e3a4f2c9) Importer(2089858483,0ecaa5967403d082aa24f35e1b516d23)
Start importing Assets/PlayMaker/Actions/RectTransform/RectTransformPixelAdjustRect.cs using Guid(edb44f32f47de4ce2b04f9b7e3a4f2c9) Importer(2089858483,0ecaa5967403d082aa24f35e1b516d23)  -> (artifact id: 'a83fafafeb56235c23faa4e7b347f28e') in 0.013890 seconds
Number of updated asset objects reloaded before import = 0
Number of asset objects unloaded after import = 1
========================================================================
Received Import Request.
  Time since last request: 0.000011 seconds.
  path: Assets/PlayMaker/Actions/Time/ScaleTime.cs
  artifactKey: Guid(a0898764ced5b174ca723ffbfce99ac3) Importer(2089858483,0ecaa5967403d082aa24f35e1b516d23)
Start importing Assets/PlayMaker/Actions/Time/ScaleTime.cs using Guid(a0898764ced5b174ca723ffbfce99ac3) Importer(2089858483,0ecaa5967403d082aa24f35e1b516d23)  -> (artifact id: 'b3698b7b9c31160f278d25174c231639') in 0.014857 seconds
Number of updated asset objects reloaded before import = 0
Number of asset objects unloaded after import = 1
========================================================================
Received Import Request.
  Time since last request: 0.000026 seconds.
  path: Assets/PlayMaker/Actions/UI/UiToggleSetIsOn.cs
  artifactKey: Guid(8e42438db49956343b640322838a96e5) Importer(2089858483,0ecaa5967403d082aa24f35e1b516d23)
Start importing Assets/PlayMaker/Actions/UI/UiToggleSetIsOn.cs using Guid(8e42438db49956343b640322838a96e5) Importer(2089858483,0ecaa5967403d082aa24f35e1b516d23)  -> (artifact id: 'f5ef5c7446751f750fcdc3350df5468a') in 0.014907 seconds
Number of updated asset objects reloaded before import = 0
Number of asset objects unloaded after import = 1
========================================================================
Received Import Request.
  Time since last request: 0.478185 seconds.
  path: Assets/PlayMaker/Actions/Vector3/Vector3ClampMagnitude.cs
  artifactKey: Guid(efb9a13258c70b04f901aa1501f3a5b7) Importer(2089858483,0ecaa5967403d082aa24f35e1b516d23)
Start importing Assets/PlayMaker/Actions/Vector3/Vector3ClampMagnitude.cs using Guid(efb9a13258c70b04f901aa1501f3a5b7) Importer(2089858483,0ecaa5967403d082aa24f35e1b516d23)  -> (artifact id: '74c8efc8ed35bebe6450f3a600e5a03a') in 0.015841 seconds
Number of updated asset objects reloaded before import = 0
Number of asset objects unloaded after import = 1
========================================================================
Received Import Request.
  Time since last request: 0.000012 seconds.
  path: Assets/STYLY_Plugin/Scripts/Editor/CameraComponentDisabler.cs
  artifactKey: Guid(2caba17f98924f17860728148fb49991) Importer(2089858483,0ecaa5967403d082aa24f35e1b516d23)
Start importing Assets/STYLY_Plugin/Scripts/Editor/CameraComponentDisabler.cs using Guid(2caba17f98924f17860728148fb49991) Importer(2089858483,0ecaa5967403d082aa24f35e1b516d23)  -> (artifact id: 'ce935afd5038d1055fde3fe64b902f3d') in 0.015602 seconds
Number of updated asset objects reloaded before import = 0
Number of asset objects unloaded after import = 1
========================================================================
Received Import Request.
  Time since last request: 0.000085 seconds.
  path: Assets/UniGLTF/Resources/Shaders/NormalMapDecoder.shader
  artifactKey: Guid(53762a37d0a403e42a4921e3e3b84915) Importer(2089858483,0ecaa5967403d082aa24f35e1b516d23)
Start importing Assets/UniGLTF/Resources/Shaders/NormalMapDecoder.shader using Guid(53762a37d0a403e42a4921e3e3b84915) Importer(2089858483,0ecaa5967403d082aa24f35e1b516d23)  -> (artifact id: 'd8e2b0abd169c6782c9e759bc4281910') in 0.015563 seconds
Number of updated asset objects reloaded before import = 0
Number of asset objects unloaded after import = 1
========================================================================
Received Import Request.
  Time since last request: 0.000010 seconds.
  path: Assets/PlayMaker/Actions/VideoPlayer/VideoPlayerSetTime.cs
  artifactKey: Guid(4355abf33f2a749c5b7368e8ae1ef1ed) Importer(2089858483,0ecaa5967403d082aa24f35e1b516d23)
Start importing Assets/PlayMaker/Actions/VideoPlayer/VideoPlayerSetTime.cs using Guid(4355abf33f2a749c5b7368e8ae1ef1ed) Importer(2089858483,0ecaa5967403d082aa24f35e1b516d23)  -> (artifact id: 'ef306c145a66e17a4a2bfef02f462022') in 0.016160 seconds
Number of updated asset objects reloaded before import = 0
Number of asset objects unloaded after import = 1
========================================================================
Received Import Request.
  Time since last request: 0.000018 seconds.
  path: Assets/PlayMaker/Actions/VideoPlayer/VideoPlayerGetWaitForFirstFrame.cs
  artifactKey: Guid(89d695f00067e4256997938268430719) Importer(2089858483,0ecaa5967403d082aa24f35e1b516d23)
Start importing Assets/PlayMaker/Actions/VideoPlayer/VideoPlayerGetWaitForFirstFrame.cs using Guid(89d695f00067e4256997938268430719) Importer(2089858483,0ecaa5967403d082aa24f35e1b516d23)  -> (artifact id: 'd6655ce47117e77adf8d18f0a9e317c6') in 0.014293 seconds
Number of updated asset objects reloaded before import = 0
Number of asset objects unloaded after import = 1
========================================================================
Received Import Request.
  Time since last request: 0.000010 seconds.
  path: Assets/PlayMaker/Actions/VideoPlayer/VideoPlayerGetControlledAudioTrackMaxCount.cs
  artifactKey: Guid(a8f8212924a324baea744e29a0a89821) Importer(2089858483,0ecaa5967403d082aa24f35e1b516d23)
Start importing Assets/PlayMaker/Actions/VideoPlayer/VideoPlayerGetControlledAudioTrackMaxCount.cs using Guid(a8f8212924a324baea744e29a0a89821) Importer(2089858483,0ecaa5967403d082aa24f35e1b516d23)  -> (artifact id: '649f966d9521558829a6c3f454d9ced5') in 0.013307 seconds
Number of updated asset objects reloaded before import = 0
Number of asset objects unloaded after import = 1
========================================================================
Received Import Request.
  Time since last request: 0.000009 seconds.
  path: Assets/PlayMaker/Actions/Web/WWWObject.cs
  artifactKey: Guid(78bccd13ebd50bd4ea5d0c5678d4b10d) Importer(2089858483,0ecaa5967403d082aa24f35e1b516d23)
Start importing Assets/PlayMaker/Actions/Web/WWWObject.cs using Guid(78bccd13ebd50bd4ea5d0c5678d4b10d) Importer(2089858483,0ecaa5967403d082aa24f35e1b516d23)  -> (artifact id: '8f54328b38a745ddc166e17d266dea36') in 0.013204 seconds
Number of updated asset objects reloaded before import = 0
Number of asset objects unloaded after import = 1
========================================================================
Received Import Request.
  Time since last request: 0.000021 seconds.
  path: Assets/PlayMaker/Actions/VideoPlayer/VideoPlayerStop.cs
  artifactKey: Guid(ec98fb9387c804db8960fcb2f7b4fb0b) Importer(2089858483,0ecaa5967403d082aa24f35e1b516d23)
Start importing Assets/PlayMaker/Actions/VideoPlayer/VideoPlayerStop.cs using Guid(ec98fb9387c804db8960fcb2f7b4fb0b) Importer(2089858483,0ecaa5967403d082aa24f35e1b516d23)  -> (artifact id: '15dc0a1fc4dc041bd9de6df4acc07450') in 0.011345 seconds
Number of updated asset objects reloaded before import = 0
Number of asset objects unloaded after import = 1
========================================================================
Received Import Request.
  Time since last request: 0.000011 seconds.
  path: Assets/PlayMaker/Editor/it/PlayMakerEditorResources.resources.dll
  artifactKey: Guid(7000414ace5effa4cab99f751c0ddc65) Importer(2089858483,0ecaa5967403d082aa24f35e1b516d23)
Start importing Assets/PlayMaker/Editor/it/PlayMakerEditorResources.resources.dll using Guid(7000414ace5effa4cab99f751c0ddc65) Importer(2089858483,0ecaa5967403d082aa24f35e1b516d23)  -> (artifact id: '6224b67db7cfa2f1b949018ac6309f84') in 0.011480 seconds
Number of updated asset objects reloaded before import = 0
Number of asset objects unloaded after import = 1
========================================================================
Received Import Request.
  Time since last request: 0.000011 seconds.
  path: Assets/PlayMaker/Editor/Resources/linkAddons@2x.png
  artifactKey: Guid(f0231c27c93d1194985af0d9555385dc) Importer(2089858483,0ecaa5967403d082aa24f35e1b516d23)
Start importing Assets/PlayMaker/Editor/Resources/linkAddons@2x.png using Guid(f0231c27c93d1194985af0d9555385dc) Importer(2089858483,0ecaa5967403d082aa24f35e1b516d23)  -> (artifact id: '0b33eff8aac0429bc272c230e9f3896d') in 0.020960 seconds
Number of updated asset objects reloaded before import = 0
Number of asset objects unloaded after import = 1
========================================================================
Received Import Request.
  Time since last request: 0.000011 seconds.
  path: Assets/UniGLTF/UniHumanoid/doc/BoneMappingGizmo.png
  artifactKey: Guid(f4993bbf703729441869ce8186574f2b) Importer(2089858483,0ecaa5967403d082aa24f35e1b516d23)
Start importing Assets/UniGLTF/UniHumanoid/doc/BoneMappingGizmo.png using Guid(f4993bbf703729441869ce8186574f2b) Importer(2089858483,0ecaa5967403d082aa24f35e1b516d23)  -> (artifact id: 'd12c39643a26ad7de5292938f5b9ca37') in 0.018101 seconds
Number of updated asset objects reloaded before import = 0
Number of asset objects unloaded after import = 1
========================================================================
Received Import Request.
  Time since last request: 0.000017 seconds.
  path: Assets/3D/FujitoWork/08_other/Fukidashi/e1543_1.png
  artifactKey: Guid(517d3262a1fb4e24b93e00eb0ccff378) Importer(2089858483,0ecaa5967403d082aa24f35e1b516d23)
Start importing Assets/3D/FujitoWork/08_other/Fukidashi/e1543_1.png using Guid(517d3262a1fb4e24b93e00eb0ccff378) Importer(2089858483,0ecaa5967403d082aa24f35e1b516d23)  -> (artifact id: 'fd48eb07674e61675fee3bbe0e291dd9') in 0.018114 seconds
Number of updated asset objects reloaded before import = 0
Number of asset objects unloaded after import = 3
========================================================================
Received Import Request.
  Time since last request: 0.000011 seconds.
  path: Assets/PlayMaker/Actions/VideoPlayer/VideoPlayerGetAspectRatio.cs
  artifactKey: Guid(abf6c8ea860464b7ab9a7fe18f2b5c16) Importer(2089858483,0ecaa5967403d082aa24f35e1b516d23)
Start importing Assets/PlayMaker/Actions/VideoPlayer/VideoPlayerGetAspectRatio.cs using Guid(abf6c8ea860464b7ab9a7fe18f2b5c16) Importer(2089858483,0ecaa5967403d082aa24f35e1b516d23)  -> (artifact id: '0e8eca79ddbb34000d3882e7303bc93f') in 0.010817 seconds
Number of updated asset objects reloaded before import = 0
Number of asset objects unloaded after import = 1
========================================================================
Received Import Request.
  Time since last request: 0.000010 seconds.
  path: Assets/PlayMaker/Editor/Resources/linkCheck.png
  artifactKey: Guid(6ce904115a7da9647b3f1c81a9884220) Importer(2089858483,0ecaa5967403d082aa24f35e1b516d23)
Start importing Assets/PlayMaker/Editor/Resources/linkCheck.png using Guid(6ce904115a7da9647b3f1c81a9884220) Importer(2089858483,0ecaa5967403d082aa24f35e1b516d23)  -> (artifact id: 'e5bb296034803ff45572248f8af4a02b') in 0.024719 seconds
Number of updated asset objects reloaded before import = 0
Number of asset objects unloaded after import = 1
========================================================================
Received Import Request.
  Time since last request: 0.000010 seconds.
  path: Assets/STYLY_Plugin/STYLY_ImmersalUI/Sprites/image_fade.png
  artifactKey: Guid(0364c797f68f55a4d8894193a7b536ea) Importer(2089858483,0ecaa5967403d082aa24f35e1b516d23)
Start importing Assets/STYLY_Plugin/STYLY_ImmersalUI/Sprites/image_fade.png using Guid(0364c797f68f55a4d8894193a7b536ea) Importer(2089858483,0ecaa5967403d082aa24f35e1b516d23)  -> (artifact id: 'b9a8d6bd1eb467ab0801eb960371ef6a') in 0.020598 seconds
Number of updated asset objects reloaded before import = 0
Number of asset objects unloaded after import = 3
========================================================================
Received Import Request.
  Time since last request: 0.000015 seconds.
  path: Assets/PlayMaker/Editor/Watermarks/LeftArrow.png
  artifactKey: Guid(612841212d163524b8d286d96a5d25d3) Importer(2089858483,0ecaa5967403d082aa24f35e1b516d23)
Start importing Assets/PlayMaker/Editor/Watermarks/LeftArrow.png using Guid(612841212d163524b8d286d96a5d25d3) Importer(2089858483,0ecaa5967403d082aa24f35e1b516d23)  -> (artifact id: 'f62c0c2ad43f3fc82979bb7c9463db8a') in 0.022893 seconds
Number of updated asset objects reloaded before import = 0
Number of asset objects unloaded after import = 1
========================================================================
Received Import Request.
  Time since last request: 0.000010 seconds.
  path: Assets/UniGLTF/UniJSON/Scripts/IFormatter.cs
  artifactKey: Guid(5fb858fc98e29c54d87df97ead98608e) Importer(2089858483,0ecaa5967403d082aa24f35e1b516d23)
Start importing Assets/UniGLTF/UniJSON/Scripts/IFormatter.cs using Guid(5fb858fc98e29c54d87df97ead98608e) Importer(2089858483,0ecaa5967403d082aa24f35e1b516d23)  -> (artifact id: '2b5d410b6e77fd71f87623b2a4cf2638') in 0.012476 seconds
Number of updated asset objects reloaded before import = 0
Number of asset objects unloaded after import = 1
========================================================================
Received Import Request.
  Time since last request: 0.000010 seconds.
  path: Assets/STYLY_Plugin/Scripts/Editor/UnityWebRequestExtension.cs
  artifactKey: Guid(ad57b4c2efc76e6468a7c0f82c421edc) Importer(2089858483,0ecaa5967403d082aa24f35e1b516d23)
Start importing Assets/STYLY_Plugin/Scripts/Editor/UnityWebRequestExtension.cs using Guid(ad57b4c2efc76e6468a7c0f82c421edc) Importer(2089858483,0ecaa5967403d082aa24f35e1b516d23)  -> (artifact id: '960b851f2ea75c33c249821c8b436b70') in 0.014103 seconds
Number of updated asset objects reloaded before import = 0
Number of asset objects unloaded after import = 1
========================================================================
Received Import Request.
  Time since last request: 0.000011 seconds.
  path: Assets/PlayMaker/Actions/VideoPlayer/VideoPlayerGetTime.cs
  artifactKey: Guid(7843c105f8b7a4141a5ba168087793d4) Importer(2089858483,0ecaa5967403d082aa24f35e1b516d23)
Start importing Assets/PlayMaker/Actions/VideoPlayer/VideoPlayerGetTime.cs using Guid(7843c105f8b7a4141a5ba168087793d4) Importer(2089858483,0ecaa5967403d082aa24f35e1b516d23)  -> (artifact id: 'a527127b3ee0756600a2de9012f3363d') in 0.011346 seconds
Number of updated asset objects reloaded before import = 0
Number of asset objects unloaded after import = 1
========================================================================
Received Import Request.
  Time since last request: 0.000026 seconds.
  path: Assets/PlayMaker/Actions/VideoPlayer/VideoPlayerGetTargetTexture.cs
  artifactKey: Guid(5ad23dfd1cbd948a1b947ca6444ff73b) Importer(2089858483,0ecaa5967403d082aa24f35e1b516d23)
Start importing Assets/PlayMaker/Actions/VideoPlayer/VideoPlayerGetTargetTexture.cs using Guid(5ad23dfd1cbd948a1b947ca6444ff73b) Importer(2089858483,0ecaa5967403d082aa24f35e1b516d23)  -> (artifact id: '19e898d5ebac2d150a76a487cb82ec2b') in 0.011708 seconds
Number of updated asset objects reloaded before import = 0
Number of asset objects unloaded after import = 1
========================================================================
Received Import Request.
  Time since last request: 0.000021 seconds.
  path: Assets/STYLY_Plugin/ThirdParty/azcopy/azcopy.exe
  artifactKey: Guid(08ccf782bb3cb2348af042ff14aaec78) Importer(2089858483,0ecaa5967403d082aa24f35e1b516d23)
Start importing Assets/STYLY_Plugin/ThirdParty/azcopy/azcopy.exe using Guid(08ccf782bb3cb2348af042ff14aaec78) Importer(2089858483,0ecaa5967403d082aa24f35e1b516d23)  -> (artifact id: '9ad86f773ede12ff06b6043aa599a1c4') in 0.008518 seconds
Number of updated asset objects reloaded before import = 0
Number of asset objects unloaded after import = 1
========================================================================
Received Import Request.
  Time since last request: 0.000030 seconds.
  path: Assets/UniGLTF/UniUnlit/Resources/UniUnlit.shader
  artifactKey: Guid(8c17b56f4bf084c47872edcb95237e4a) Importer(2089858483,0ecaa5967403d082aa24f35e1b516d23)
Start importing Assets/UniGLTF/UniUnlit/Resources/UniUnlit.shader using Guid(8c17b56f4bf084c47872edcb95237e4a) Importer(2089858483,0ecaa5967403d082aa24f35e1b516d23)  -> (artifact id: 'a8c5bdd779af4a74618e72828863bcfe') in 0.009897 seconds
Number of updated asset objects reloaded before import = 0
Number of asset objects unloaded after import = 1
========================================================================
Received Import Request.
  Time since last request: 0.000009 seconds.
  path: Assets/STYLY_Plugin/ThirdParty/azcopy/pkg_installer.sh
  artifactKey: Guid(9e0aebd715de246f5b8a298869217172) Importer(2089858483,0ecaa5967403d082aa24f35e1b516d23)
Start importing Assets/STYLY_Plugin/ThirdParty/azcopy/pkg_installer.sh using Guid(9e0aebd715de246f5b8a298869217172) Importer(2089858483,0ecaa5967403d082aa24f35e1b516d23)  -> (artifact id: '66b6363c93f1c42f8d7a90be8774e9aa') in 0.010691 seconds
Number of updated asset objects reloaded before import = 0
Number of asset objects unloaded after import = 1
========================================================================
Received Import Request.
  Time since last request: 0.000021 seconds.
  path: Assets/PlayMaker/Editor/zh-TW/PlayMakerEditorResources.resources.dll
  artifactKey: Guid(3741839e25a749b4b96666c2d7d391b2) Importer(2089858483,0ecaa5967403d082aa24f35e1b516d23)
Start importing Assets/PlayMaker/Editor/zh-TW/PlayMakerEditorResources.resources.dll using Guid(3741839e25a749b4b96666c2d7d391b2) Importer(2089858483,0ecaa5967403d082aa24f35e1b516d23)  -> (artifact id: 'd72257cdb9f6044f9a3017ed34f8e4a6') in 0.009813 seconds
Number of updated asset objects reloaded before import = 0
Number of asset objects unloaded after import = 1
========================================================================
Received Import Request.
  Time since last request: 0.000011 seconds.
  path: Assets/PlayMaker/Actions/VideoPlayer/VideoPlayerGetCurrentFrameIndex.cs
  artifactKey: Guid(9c59ea14bedc84ba9934e395c8940639) Importer(2089858483,0ecaa5967403d082aa24f35e1b516d23)
Start importing Assets/PlayMaker/Actions/VideoPlayer/VideoPlayerGetCurrentFrameIndex.cs using Guid(9c59ea14bedc84ba9934e395c8940639) Importer(2089858483,0ecaa5967403d082aa24f35e1b516d23)  -> (artifact id: '8d3d2dbf31bb6713a7f6afc107f31af8') in 0.015142 seconds
Number of updated asset objects reloaded before import = 0
Number of asset objects unloaded after import = 1
========================================================================
Received Import Request.
  Time since last request: 0.000014 seconds.
  path: Assets/PlayMaker/Actions/VideoPlayer/VideoPlayerGetTargetMaterialProperty.cs
  artifactKey: Guid(86564ae617fe7437e92b57a8cd060211) Importer(2089858483,0ecaa5967403d082aa24f35e1b516d23)
Start importing Assets/PlayMaker/Actions/VideoPlayer/VideoPlayerGetTargetMaterialProperty.cs using Guid(86564ae617fe7437e92b57a8cd060211) Importer(2089858483,0ecaa5967403d082aa24f35e1b516d23)  -> (artifact id: '6b0fa798947b316d65808da2b275ed56') in 0.013317 seconds
Number of updated asset objects reloaded before import = 0
Number of asset objects unloaded after import = 1
========================================================================
Received Import Request.
  Time since last request: 0.000019 seconds.
  path: Assets/PlayMaker/Editor/Watermarks/Database.png
  artifactKey: Guid(4d438feaad25a6848b6008e957685bee) Importer(2089858483,0ecaa5967403d082aa24f35e1b516d23)
Start importing Assets/PlayMaker/Editor/Watermarks/Database.png using Guid(4d438feaad25a6848b6008e957685bee) Importer(2089858483,0ecaa5967403d082aa24f35e1b516d23)  -> (artifact id: 'de822179a36db4bfc4a64f1c52ffc62f') in 0.015149 seconds
Number of updated asset objects reloaded before import = 0
Number of asset objects unloaded after import = 1
========================================================================
Received Import Request.
  Time since last request: 0.000027 seconds.
  path: Assets/UniGLTF/UniHumanoid/Scripts/MuscleInspector.cs
  artifactKey: Guid(d2cc8a27b7978e54d9226bc91e53a502) Importer(2089858483,0ecaa5967403d082aa24f35e1b516d23)
Start importing Assets/UniGLTF/UniHumanoid/Scripts/MuscleInspector.cs using Guid(d2cc8a27b7978e54d9226bc91e53a502) Importer(2089858483,0ecaa5967403d082aa24f35e1b516d23)  -> (artifact id: '4935057e9bc72ee083e41d20949da1be') in 0.010488 seconds
Number of updated asset objects reloaded before import = 0
Number of asset objects unloaded after import = 1
========================================================================
Received Import Request.
  Time since last request: 0.000010 seconds.
  path: Assets/PlayMaker/Editor/Resources/playMakerHeader.png
  artifactKey: Guid(de9664222f1ad9d4ab391905753fb1bb) Importer(2089858483,0ecaa5967403d082aa24f35e1b516d23)
Start importing Assets/PlayMaker/Editor/Resources/playMakerHeader.png using Guid(de9664222f1ad9d4ab391905753fb1bb) Importer(2089858483,0ecaa5967403d082aa24f35e1b516d23)  -> (artifact id: '0916dca1438c4b96f964ba29be90bb71') in 0.021198 seconds
Number of updated asset objects reloaded before import = 0
Number of asset objects unloaded after import = 1
========================================================================
Received Import Request.
  Time since last request: 0.000010 seconds.
  path: Assets/STYLY_Plugin/STYLY_ImmersalUI/Animations/ImageFinderCircle.controller
  artifactKey: Guid(5b882872d6d0da0439d2d164e2d8325d) Importer(2089858483,0ecaa5967403d082aa24f35e1b516d23)
Start importing Assets/STYLY_Plugin/STYLY_ImmersalUI/Animations/ImageFinderCircle.controller using Guid(5b882872d6d0da0439d2d164e2d8325d) Importer(2089858483,0ecaa5967403d082aa24f35e1b516d23)  -> (artifact id: '80263c0f78a3a4c66d42187d9f5feeaf') in 0.020696 seconds
Number of updated asset objects reloaded before import = 0
Number of asset objects unloaded after import = 4
========================================================================
Received Import Request.
  Time since last request: 0.000012 seconds.
  path: Assets/PlayMaker/Actions/VideoClip/VideoClipGetFrameCount.cs
  artifactKey: Guid(8a69db457398c4da6b7408d660ad7469) Importer(2089858483,0ecaa5967403d082aa24f35e1b516d23)
Start importing Assets/PlayMaker/Actions/VideoClip/VideoClipGetFrameCount.cs using Guid(8a69db457398c4da6b7408d660ad7469) Importer(2089858483,0ecaa5967403d082aa24f35e1b516d23)  -> (artifact id: '8524afcef29cb841366c63c850f375b8') in 0.013808 seconds
Number of updated asset objects reloaded before import = 0
Number of asset objects unloaded after import = 1
========================================================================
Received Import Request.
  Time since last request: 0.000010 seconds.
  path: Assets/PlayMaker/Editor/Watermarks/ThoughtBubble.png
  artifactKey: Guid(f218ed29f9b2ba042b5b00c2bc3ac412) Importer(2089858483,0ecaa5967403d082aa24f35e1b516d23)
Start importing Assets/PlayMaker/Editor/Watermarks/ThoughtBubble.png using Guid(f218ed29f9b2ba042b5b00c2bc3ac412) Importer(2089858483,0ecaa5967403d082aa24f35e1b516d23)  -> (artifact id: '10d4ec4e413d4edebd9bf241ca8877d6') in 0.017574 seconds
Number of updated asset objects reloaded before import = 0
Number of asset objects unloaded after import = 1
========================================================================
Received Import Request.
  Time since last request: 0.000011 seconds.
  path: Assets/PlayMaker/Editor/Watermarks/ComboLock.png
  artifactKey: Guid(5bf966fb3b71a8a45a0ed828c86c6f38) Importer(2089858483,0ecaa5967403d082aa24f35e1b516d23)
Start importing Assets/PlayMaker/Editor/Watermarks/ComboLock.png using Guid(5bf966fb3b71a8a45a0ed828c86c6f38) Importer(2089858483,0ecaa5967403d082aa24f35e1b516d23)  -> (artifact id: 'd0658a2feadb6e5c3e55c2fd6e8d019f') in 0.019962 seconds
Number of updated asset objects reloaded before import = 0
Number of asset objects unloaded after import = 1
========================================================================
Received Import Request.
  Time since last request: 0.000019 seconds.
  path: Assets/PlayMaker/Actions/VideoPlayer/VideoPlayerSetTargetCameraAlpha.cs
  artifactKey: Guid(d19feffe640364c8d8ec6774af295846) Importer(2089858483,0ecaa5967403d082aa24f35e1b516d23)
Start importing Assets/PlayMaker/Actions/VideoPlayer/VideoPlayerSetTargetCameraAlpha.cs using Guid(d19feffe640364c8d8ec6774af295846) Importer(2089858483,0ecaa5967403d082aa24f35e1b516d23)  -> (artifact id: '82aa7174621d8b178ac7fd5d8f624e16') in 0.013004 seconds
Number of updated asset objects reloaded before import = 0
Number of asset objects unloaded after import = 1
========================================================================
Received Import Request.
  Time since last request: 0.000009 seconds.
  path: Assets/PlayMaker/Editor/Watermarks/DoorLock.png
  artifactKey: Guid(c5145280bf0673146831d14c10dd1f9f) Importer(2089858483,0ecaa5967403d082aa24f35e1b516d23)
Start importing Assets/PlayMaker/Editor/Watermarks/DoorLock.png using Guid(c5145280bf0673146831d14c10dd1f9f) Importer(2089858483,0ecaa5967403d082aa24f35e1b516d23)  -> (artifact id: '333207afd9b98752ba4a9d90be99b7c6') in 0.024404 seconds
Number of updated asset objects reloaded before import = 0
Number of asset objects unloaded after import = 1
========================================================================
Received Import Request.
  Time since last request: 0.000017 seconds.
  path: Assets/PlayMaker/Editor/Watermarks/Bomb.png
  artifactKey: Guid(08bc5569fa12d2542b2db6b9fb27116c) Importer(2089858483,0ecaa5967403d082aa24f35e1b516d23)
Start importing Assets/PlayMaker/Editor/Watermarks/Bomb.png using Guid(08bc5569fa12d2542b2db6b9fb27116c) Importer(2089858483,0ecaa5967403d082aa24f35e1b516d23)  -> (artifact id: 'd0014c14b6e39f3427a139781babe923') in 0.013306 seconds
Number of updated asset objects reloaded before import = 0
Number of asset objects unloaded after import = 1
========================================================================
Received Import Request.
  Time since last request: 0.000010 seconds.
  path: Assets/PlayMaker/Actions/VideoPlayer/VideoPlayerGetCanSetTime.cs
  artifactKey: Guid(0db37a55632294296be49977c0c248fc) Importer(2089858483,0ecaa5967403d082aa24f35e1b516d23)
Start importing Assets/PlayMaker/Actions/VideoPlayer/VideoPlayerGetCanSetTime.cs using Guid(0db37a55632294296be49977c0c248fc) Importer(2089858483,0ecaa5967403d082aa24f35e1b516d23)  -> (artifact id: '607cf55e26328373c9d0643efd98eec0') in 0.011772 seconds
Number of updated asset objects reloaded before import = 0
Number of asset objects unloaded after import = 1
========================================================================
Received Import Request.
  Time since last request: 0.000009 seconds.
  path: Assets/PlayMaker/Editor/Watermarks/Hourglass.png
  artifactKey: Guid(8d47ca498d459d64da7f40c4e0e6ebc1) Importer(2089858483,0ecaa5967403d082aa24f35e1b516d23)
Start importing Assets/PlayMaker/Editor/Watermarks/Hourglass.png using Guid(8d47ca498d459d64da7f40c4e0e6ebc1) Importer(2089858483,0ecaa5967403d082aa24f35e1b516d23)  -> (artifact id: '6e3e2441e4caec5a26ce3736b0e0a067') in 0.017879 seconds
Number of updated asset objects reloaded before import = 0
Number of asset objects unloaded after import = 1
========================================================================
Received Import Request.
  Time since last request: 0.000016 seconds.
  path: Assets/PlayMaker/Actions/VideoPlayer/VideoPlayerGetVideoClip.cs
  artifactKey: Guid(8aacedaaa9cd64196bf0d16ccc9edea9) Importer(2089858483,0ecaa5967403d082aa24f35e1b516d23)
Start importing Assets/PlayMaker/Actions/VideoPlayer/VideoPlayerGetVideoClip.cs using Guid(8aacedaaa9cd64196bf0d16ccc9edea9) Importer(2089858483,0ecaa5967403d082aa24f35e1b516d23)  -> (artifact id: '175227702f9fa27ca409a5161d49f603') in 0.013722 seconds
Number of updated asset objects reloaded before import = 0
Number of asset objects unloaded after import = 1
========================================================================
Received Import Request.
  Time since last request: 0.000018 seconds.
  path: Assets/PlayMaker/Editor/Resources/backButton.png
  artifactKey: Guid(ac6641fa8d46a2d408fc356b1018cb57) Importer(2089858483,0ecaa5967403d082aa24f35e1b516d23)
Start importing Assets/PlayMaker/Editor/Resources/backButton.png using Guid(ac6641fa8d46a2d408fc356b1018cb57) Importer(2089858483,0ecaa5967403d082aa24f35e1b516d23)  -> (artifact id: '90b72bd9cfe73b0b783f47b951efa4b6') in 0.017526 seconds
Number of updated asset objects reloaded before import = 0
Number of asset objects unloaded after import = 1
========================================================================
Received Import Request.
  Time since last request: 0.000010 seconds.
  path: Assets/PlayMaker/Editor/Resources/photonIcon.png
  artifactKey: Guid(bb4f5fdd6b52a4942b26179f4e9aed45) Importer(2089858483,0ecaa5967403d082aa24f35e1b516d23)
Start importing Assets/PlayMaker/Editor/Resources/photonIcon.png using Guid(bb4f5fdd6b52a4942b26179f4e9aed45) Importer(2089858483,0ecaa5967403d082aa24f35e1b516d23)  -> (artifact id: 'e03e839348b76af50851bdf92505c9cf') in 0.019433 seconds
Number of updated asset objects reloaded before import = 0
Number of asset objects unloaded after import = 1
========================================================================
Received Import Request.
  Time since last request: 0.000014 seconds.
  path: Assets/UniGLTF/Core/Scripts/UniGLTFVersion_partial.cs
  artifactKey: Guid(40d707af2901e3f4781e20d8326723e8) Importer(2089858483,0ecaa5967403d082aa24f35e1b516d23)
Start importing Assets/UniGLTF/Core/Scripts/UniGLTFVersion_partial.cs using Guid(40d707af2901e3f4781e20d8326723e8) Importer(2089858483,0ecaa5967403d082aa24f35e1b516d23)  -> (artifact id: '9cf4b407fed74a6c5aec08728b466bcd') in 0.014195 seconds
Number of updated asset objects reloaded before import = 0
Number of asset objects unloaded after import = 1
========================================================================
Received Import Request.
  Time since last request: 0.000013 seconds.
  path: Assets/PlayMaker/Editor/Watermarks/Postcard.png
  artifactKey: Guid(1bb3725e0549a0f4fba48a76e52b3faf) Importer(2089858483,0ecaa5967403d082aa24f35e1b516d23)
Start importing Assets/PlayMaker/Editor/Watermarks/Postcard.png using Guid(1bb3725e0549a0f4fba48a76e52b3faf) Importer(2089858483,0ecaa5967403d082aa24f35e1b516d23)  -> (artifact id: '7c075f56e8bf5e80ea4614cce44e3de8') in 0.021892 seconds
Number of updated asset objects reloaded before import = 0
Number of asset objects unloaded after import = 1
========================================================================
Received Import Request.
  Time since last request: 0.081628 seconds.
  path: Assets/3D/FujitoWork/04_material/TEST_balloons/baloon.mat
  artifactKey: Guid(fed3b11314edde242ac5ebd89320a20a) Importer(2089858483,0ecaa5967403d082aa24f35e1b516d23)
Start importing Assets/3D/FujitoWork/04_material/TEST_balloons/baloon.mat using Guid(fed3b11314edde242ac5ebd89320a20a) Importer(2089858483,0ecaa5967403d082aa24f35e1b516d23)  -> (artifact id: 'facc171a1bc44dc888507282dbe0545c') in 0.015830 seconds
Number of updated asset objects reloaded before import = 0
Number of asset objects unloaded after import = 1
========================================================================
Received Import Request.
  Time since last request: 0.000012 seconds.
  path: Assets/PlayMaker/Actions/UI/Selectable/UiGetIsInteractable.cs
  artifactKey: Guid(b17211d32080d8244962c92d020335df) Importer(2089858483,0ecaa5967403d082aa24f35e1b516d23)
Start importing Assets/PlayMaker/Actions/UI/Selectable/UiGetIsInteractable.cs using Guid(b17211d32080d8244962c92d020335df) Importer(2089858483,0ecaa5967403d082aa24f35e1b516d23)  -> (artifact id: '41e6d50cd6d3e448a303d7e98b6963fb') in 0.015724 seconds
Number of updated asset objects reloaded before import = 0
Number of asset objects unloaded after import = 1
========================================================================
Received Import Request.
  Time since last request: 0.000010 seconds.
  path: Assets/PlayMaker/Actions/UI/EventSystem/UiOnPointerUpEvent.cs
  artifactKey: Guid(e9960e63198c8a94988b3e8e533e6d87) Importer(2089858483,0ecaa5967403d082aa24f35e1b516d23)
Start importing Assets/PlayMaker/Actions/UI/EventSystem/UiOnPointerUpEvent.cs using Guid(e9960e63198c8a94988b3e8e533e6d87) Importer(2089858483,0ecaa5967403d082aa24f35e1b516d23)  -> (artifact id: '280873e7774d65397445a87de7b96573') in 0.013525 seconds
Number of updated asset objects reloaded before import = 0
Number of asset objects unloaded after import = 0
========================================================================
Received Import Request.
  Time since last request: 0.000021 seconds.
  path: Assets/UniGLTF/UniJSON/Scripts/Json/JsonFormatter.cs
  artifactKey: Guid(9968766fe6cce164a8c7e950200cbb11) Importer(2089858483,0ecaa5967403d082aa24f35e1b516d23)
Start importing Assets/UniGLTF/UniJSON/Scripts/Json/JsonFormatter.cs using Guid(9968766fe6cce164a8c7e950200cbb11) Importer(2089858483,0ecaa5967403d082aa24f35e1b516d23)  -> (artifact id: '55cfad4a3fc5f36b2a3e470983d73ea9') in 0.010726 seconds
Number of updated asset objects reloaded before import = 0
Number of asset objects unloaded after import = 1
========================================================================
Received Import Request.
  Time since last request: 0.000010 seconds.
  path: Assets/UniGLTF/UniHumanoid/Scripts/IO/ImporterContext.cs
  artifactKey: Guid(6c6231d0aafc9554ca596f35e8f395c4) Importer(2089858483,0ecaa5967403d082aa24f35e1b516d23)
Start importing Assets/UniGLTF/UniHumanoid/Scripts/IO/ImporterContext.cs using Guid(6c6231d0aafc9554ca596f35e8f395c4) Importer(2089858483,0ecaa5967403d082aa24f35e1b516d23)  -> (artifact id: '63699a838d9d169298a123a8a011d02c') in 0.015998 seconds
Number of updated asset objects reloaded before import = 0
Number of asset objects unloaded after import = 1
========================================================================
Received Import Request.
  Time since last request: 0.000012 seconds.
  path: Assets/UniGLTF/UniJSON/Editor/Tests/JsonFormatterTest.cs
  artifactKey: Guid(3defb263d8925164683447a978248b1d) Importer(2089858483,0ecaa5967403d082aa24f35e1b516d23)
Start importing Assets/UniGLTF/UniJSON/Editor/Tests/JsonFormatterTest.cs using Guid(3defb263d8925164683447a978248b1d) Importer(2089858483,0ecaa5967403d082aa24f35e1b516d23)  -> (artifact id: '87c5a8839d90cdf737068eb6ccbc058c') in 0.013531 seconds
Number of updated asset objects reloaded before import = 0
Number of asset objects unloaded after import = 1
========================================================================
Received Import Request.
  Time since last request: 0.000010 seconds.
  path: Assets/UniGLTF/UniJSON/Scripts/Json/JsonNode.cs
  artifactKey: Guid(e5df80e0a6a40384b8c8018e1581ba6b) Importer(2089858483,0ecaa5967403d082aa24f35e1b516d23)
Start importing Assets/UniGLTF/UniJSON/Scripts/Json/JsonNode.cs using Guid(e5df80e0a6a40384b8c8018e1581ba6b) Importer(2089858483,0ecaa5967403d082aa24f35e1b516d23)  -> (artifact id: 'd88b2952424e71356c21ff9c96386908') in 0.015074 seconds
Number of updated asset objects reloaded before import = 0
Number of asset objects unloaded after import = 1
========================================================================
Received Import Request.
  Time since last request: 0.000010 seconds.
  path: Assets/STYLY_Plugin/STYLY_InteractionSDK/Simulator/DummyImpls/DummySDKManager.cs
  artifactKey: Guid(1772515e63aa1a94392cd47c51e4303e) Importer(2089858483,0ecaa5967403d082aa24f35e1b516d23)
Start importing Assets/STYLY_Plugin/STYLY_InteractionSDK/Simulator/DummyImpls/DummySDKManager.cs using Guid(1772515e63aa1a94392cd47c51e4303e) Importer(2089858483,0ecaa5967403d082aa24f35e1b516d23)  -> (artifact id: '0e83faf25455e50164b434d6d5b5e286') in 0.015348 seconds
Number of updated asset objects reloaded before import = 0
Number of asset objects unloaded after import = 1
========================================================================
Received Import Request.
  Time since last request: 0.000010 seconds.
  path: Assets/UniGLTF/UniJSON/Editor/Tests/ValidatorTests.cs
  artifactKey: Guid(16d778a50d1c9374894ef42f892210dd) Importer(2089858483,0ecaa5967403d082aa24f35e1b516d23)
Start importing Assets/UniGLTF/UniJSON/Editor/Tests/ValidatorTests.cs using Guid(16d778a50d1c9374894ef42f892210dd) Importer(2089858483,0ecaa5967403d082aa24f35e1b516d23)  -> (artifact id: 'a529a996164959614fba3f98474bb34d') in 0.010335 seconds
Number of updated asset objects reloaded before import = 0
Number of asset objects unloaded after import = 1
========================================================================
Received Import Request.
  Time since last request: 0.000012 seconds.
  path: Assets/STYLY_Plugin/STYLY_InteractionSDK/Simulator/DummyImpls/DummyBreaker.cs
  artifactKey: Guid(3ca0d5a0886ce924a9ebcf88c19455cb) Importer(2089858483,0ecaa5967403d082aa24f35e1b516d23)
Start importing Assets/STYLY_Plugin/STYLY_InteractionSDK/Simulator/DummyImpls/DummyBreaker.cs using Guid(3ca0d5a0886ce924a9ebcf88c19455cb) Importer(2089858483,0ecaa5967403d082aa24f35e1b516d23)  -> (artifact id: '5c9d60c63aef7cec6470d074035fd42f') in 0.013418 seconds
Number of updated asset objects reloaded before import = 0
Number of asset objects unloaded after import = 1
========================================================================
Received Import Request.
  Time since last request: 0.000010 seconds.
  path: Assets/STYLY_Plugin/STYLY_Playmaker_CustomActions/CustomActions/Release/PutHttpRequest.cs
  artifactKey: Guid(80dd5ab9d8310404a93f5e7085f406cd) Importer(2089858483,0ecaa5967403d082aa24f35e1b516d23)
Start importing Assets/STYLY_Plugin/STYLY_Playmaker_CustomActions/CustomActions/Release/PutHttpRequest.cs using Guid(80dd5ab9d8310404a93f5e7085f406cd) Importer(2089858483,0ecaa5967403d082aa24f35e1b516d23)  -> (artifact id: 'd0273590fb308e2c8dc014d6bfef6f57') in 0.011039 seconds
Number of updated asset objects reloaded before import = 0
Number of asset objects unloaded after import = 1
========================================================================
Received Import Request.
  Time since last request: 0.000010 seconds.
  path: Assets/STYLY_Plugin/STYLY_MaintenanceTool/LocalPreviewTool/Editor/LocalPreviewToolUtility.cs
  artifactKey: Guid(6442e7189363af34785978ca0ab815e6) Importer(2089858483,0ecaa5967403d082aa24f35e1b516d23)
Start importing Assets/STYLY_Plugin/STYLY_MaintenanceTool/LocalPreviewTool/Editor/LocalPreviewToolUtility.cs using Guid(6442e7189363af34785978ca0ab815e6) Importer(2089858483,0ecaa5967403d082aa24f35e1b516d23)  -> (artifact id: 'fea732aed153c668d67f745c36a14d87') in 0.013090 seconds
Number of updated asset objects reloaded before import = 0
Number of asset objects unloaded after import = 1
========================================================================
Received Import Request.
  Time since last request: 0.000012 seconds.
  path: Assets/STYLY_Plugin/STYLY_InteractionSDK/Simulator/DummyImpls/DummyImplSetupperProvider.cs
  artifactKey: Guid(7c064187e9b0f0647a7ef8e7ab82440c) Importer(2089858483,0ecaa5967403d082aa24f35e1b516d23)
Start importing Assets/STYLY_Plugin/STYLY_InteractionSDK/Simulator/DummyImpls/DummyImplSetupperProvider.cs using Guid(7c064187e9b0f0647a7ef8e7ab82440c) Importer(2089858483,0ecaa5967403d082aa24f35e1b516d23)  -> (artifact id: '92ee88ca81360a786e6e02001ff0457e') in 0.013351 seconds
Number of updated asset objects reloaded before import = 0
Number of asset objects unloaded after import = 1
========================================================================
Received Import Request.
  Time since last request: 0.000020 seconds.
  path: Assets/STYLY_Plugin/STYLY_Playmaker_CustomActions/CustomActions/Release/Lib/UrlAccessValidator.cs
  artifactKey: Guid(6abdf175f2a88374dabd2c0d8f4e631b) Importer(2089858483,0ecaa5967403d082aa24f35e1b516d23)
Start importing Assets/STYLY_Plugin/STYLY_Playmaker_CustomActions/CustomActions/Release/Lib/UrlAccessValidator.cs using Guid(6abdf175f2a88374dabd2c0d8f4e631b) Importer(2089858483,0ecaa5967403d082aa24f35e1b516d23)  -> (artifact id: 'f132183bb532f77f156baf281c7697ac') in 0.011837 seconds
Number of updated asset objects reloaded before import = 0
Number of asset objects unloaded after import = 1
========================================================================
Received Import Request.
  Time since last request: 0.000041 seconds.
  path: Assets/PlayMaker/Actions/Tween/Editor/TweenVariableEditor.cs
  artifactKey: Guid(8717b9c07b0f83b4c8c444c81ae4e990) Importer(2089858483,0ecaa5967403d082aa24f35e1b516d23)
Start importing Assets/PlayMaker/Actions/Tween/Editor/TweenVariableEditor.cs using Guid(8717b9c07b0f83b4c8c444c81ae4e990) Importer(2089858483,0ecaa5967403d082aa24f35e1b516d23)  -> (artifact id: '68ec8974d040a2002c3e92306d9b906c') in 0.015350 seconds
Number of updated asset objects reloaded before import = 0
Number of asset objects unloaded after import = 1
========================================================================
Received Import Request.
  Time since last request: 0.000062 seconds.
  path: Assets/PlayMaker/Actions/Animator/Editor/GetAnimatorIsMatchingTargetActionEditor.cs
  artifactKey: Guid(b7b668bf47f0d4026a9a939be6dc69ec) Importer(2089858483,0ecaa5967403d082aa24f35e1b516d23)
Start importing Assets/PlayMaker/Actions/Animator/Editor/GetAnimatorIsMatchingTargetActionEditor.cs using Guid(b7b668bf47f0d4026a9a939be6dc69ec) Importer(2089858483,0ecaa5967403d082aa24f35e1b516d23)  -> (artifact id: '9ba51290ca40cb3132692cdaff633d29') in 0.011877 seconds
Number of updated asset objects reloaded before import = 0
Number of asset objects unloaded after import = 1
========================================================================
Received Import Request.
  Time since last request: 0.000010 seconds.
  path: Assets/STYLY_Plugin/STYLY_MaintenanceTool/Scripts/Editor/PackageManagerUtility.cs
  artifactKey: Guid(6186d753e6d187040a6fc35481cdfbaf) Importer(2089858483,0ecaa5967403d082aa24f35e1b516d23)
Start importing Assets/STYLY_Plugin/STYLY_MaintenanceTool/Scripts/Editor/PackageManagerUtility.cs using Guid(6186d753e6d187040a6fc35481cdfbaf) Importer(2089858483,0ecaa5967403d082aa24f35e1b516d23)  -> (artifact id: '2d2885dbe2a824290a27decce5704a99') in 0.014500 seconds
Number of updated asset objects reloaded before import = 0
Number of asset objects unloaded after import = 1
========================================================================
Received Import Request.
  Time since last request: 0.000009 seconds.
  path: Assets/UniGLTF/UniJSON/Scripts/JsonSchemaValidator/IJsonSchemaValidator.cs
  artifactKey: Guid(c35476cdb8e1a4541b2f06b9b11141d0) Importer(2089858483,0ecaa5967403d082aa24f35e1b516d23)
Start importing Assets/UniGLTF/UniJSON/Scripts/JsonSchemaValidator/IJsonSchemaValidator.cs using Guid(c35476cdb8e1a4541b2f06b9b11141d0) Importer(2089858483,0ecaa5967403d082aa24f35e1b516d23)  -> (artifact id: '335f268e5065c0f4758d1ce46eef2b03') in 0.013350 seconds
Number of updated asset objects reloaded before import = 0
Number of asset objects unloaded after import = 1
========================================================================
Received Import Request.
  Time since last request: 0.000010 seconds.
  path: Assets/UniGLTF/UniJSON/Scripts/JsonSchemaValidator/JsonBoolValidator.cs
  artifactKey: Guid(2a6454bbd9b910d499702d2ba8270ea0) Importer(2089858483,0ecaa5967403d082aa24f35e1b516d23)
Start importing Assets/UniGLTF/UniJSON/Scripts/JsonSchemaValidator/JsonBoolValidator.cs using Guid(2a6454bbd9b910d499702d2ba8270ea0) Importer(2089858483,0ecaa5967403d082aa24f35e1b516d23)  -> (artifact id: '60b05135678b9e10d86a794203c27cef') in 0.015377 seconds
Number of updated asset objects reloaded before import = 0
Number of asset objects unloaded after import = 1
========================================================================
Received Import Request.
  Time since last request: 0.000011 seconds.
  path: Assets/PlayMaker/Actions/Animator/Editor/GetAnimatorCurrentTransitionInfoIsNameActionEditor.cs
  artifactKey: Guid(a6ad0469f3b65455585bd6a67ace5231) Importer(2089858483,0ecaa5967403d082aa24f35e1b516d23)
Start importing Assets/PlayMaker/Actions/Animator/Editor/GetAnimatorCurrentTransitionInfoIsNameActionEditor.cs using Guid(a6ad0469f3b65455585bd6a67ace5231) Importer(2089858483,0ecaa5967403d082aa24f35e1b516d23)  -> (artifact id: 'a915e5efa30fa93171a271052ceddb2f') in 0.012864 seconds
Number of updated asset objects reloaded before import = 0
Number of asset objects unloaded after import = 1
========================================================================
Received Import Request.
  Time since last request: 0.000017 seconds.
  path: Assets/PlayMaker/Actions/UI/EventSystem/UiOnPointerEnterEvent.cs
  artifactKey: Guid(f98e22360363387468730f19bcdf0057) Importer(2089858483,0ecaa5967403d082aa24f35e1b516d23)
Start importing Assets/PlayMaker/Actions/UI/EventSystem/UiOnPointerEnterEvent.cs using Guid(f98e22360363387468730f19bcdf0057) Importer(2089858483,0ecaa5967403d082aa24f35e1b516d23)  -> (artifact id: '36d0946d408079a962033d3033d8b819') in 0.011281 seconds
Number of updated asset objects reloaded before import = 0
Number of asset objects unloaded after import = 1
========================================================================
Received Import Request.
  Time since last request: 0.000009 seconds.
  path: Assets/STYLY_Plugin/STYLY_MaintenanceTool/Tools/ADB/Windows/AdbWinApi.dll
  artifactKey: Guid(2ffbe53bbaf94914d8b7c42a222d9aba) Importer(2089858483,0ecaa5967403d082aa24f35e1b516d23)
Start importing Assets/STYLY_Plugin/STYLY_MaintenanceTool/Tools/ADB/Windows/AdbWinApi.dll using Guid(2ffbe53bbaf94914d8b7c42a222d9aba) Importer(2089858483,0ecaa5967403d082aa24f35e1b516d23)  -> (artifact id: 'f2d146025a6589fb311441d953ee7045') in 0.014818 seconds
Number of updated asset objects reloaded before import = 0
Number of asset objects unloaded after import = 1
========================================================================
Received Import Request.
  Time since last request: 0.000011 seconds.
  path: Assets/PlayMaker/Actions/UI/Components/PlayMakerUiPointerEvents.cs
  artifactKey: Guid(ad323e26f6475e1418442dbe3aa94632) Importer(2089858483,0ecaa5967403d082aa24f35e1b516d23)
Start importing Assets/PlayMaker/Actions/UI/Components/PlayMakerUiPointerEvents.cs using Guid(ad323e26f6475e1418442dbe3aa94632) Importer(2089858483,0ecaa5967403d082aa24f35e1b516d23)  -> (artifact id: 'dc99d3eb9758651d6b18d4d5b80e15e1') in 0.015751 seconds
Number of updated asset objects reloaded before import = 0
Number of asset objects unloaded after import = 1
========================================================================
Received Import Request.
  Time since last request: 0.000026 seconds.
  path: Assets/STYLY_Plugin/STYLY_MaintenanceTool/Scripts/Editor/BuildedAssetPathData.cs
  artifactKey: Guid(742de5caee5481e4fa0207a90d959088) Importer(2089858483,0ecaa5967403d082aa24f35e1b516d23)
Start importing Assets/STYLY_Plugin/STYLY_MaintenanceTool/Scripts/Editor/BuildedAssetPathData.cs using Guid(742de5caee5481e4fa0207a90d959088) Importer(2089858483,0ecaa5967403d082aa24f35e1b516d23)  -> (artifact id: '9d1abfd65a7454765200e5c94f66bbe5') in 0.015874 seconds
Number of updated asset objects reloaded before import = 0
Number of asset objects unloaded after import = 1
========================================================================
Received Import Request.
  Time since last request: 0.000009 seconds.
  path: Assets/STYLY_Plugin/UI/Editor/Settings/CacheServerErrorElement/CacheServerErrorElement.uss
  artifactKey: Guid(6fd54e926624dcf40a2c0c99ab3abf29) Importer(2089858483,0ecaa5967403d082aa24f35e1b516d23)
Start importing Assets/STYLY_Plugin/UI/Editor/Settings/CacheServerErrorElement/CacheServerErrorElement.uss using Guid(6fd54e926624dcf40a2c0c99ab3abf29) Importer(2089858483,0ecaa5967403d082aa24f35e1b516d23)  -> (artifact id: 'b5c6821b78f0509bf0b5e3efe5d20274') in 0.023964 seconds
Number of updated asset objects reloaded before import = 0
Number of asset objects unloaded after import = 2
========================================================================
Received Import Request.
  Time since last request: 0.000010 seconds.
  path: Assets/PlayMaker/Actions/Animator/Editor/GetAnimatorIsLayerInTransitionActionEditor.cs
  artifactKey: Guid(dc486d0004d9c4ff0b33b013672e2819) Importer(2089858483,0ecaa5967403d082aa24f35e1b516d23)
Start importing Assets/PlayMaker/Actions/Animator/Editor/GetAnimatorIsLayerInTransitionActionEditor.cs using Guid(dc486d0004d9c4ff0b33b013672e2819) Importer(2089858483,0ecaa5967403d082aa24f35e1b516d23)  -> (artifact id: '07d81359b2096654fb95327aed33fa57') in 0.014881 seconds
Number of updated asset objects reloaded before import = 0
Number of asset objects unloaded after import = 1
========================================================================
Received Import Request.
  Time since last request: 0.000010 seconds.
  path: Assets/UniGLTF/UniJSON/Scripts/Json/JsonParser.cs
  artifactKey: Guid(3ab6245869fe6f7448aa8f4e84286cdd) Importer(2089858483,0ecaa5967403d082aa24f35e1b516d23)
Start importing Assets/UniGLTF/UniJSON/Scripts/Json/JsonParser.cs using Guid(3ab6245869fe6f7448aa8f4e84286cdd) Importer(2089858483,0ecaa5967403d082aa24f35e1b516d23)  -> (artifact id: '7f59bdaa78ff75b915d3b938db515a2e') in 0.011856 seconds
Number of updated asset objects reloaded before import = 0
Number of asset objects unloaded after import = 1
========================================================================
Received Import Request.
  Time since last request: 0.000008 seconds.
  path: Assets/PlayMaker/Actions/Tween/BaseActions/TweenEnums.cs
  artifactKey: Guid(34b8a9ec7c0c048459c1e9f0aa99d925) Importer(2089858483,0ecaa5967403d082aa24f35e1b516d23)
Start importing Assets/PlayMaker/Actions/Tween/BaseActions/TweenEnums.cs using Guid(34b8a9ec7c0c048459c1e9f0aa99d925) Importer(2089858483,0ecaa5967403d082aa24f35e1b516d23)  -> (artifact id: 'a4febff6fe5dd4af60ec818528d6d6a0') in 0.015346 seconds
Number of updated asset objects reloaded before import = 0
Number of asset objects unloaded after import = 1
========================================================================
Received Import Request.
  Time since last request: 0.000010 seconds.
  path: Assets/UniGLTF/Core/Scripts/IO/MeshImporter.cs
  artifactKey: Guid(cbd062b14ca5eba4da4a5653b85e2151) Importer(2089858483,0ecaa5967403d082aa24f35e1b516d23)
Start importing Assets/UniGLTF/Core/Scripts/IO/MeshImporter.cs using Guid(cbd062b14ca5eba4da4a5653b85e2151) Importer(2089858483,0ecaa5967403d082aa24f35e1b516d23)  -> (artifact id: '744bf4fe6bcf506aa7a01679efc4f0fa') in 0.013880 seconds
Number of updated asset objects reloaded before import = 0
Number of asset objects unloaded after import = 1
========================================================================
Received Import Request.
  Time since last request: 0.000011 seconds.
  path: Assets/PlayMaker/Actions/Animator/Editor/GetAnimatorCurrentStateInfoActionEditor.cs
  artifactKey: Guid(f46514705a56a44b18a3aaefe044562a) Importer(2089858483,0ecaa5967403d082aa24f35e1b516d23)
Start importing Assets/PlayMaker/Actions/Animator/Editor/GetAnimatorCurrentStateInfoActionEditor.cs using Guid(f46514705a56a44b18a3aaefe044562a) Importer(2089858483,0ecaa5967403d082aa24f35e1b516d23)  -> (artifact id: '75ca63295743481272a1e0658009d8a6') in 0.015458 seconds
Number of updated asset objects reloaded before import = 0
Number of asset objects unloaded after import = 1
========================================================================
Received Import Request.
  Time since last request: 0.000010 seconds.
  path: Assets/PlayMaker/Actions/SceneManager/Editor/GetSceneRootGameObjectsCustomEditor.cs
  artifactKey: Guid(80125b1787e8b41a1a10e3f12dd78eac) Importer(2089858483,0ecaa5967403d082aa24f35e1b516d23)
Start importing Assets/PlayMaker/Actions/SceneManager/Editor/GetSceneRootGameObjectsCustomEditor.cs using Guid(80125b1787e8b41a1a10e3f12dd78eac) Importer(2089858483,0ecaa5967403d082aa24f35e1b516d23)  -> (artifact id: 'a0c300e0da90032334a38ee5f7de3ba6') in 0.016261 seconds
Number of updated asset objects reloaded before import = 0
Number of asset objects unloaded after import = 1
========================================================================
Received Import Request.
  Time since last request: 0.000009 seconds.
  path: Assets/PlayMaker/Actions/UI/EventSystem/UiOnSelectEvent.cs
  artifactKey: Guid(08add12824732684fae7272575c92c7a) Importer(2089858483,0ecaa5967403d082aa24f35e1b516d23)
Start importing Assets/PlayMaker/Actions/UI/EventSystem/UiOnSelectEvent.cs using Guid(08add12824732684fae7272575c92c7a) Importer(2089858483,0ecaa5967403d082aa24f35e1b516d23)  -> (artifact id: '3b3298ef29270440a52f3a2bb5a3f30a') in 0.013862 seconds
Number of updated asset objects reloaded before import = 0
Number of asset objects unloaded after import = 1
========================================================================
Received Import Request.
  Time since last request: 0.000009 seconds.
  path: Assets/STYLY_Plugin/STYLY_InteractionSDK/Editor/FeatureComponents/STYLY_Action_TimerInspector.cs
  artifactKey: Guid(c6aa0699977b23b4ababe8369362c5bc) Importer(2089858483,0ecaa5967403d082aa24f35e1b516d23)
Start importing Assets/STYLY_Plugin/STYLY_InteractionSDK/Editor/FeatureComponents/STYLY_Action_TimerInspector.cs using Guid(c6aa0699977b23b4ababe8369362c5bc) Importer(2089858483,0ecaa5967403d082aa24f35e1b516d23)  -> (artifact id: '65e4a67bf052322f5bf58abaf01da841') in 0.012389 seconds
Number of updated asset objects reloaded before import = 0
Number of asset objects unloaded after import = 1
========================================================================
Received Import Request.
  Time since last request: 0.000021 seconds.
  path: Assets/PlayMaker/Actions/Quaternion/Editor/QuaternionLowPassFilterCustomEditor.cs
  artifactKey: Guid(b3c7d1bd8c46a45e387e06ee5ecedba7) Importer(2089858483,0ecaa5967403d082aa24f35e1b516d23)
Start importing Assets/PlayMaker/Actions/Quaternion/Editor/QuaternionLowPassFilterCustomEditor.cs using Guid(b3c7d1bd8c46a45e387e06ee5ecedba7) Importer(2089858483,0ecaa5967403d082aa24f35e1b516d23)  -> (artifact id: 'f4c4b32a17d9f7111104e8ed8059efc7') in 0.013031 seconds
Number of updated asset objects reloaded before import = 0
Number of asset objects unloaded after import = 1
========================================================================
Received Import Request.
  Time since last request: 0.000053 seconds.
  path: Assets/PlayMaker/Actions/Tween/BaseActions/TweenVariableBase.cs
  artifactKey: Guid(fd7a254057654d740bb0ea2853eef204) Importer(2089858483,0ecaa5967403d082aa24f35e1b516d23)
Start importing Assets/PlayMaker/Actions/Tween/BaseActions/TweenVariableBase.cs using Guid(fd7a254057654d740bb0ea2853eef204) Importer(2089858483,0ecaa5967403d082aa24f35e1b516d23)  -> (artifact id: '9a543407cb8d2bd833439236357ba082') in 0.013702 seconds
Number of updated asset objects reloaded before import = 0
Number of asset objects unloaded after import = 1
========================================================================
Received Import Request.
  Time since last request: 0.000011 seconds.
  path: Assets/PlayMaker/Actions/SceneManager/Editor/GetSceneIsDirtyCustomEditor.cs
  artifactKey: Guid(cd2786161e0de4d9db05b192a7d20370) Importer(2089858483,0ecaa5967403d082aa24f35e1b516d23)
Start importing Assets/PlayMaker/Actions/SceneManager/Editor/GetSceneIsDirtyCustomEditor.cs using Guid(cd2786161e0de4d9db05b192a7d20370) Importer(2089858483,0ecaa5967403d082aa24f35e1b516d23)  -> (artifact id: '929700653fd1c0448e567eea2420612a') in 0.015411 seconds
Number of updated asset objects reloaded before import = 0
Number of asset objects unloaded after import = 1
========================================================================
Received Import Request.
  Time since last request: 0.000010 seconds.
  path: Assets/PolyTope_VoxelWorld_Animals/Content/Models/Materials/material_world_pallette.mat
  artifactKey: Guid(b16e243dcccee474b89f5da90bfcf8ee) Importer(2089858483,0ecaa5967403d082aa24f35e1b516d23)
Start importing Assets/PolyTope_VoxelWorld_Animals/Content/Models/Materials/material_world_pallette.mat using Guid(b16e243dcccee474b89f5da90bfcf8ee) Importer(2089858483,0ecaa5967403d082aa24f35e1b516d23)  -> (artifact id: '07ffa68826941f405fecbca8529f0b2b') in 0.016241 seconds
Number of updated asset objects reloaded before import = 0
Number of asset objects unloaded after import = 2
========================================================================
Received Import Request.
  Time since last request: 0.000010 seconds.
  path: Assets/UniGLTF/UniHumanoid/Scripts/Editor/bvhAssetPostprocessor.cs
  artifactKey: Guid(4283558adf39c194cb6c5d66d5a348de) Importer(2089858483,0ecaa5967403d082aa24f35e1b516d23)
Start importing Assets/UniGLTF/UniHumanoid/Scripts/Editor/bvhAssetPostprocessor.cs using Guid(4283558adf39c194cb6c5d66d5a348de) Importer(2089858483,0ecaa5967403d082aa24f35e1b516d23)  -> (artifact id: '123274916cb709c5505bcd330e10376d') in 0.012008 seconds
Number of updated asset objects reloaded before import = 0
Number of asset objects unloaded after import = 1
========================================================================
Received Import Request.
  Time since last request: 0.000009 seconds.
  path: Assets/STYLY_Plugin/STYLY_Playmaker_CustomActions/CustomActions/Editor/Release/VideoInitCustomActionEditor.cs
  artifactKey: Guid(79dd42b600135d04e8c6fb42a39c5e4d) Importer(2089858483,0ecaa5967403d082aa24f35e1b516d23)
Start importing Assets/STYLY_Plugin/STYLY_Playmaker_CustomActions/CustomActions/Editor/Release/VideoInitCustomActionEditor.cs using Guid(79dd42b600135d04e8c6fb42a39c5e4d) Importer(2089858483,0ecaa5967403d082aa24f35e1b516d23)  -> (artifact id: '35e9fc4bf1ef6905351aded752f437b7') in 0.013508 seconds
Number of updated asset objects reloaded before import = 0
Number of asset objects unloaded after import = 1
========================================================================
Received Import Request.
  Time since last request: 0.000008 seconds.
  path: Assets/PlayMaker/Actions/Quaternion/Editor/QuaternionLerpCustomEditor.cs
  artifactKey: Guid(f03cae33101aa45ffa317a40a938c8ab) Importer(2089858483,0ecaa5967403d082aa24f35e1b516d23)
Start importing Assets/PlayMaker/Actions/Quaternion/Editor/QuaternionLerpCustomEditor.cs using Guid(f03cae33101aa45ffa317a40a938c8ab) Importer(2089858483,0ecaa5967403d082aa24f35e1b516d23)  -> (artifact id: '0ba5a29882e6c2ccb60a891bf0c7f04c') in 0.012949 seconds
Number of updated asset objects reloaded before import = 0
Number of asset objects unloaded after import = 1
========================================================================
Received Import Request.
  Time since last request: 0.000024 seconds.
  path: Assets/STYLY_Plugin/UI/Editor/Settings/Settings.cs
  artifactKey: Guid(0191eb17abd776c448e1a2a272e3aa00) Importer(2089858483,0ecaa5967403d082aa24f35e1b516d23)
Start importing Assets/STYLY_Plugin/UI/Editor/Settings/Settings.cs using Guid(0191eb17abd776c448e1a2a272e3aa00) Importer(2089858483,0ecaa5967403d082aa24f35e1b516d23)  -> (artifact id: '114996d0b14ea3b7ed90b32ac48299dd') in 0.012945 seconds
Number of updated asset objects reloaded before import = 0
Number of asset objects unloaded after import = 1
========================================================================
Received Import Request.
  Time since last request: 0.000010 seconds.
  path: Assets/STYLY_Plugin/STYLY_MaintenanceTool/Tools/ADB/Windows/NOTICE.txt
  artifactKey: Guid(391d80fbc09292c44a9160bced020ddc) Importer(2089858483,0ecaa5967403d082aa24f35e1b516d23)
Start importing Assets/STYLY_Plugin/STYLY_MaintenanceTool/Tools/ADB/Windows/NOTICE.txt using Guid(391d80fbc09292c44a9160bced020ddc) Importer(2089858483,0ecaa5967403d082aa24f35e1b516d23)  -> (artifact id: 'e52a5106ede28dd24d75d16978b88778') in 0.015691 seconds
Number of updated asset objects reloaded before import = 0
Number of asset objects unloaded after import = 1
========================================================================
Received Import Request.
  Time since last request: 0.000009 seconds.
  path: Assets/STYLY_Plugin/STYLY_InteractionSDK/Runtime/FeatureComponents/Interfaces/IDestroyTarget.cs
  artifactKey: Guid(caeb25a53eee03e49a061c5eba94749d) Importer(2089858483,0ecaa5967403d082aa24f35e1b516d23)
Start importing Assets/STYLY_Plugin/STYLY_InteractionSDK/Runtime/FeatureComponents/Interfaces/IDestroyTarget.cs using Guid(caeb25a53eee03e49a061c5eba94749d) Importer(2089858483,0ecaa5967403d082aa24f35e1b516d23)  -> (artifact id: '7eac5b93d66b788e44913cc26234e9df') in 0.015123 seconds
Number of updated asset objects reloaded before import = 0
Number of asset objects unloaded after import = 1
========================================================================
Received Import Request.
  Time since last request: 0.000028 seconds.
  path: Assets/PlayMaker/Actions/Animator/Editor/GetAnimatorFloatActionEditor.cs
  artifactKey: Guid(f2a733af2f8c941318e512d00865682f) Importer(2089858483,0ecaa5967403d082aa24f35e1b516d23)
Start importing Assets/PlayMaker/Actions/Animator/Editor/GetAnimatorFloatActionEditor.cs using Guid(f2a733af2f8c941318e512d00865682f) Importer(2089858483,0ecaa5967403d082aa24f35e1b516d23)  -> (artifact id: '8435294067fa04f7ada2e09ce2d28a2e') in 0.012529 seconds
Number of updated asset objects reloaded before import = 0
Number of asset objects unloaded after import = 1
========================================================================
Received Import Request.
  Time since last request: 0.000009 seconds.
  path: Assets/UniGLTF/Core/Scripts/IO/TextureExportManager.cs
  artifactKey: Guid(435499f173753ac418331fe0f967b789) Importer(2089858483,0ecaa5967403d082aa24f35e1b516d23)
Start importing Assets/UniGLTF/Core/Scripts/IO/TextureExportManager.cs using Guid(435499f173753ac418331fe0f967b789) Importer(2089858483,0ecaa5967403d082aa24f35e1b516d23)  -> (artifact id: 'f36f3a014f6874415d9506b504c193ef') in 0.016030 seconds
Number of updated asset objects reloaded before import = 0
Number of asset objects unloaded after import = 1
========================================================================
Received Import Request.
  Time since last request: 0.000010 seconds.
  path: Assets/PlayMaker/Actions/Tween/BaseActions/TweenHelpers.cs
  artifactKey: Guid(d3dd794de43b7de47bf6f6185d204682) Importer(2089858483,0ecaa5967403d082aa24f35e1b516d23)
Start importing Assets/PlayMaker/Actions/Tween/BaseActions/TweenHelpers.cs using Guid(d3dd794de43b7de47bf6f6185d204682) Importer(2089858483,0ecaa5967403d082aa24f35e1b516d23)  -> (artifact id: 'be7960e83cd055912c23372c32392510') in 0.016246 seconds
Number of updated asset objects reloaded before import = 0
Number of asset objects unloaded after import = 1
========================================================================
Received Import Request.
  Time since last request: 0.000010 seconds.
  path: Assets/PlayMaker/Actions/UI/EventSystem/UiOnBeginDragEvent.cs
  artifactKey: Guid(e25431aafa7ee494bba3d8022b6dc24d) Importer(2089858483,0ecaa5967403d082aa24f35e1b516d23)
Start importing Assets/PlayMaker/Actions/UI/EventSystem/UiOnBeginDragEvent.cs using Guid(e25431aafa7ee494bba3d8022b6dc24d) Importer(2089858483,0ecaa5967403d082aa24f35e1b516d23)  -> (artifact id: '9c0dbd648e253c49548ccd3f7dcd6aa7') in 0.013460 seconds
Number of updated asset objects reloaded before import = 0
Number of asset objects unloaded after import = 1
========================================================================
Received Import Request.
  Time since last request: 0.000010 seconds.
  path: Assets/PlayMaker/Actions/Animator/Editor/GetAnimatorGravityWeightActionEditor.cs
  artifactKey: Guid(97c1adb99041345a2b706883a0aa29f2) Importer(2089858483,0ecaa5967403d082aa24f35e1b516d23)
Start importing Assets/PlayMaker/Actions/Animator/Editor/GetAnimatorGravityWeightActionEditor.cs using Guid(97c1adb99041345a2b706883a0aa29f2) Importer(2089858483,0ecaa5967403d082aa24f35e1b516d23)  -> (artifact id: '186250fab108d0420dbebcd8a732b190') in 0.012720 seconds
Number of updated asset objects reloaded before import = 0
Number of asset objects unloaded after import = 1
========================================================================
Received Import Request.
  Time since last request: 0.000010 seconds.
  path: Assets/STYLY_Plugin/STYLY_Playmaker_CustomActions/CustomActions/Release/VideoPause.cs
  artifactKey: Guid(43c494ecdaf4f134eb58fe680d49c4d2) Importer(2089858483,0ecaa5967403d082aa24f35e1b516d23)
Start importing Assets/STYLY_Plugin/STYLY_Playmaker_CustomActions/CustomActions/Release/VideoPause.cs using Guid(43c494ecdaf4f134eb58fe680d49c4d2) Importer(2089858483,0ecaa5967403d082aa24f35e1b516d23)  -> (artifact id: 'b68bf757c1e25bf07434babd902e597c') in 0.015145 seconds
Number of updated asset objects reloaded before import = 0
Number of asset objects unloaded after import = 1
========================================================================
Received Import Request.
  Time since last request: 0.000012 seconds.
  path: Assets/PlayMaker/Actions/UI/Editor/UiIcons.cs
  artifactKey: Guid(1c60a50d67b6bfa47ae45eda352ad5ac) Importer(2089858483,0ecaa5967403d082aa24f35e1b516d23)
Start importing Assets/PlayMaker/Actions/UI/Editor/UiIcons.cs using Guid(1c60a50d67b6bfa47ae45eda352ad5ac) Importer(2089858483,0ecaa5967403d082aa24f35e1b516d23)  -> (artifact id: '569ffb312bfdc11dd7a637aa371e1ef9') in 0.015840 seconds
Number of updated asset objects reloaded before import = 0
Number of asset objects unloaded after import = 1
========================================================================
Received Import Request.
  Time since last request: 0.000018 seconds.
  path: Assets/UniGLTF/UniHumanoid/Scripts/IO/BvhAnimationClip.cs
  artifactKey: Guid(45951aadbd5e6b34282cd17ee163f58b) Importer(2089858483,0ecaa5967403d082aa24f35e1b516d23)
Start importing Assets/UniGLTF/UniHumanoid/Scripts/IO/BvhAnimationClip.cs using Guid(45951aadbd5e6b34282cd17ee163f58b) Importer(2089858483,0ecaa5967403d082aa24f35e1b516d23)  -> (artifact id: '4083081e1b2787864dd88a26ad02359e') in 0.012387 seconds
Number of updated asset objects reloaded before import = 0
Number of asset objects unloaded after import = 1
========================================================================
Received Import Request.
  Time since last request: 0.000010 seconds.
  path: Assets/UniGLTF/UniHumanoid/Scripts/IO/Extensions/UnityExtensions.cs
  artifactKey: Guid(6c4a2b80b74e499428637f36774bbdcf) Importer(2089858483,0ecaa5967403d082aa24f35e1b516d23)
Start importing Assets/UniGLTF/UniHumanoid/Scripts/IO/Extensions/UnityExtensions.cs using Guid(6c4a2b80b74e499428637f36774bbdcf) Importer(2089858483,0ecaa5967403d082aa24f35e1b516d23)  -> (artifact id: 'dfb25f57b1f96c90b82f6e9eebc4940e') in 0.011244 seconds
Number of updated asset objects reloaded before import = 0
Number of asset objects unloaded after import = 1
========================================================================
Received Import Request.
  Time since last request: 0.000010 seconds.
  path: Assets/STYLY_Plugin/STYLY_Playmaker_CustomActions/CustomActions/Release/IsAppTypeWeb.cs
  artifactKey: Guid(41ff084dabc44193a28e443bb8799ce5) Importer(2089858483,0ecaa5967403d082aa24f35e1b516d23)
Start importing Assets/STYLY_Plugin/STYLY_Playmaker_CustomActions/CustomActions/Release/IsAppTypeWeb.cs using Guid(41ff084dabc44193a28e443bb8799ce5) Importer(2089858483,0ecaa5967403d082aa24f35e1b516d23)  -> (artifact id: '3c6ae0cb708392a862d25cce74a98282') in 0.013227 seconds
Number of updated asset objects reloaded before import = 0
Number of asset objects unloaded after import = 1
Editor requested this worker to shutdown with reason: Scaling down because of idle timeout
TcpMessagingSession - receive error
AssetImportWorkerClient::OnTransportError - code=2 error=End of file
AssetImportWorker is now disconnected from the server
Process exiting
Exiting without the bug reporter. Application will terminate with return code 0