Using pre-set license
Built from '2022.3/staging' branch; Version is '2022.3.24f1 (334eb2a0b267) revision 3362482'; Using compiler version '192829333'; Build Type 'Release'
OS: 'Windows 11  (10.0.22631) 64bit Core' Language: 'ja' Physical Memory: 32611 MB
BatchMode: 1, IsHumanControllingUs: 0, StartBugReporterOnCrash: 0, Is64bit: 1, IsPro: 1

COMMAND LINE ARGUMENTS:
C:\Program Files\Unity\Hub\Editor\2022.3.24f1\Editor\Unity.exe
-adb2
-batchMode
-noUpm
-name
AssetImportWorker7
-projectPath
D:/Unity/SW_github/SW_OZ_ver2/SW OZ
-logFile
Logs/AssetImportWorker7.log
-srvPort
57927
Successfully changed project path to: D:/Unity/SW_github/SW_OZ_ver2/SW OZ
D:/Unity/SW_github/SW_OZ_ver2/SW OZ
[UnityMemory] Configuration Parameters - Can be set up in boot.config
    "memorysetup-bucket-allocator-granularity=16"
    "memorysetup-bucket-allocator-bucket-count=8"
    "memorysetup-bucket-allocator-block-size=33554432"
    "memorysetup-bucket-allocator-block-count=8"
    "memorysetup-main-allocator-block-size=16777216"
    "memorysetup-thread-allocator-block-size=16777216"
    "memorysetup-gfx-main-allocator-block-size=16777216"
    "memorysetup-gfx-thread-allocator-block-size=16777216"
    "memorysetup-cache-allocator-block-size=4194304"
    "memorysetup-typetree-allocator-block-size=2097152"
    "memorysetup-profiler-bucket-allocator-granularity=16"
    "memorysetup-profiler-bucket-allocator-bucket-count=8"
    "memorysetup-profiler-bucket-allocator-block-size=33554432"
    "memorysetup-profiler-bucket-allocator-block-count=8"
    "memorysetup-profiler-allocator-block-size=16777216"
    "memorysetup-profiler-editor-allocator-block-size=1048576"
    "memorysetup-temp-allocator-size-main=16777216"
    "memorysetup-job-temp-allocator-block-size=2097152"
    "memorysetup-job-temp-allocator-block-size-background=1048576"
    "memorysetup-job-temp-allocator-reduction-small-platforms=262144"
    "memorysetup-allocator-temp-initial-block-size-main=262144"
    "memorysetup-allocator-temp-initial-block-size-worker=262144"
    "memorysetup-temp-allocator-size-background-worker=32768"
    "memorysetup-temp-allocator-size-job-worker=262144"
    "memorysetup-temp-allocator-size-preload-manager=33554432"
    "memorysetup-temp-allocator-size-nav-mesh-worker=65536"
    "memorysetup-temp-allocator-size-audio-worker=65536"
    "memorysetup-temp-allocator-size-cloud-worker=32768"
    "memorysetup-temp-allocator-size-gi-baking-worker=262144"
    "memorysetup-temp-allocator-size-gfx=262144"
Player connection [24804] Host "[IP] 192.168.11.2 [Port] 0 [Flags] 2 [Guid] 3892223546 [EditorId] 3892223546 [Version] 1048832 [Id] WindowsEditor(7,M_F) [Debug] 1 [PackageName] WindowsEditor [ProjectName] Editor" joined multi-casting on [225.0.0.222:54997]...

Player connection [24804] Host "[IP] 192.168.11.2 [Port] 0 [Flags] 2 [Guid] 3892223546 [EditorId] 3892223546 [Version] 1048832 [Id] WindowsEditor(7,M_F) [Debug] 1 [PackageName] WindowsEditor [ProjectName] Editor" joined alternative multi-casting on [225.0.0.222:34997]...

[Physics::Module] Initialized MultithreadedJobDispatcher with 31 workers.
Refreshing native plugins compatible for Editor in 20.26 ms, found 4 plugins.
Preloading 0 native plugins for Editor in 0.00 ms.
Initialize engine version: 2022.3.24f1 (334eb2a0b267)
[Subsystems] Discovering subsystems at path C:/Program Files/Unity/Hub/Editor/2022.3.24f1/Editor/Data/Resources/UnitySubsystems
[Subsystems] Discovering subsystems at path D:/Unity/SW_github/SW_OZ_ver2/SW OZ/Assets
GfxDevice: creating device client; threaded=0; jobified=0
Direct3D:
    Version:  Direct3D 11.0 [level 11.1]
    Renderer: NVIDIA GeForce RTX 3060 (ID=0x2504)
    Vendor:   NVIDIA
    VRAM:     12129 MB
    Driver:   31.0.15.3598
Initialize mono
Mono path[0] = 'C:/Program Files/Unity/Hub/Editor/2022.3.24f1/Editor/Data/Managed'
Mono path[1] = 'C:/Program Files/Unity/Hub/Editor/2022.3.24f1/Editor/Data/MonoBleedingEdge/lib/mono/unityjit-win32'
Mono config path = 'C:/Program Files/Unity/Hub/Editor/2022.3.24f1/Editor/Data/MonoBleedingEdge/etc'
Using monoOptions --debugger-agent=transport=dt_socket,embedding=1,server=y,suspend=n,address=127.0.0.1:56020
Begin MonoManager ReloadAssembly
Registering precompiled unity dll's ...
Register platform support module: C:/Program Files/Unity/Hub/Editor/2022.3.24f1/Editor/Data/PlaybackEngines/WebGLSupport/UnityEditor.WebGL.Extensions.dll
Register platform support module: C:/Program Files/Unity/Hub/Editor/2022.3.24f1/Editor/Data/PlaybackEngines/MacStandaloneSupport/UnityEditor.OSXStandalone.Extensions.dll
Register platform support module: C:/Program Files/Unity/Hub/Editor/2022.3.24f1/Editor/Data/PlaybackEngines/AndroidPlayer/UnityEditor.Android.Extensions.dll
Register platform support module: C:/Program Files/Unity/Hub/Editor/2022.3.24f1/Editor/Data/PlaybackEngines/iOSSupport/UnityEditor.iOS.Extensions.dll
Register platform support module: C:/Program Files/Unity/Hub/Editor/2022.3.24f1/Editor/Data/PlaybackEngines/WindowsStandaloneSupport/UnityEditor.WindowsStandalone.Extensions.dll
Registered in 0.011400 seconds.
- Loaded All Assemblies, in  0.242 seconds
Native extension for WindowsStandalone target not found
[usbmuxd] Start listen thread
[usbmuxd] Listen thread started
Native extension for iOS target not found
Native extension for Android target not found
Native extension for OSXStandalone target not found
Native extension for WebGL target not found
Mono: successfully reloaded assembly
- Finished resetting the current domain, in  0.197 seconds
Domain Reload Profiling: 439ms
	BeginReloadAssembly (71ms)
		ExecutionOrderSort (0ms)
		DisableScriptedObjects (0ms)
		BackupInstance (0ms)
		ReleaseScriptingObjects (0ms)
		CreateAndSetChildDomain (0ms)
	RebuildCommonClasses (23ms)
	RebuildNativeTypeToScriptingClass (7ms)
	initialDomainReloadingComplete (48ms)
	LoadAllAssembliesAndSetupDomain (92ms)
		LoadAssemblies (71ms)
		RebuildTransferFunctionScriptingTraits (0ms)
		AnalyzeDomain (89ms)
			TypeCache.Refresh (89ms)
				TypeCache.ScanAssembly (80ms)
			ScanForSourceGeneratedMonoScriptInfo (0ms)
			ResolveRequiredComponents (0ms)
	FinalizeReload (198ms)
		ReleaseScriptCaches (0ms)
		RebuildScriptCaches (0ms)
		SetupLoadedEditorAssemblies (164ms)
			LogAssemblyErrors (0ms)
			InitializePlatformSupportModulesInManaged (60ms)
			SetLoadedEditorAssemblies (2ms)
			RefreshPlugins (0ms)
			BeforeProcessingInitializeOnLoad (1ms)
			ProcessInitializeOnLoadAttributes (74ms)
			ProcessInitializeOnLoadMethodAttributes (27ms)
			AfterProcessingInitializeOnLoad (0ms)
			EditorAssembliesLoaded (0ms)
		ExecutionOrderSort2 (0ms)
		AwakeInstancesAfterBackupRestoration (0ms)
========================================================================
Worker process is ready to serve import requests
Begin MonoManager ReloadAssembly
- Loaded All Assemblies, in  1.271 seconds
Refreshing native plugins compatible for Editor in 7.08 ms, found 4 plugins.
Native extension for WindowsStandalone target not found
Native extension for iOS target not found
Native extension for Android target not found
Native extension for OSXStandalone target not found
Native extension for WebGL target not found
Package Manager log level set to [2]
[Package Manager] Server::EnsureServerProcessIsRunning -- launch failed, reason: Unity was launched with the -noUpm command-line argument
[Package Manager] UpmClient::Send -- Unable to send message (not connected to UPM process).
[Package Manager] Cannot connect to Unity Package Manager local server
Mono: successfully reloaded assembly
- Finished resetting the current domain, in  0.398 seconds
Domain Reload Profiling: 1659ms
	BeginReloadAssembly (84ms)
		ExecutionOrderSort (0ms)
		DisableScriptedObjects (3ms)
		BackupInstance (0ms)
		ReleaseScriptingObjects (0ms)
		CreateAndSetChildDomain (13ms)
	RebuildCommonClasses (20ms)
	RebuildNativeTypeToScriptingClass (6ms)
	initialDomainReloadingComplete (39ms)
	LoadAllAssembliesAndSetupDomain (1111ms)
		LoadAssemblies (1077ms)
		RebuildTransferFunctionScriptingTraits (0ms)
		AnalyzeDomain (83ms)
			TypeCache.Refresh (67ms)
				TypeCache.ScanAssembly (54ms)
			ScanForSourceGeneratedMonoScriptInfo (11ms)
			ResolveRequiredComponents (4ms)
	FinalizeReload (399ms)
		ReleaseScriptCaches (0ms)
		RebuildScriptCaches (0ms)
		SetupLoadedEditorAssemblies (304ms)
			LogAssemblyErrors (0ms)
			InitializePlatformSupportModulesInManaged (27ms)
			SetLoadedEditorAssemblies (2ms)
			RefreshPlugins (0ms)
			BeforeProcessingInitializeOnLoad (55ms)
			ProcessInitializeOnLoadAttributes (196ms)
			ProcessInitializeOnLoadMethodAttributes (21ms)
			AfterProcessingInitializeOnLoad (4ms)
			EditorAssembliesLoaded (0ms)
		ExecutionOrderSort2 (0ms)
		AwakeInstancesAfterBackupRestoration (4ms)
Failed to load shader (instanceID 412, GUID 3e39586253f31b34f87fa7e133449b1e)
Launched and connected shader compiler UnityShaderCompiler.exe after 0.04 seconds
Refreshing native plugins compatible for Editor in 54.42 ms, found 4 plugins.
Preloading 0 native plugins for Editor in 0.00 ms.
Unloading 2882 Unused Serialized files (Serialized files now loaded: 0)
Unloading 46 unused Assets / (62.6 KB). Loaded Objects now: 3450.
Memory consumption went from 123.9 MB to 123.8 MB.
Total: 3.099200 ms (FindLiveObjects: 0.167400 ms CreateObjectMapping: 0.044400 ms MarkObjects: 2.778100 ms  DeleteObjects: 0.108300 ms)

AssetImportParameters requested are different than current active one (requested -> active):
  custom:video-decoder-webm-vp8: 9c59270c3fd7afecdb556c50c9e8de78 -> 
  custom:SearchIndexIgnoredProperties: e643bd26f0fe6173181afceb89e7c659 -> 
  custom:container-demuxer-ogg: 62fdf1f143b41e24485cea50d1cbac27 -> 
  custom:AudioImporter_EditorPlatform: d09bf68614088b80899f8185d706f6e7 -> 
  custom:video-codec-MediaFoundation-h265: 746d11721c4dcdbdad8f713fa42b33f4 -> 
  custom:video-decoder-ogg-theora: a1e56fd34408186e4bbccfd4996cb3dc -> 
  custom:framework-win-MediaFoundation: 216162199b28c13a410421893ffa2e32 -> 
  custom:video-encoder-webm-vp8: eb34c28f22e8b96e1ab97ce403110664 -> 
  custom:audio-decoder-ogg-vorbis: bf7c407c2cedff20999df2af8eb42d56 -> 
  custom:scripting/monoscript/fileName/CopyMaterialParameter.cs: d7f44e89f2cd6f27203203758739527f -> 60e002c4555e361d0753964b04564015
  custom:CustomObjectIndexerAttribute: 9a22284fe3817be447336de3de66b15e -> 
  custom:container-demuxer-webm: 4f35f7cbe854078d1ac9338744f61a02 -> 
  custom:scripting/monoscript/fileName/RemoveUnusedMaterialProperties.cs: 887d8bd17fba4e64ed7fd0ee1960f6ad -> a7d4bd13d48d6a82a97322f0c6834f97
  custom:audio-encoder-webm-vorbis: bf7c407c2cedff20999df2af8eb42d56 -> 
  custom:scripting/monoscript/fileName/UTS2GUI.cs: 18d236201f2130df52ce31bb3b31c5ff -> 54cfe06be42dca97ca4d033101eef952
  custom:container-muxer-webm: aa71ff27fc2769a1b78a27578f13a17b -> 
  custom:scripting/monoscript/fileName/RemoveUnusedShaderKeywordsFromUTS2Material.cs: 1ef85bf11c7844c94a5da302b7761b18 -> 7cdca1940c966142c15c724bbc7ee1d5
========================================================================
Received Import Request.
  Time since last request: 254255.123818 seconds.
  path: Assets/Fishing Docks and Boats/Textures/TX_SM_BoatFender_01a_ORM.TGA
  artifactKey: Guid(9058dd4bb4c07644e8de512b33172624) Importer(2089858483,0ecaa5967403d082aa24f35e1b516d23)
Start importing Assets/Fishing Docks and Boats/Textures/TX_SM_BoatFender_01a_ORM.TGA using Guid(9058dd4bb4c07644e8de512b33172624) Importer(2089858483,0ecaa5967403d082aa24f35e1b516d23)  -> (artifact id: '27dafc07b4be860c236e6df066adf482') in 0.136985 seconds
Number of updated asset objects reloaded before import = 0
Number of asset objects unloaded after import = 1
========================================================================
Received Import Request.
  Time since last request: 0.000013 seconds.
  path: Assets/PlayMaker/Editor/FsmTemplate.cs
  artifactKey: Guid(361089057f21be64c8034c9702b27a50) Importer(2089858483,0ecaa5967403d082aa24f35e1b516d23)
Start importing Assets/PlayMaker/Editor/FsmTemplate.cs using Guid(361089057f21be64c8034c9702b27a50) Importer(2089858483,0ecaa5967403d082aa24f35e1b516d23)  -> (artifact id: '07d313746efaad970763071fa6f91b3d') in 0.019885 seconds
Number of updated asset objects reloaded before import = 0
Number of asset objects unloaded after import = 1
========================================================================
Received Import Request.
  Time since last request: 0.000015 seconds.
  path: Assets/FujitoWork/04_material/Material.002.mat
  artifactKey: Guid(b9c41cf1d2fbb524e9082d28a329d205) Importer(2089858483,0ecaa5967403d082aa24f35e1b516d23)
Start importing Assets/FujitoWork/04_material/Material.002.mat using Guid(b9c41cf1d2fbb524e9082d28a329d205) Importer(2089858483,0ecaa5967403d082aa24f35e1b516d23)  -> (artifact id: 'd91178e1c9e9271a582e991554c8e905') in 0.050519 seconds
Number of updated asset objects reloaded before import = 0
Number of asset objects unloaded after import = 1
========================================================================
Received Import Request.
  Time since last request: 0.000022 seconds.
  path: Assets/Fishing Docks and Boats/Textures/TX_SM_Lifering_01a_MASK.BMP
  artifactKey: Guid(8ce1551896da3524c8890f6773bc7b5a) Importer(2089858483,0ecaa5967403d082aa24f35e1b516d23)
Start importing Assets/Fishing Docks and Boats/Textures/TX_SM_Lifering_01a_MASK.BMP using Guid(8ce1551896da3524c8890f6773bc7b5a) Importer(2089858483,0ecaa5967403d082aa24f35e1b516d23)  -> (artifact id: '06fe0302d7f3a5a965d2141bed8d1048') in 0.035403 seconds
Number of updated asset objects reloaded before import = 0
Number of asset objects unloaded after import = 1
========================================================================
Received Import Request.
  Time since last request: 0.000014 seconds.
  path: Assets/FujitoWork/02_model(mesh)/mob1.obj
  artifactKey: Guid(9c65f611956c5ed4cb7da1924ff08789) Importer(2089858483,0ecaa5967403d082aa24f35e1b516d23)
Start importing Assets/FujitoWork/02_model(mesh)/mob1.obj using Guid(9c65f611956c5ed4cb7da1924ff08789) Importer(2089858483,0ecaa5967403d082aa24f35e1b516d23)  -> (artifact id: '662ca24613d2f8c5216420f943693794') in 0.042055 seconds
Number of updated asset objects reloaded before import = 0
Number of asset objects unloaded after import = 10
========================================================================
Received Import Request.
  Time since last request: 0.000015 seconds.
  path: Assets/Fishing Docks and Boats/Scenes/Example/ReflectionProbe-1.exr
  artifactKey: Guid(be1d12de8f95f164ca054aa3b9110990) Importer(2089858483,0ecaa5967403d082aa24f35e1b516d23)
Start importing Assets/Fishing Docks and Boats/Scenes/Example/ReflectionProbe-1.exr using Guid(be1d12de8f95f164ca054aa3b9110990) Importer(2089858483,0ecaa5967403d082aa24f35e1b516d23)  -> (artifact id: '962e9528500a90673f7c54c26f1a66c6') in 0.025420 seconds
Number of updated asset objects reloaded before import = 0
Number of asset objects unloaded after import = 1
========================================================================
Received Import Request.
  Time since last request: 0.000011 seconds.
  path: Assets/Fishing Docks and Boats/Scenes/Example/Lightmap-3_comp_light.exr
  artifactKey: Guid(59ee71a9ab57f484ebcd442cca0e48a1) Importer(2089858483,0ecaa5967403d082aa24f35e1b516d23)
Start importing Assets/Fishing Docks and Boats/Scenes/Example/Lightmap-3_comp_light.exr using Guid(59ee71a9ab57f484ebcd442cca0e48a1) Importer(2089858483,0ecaa5967403d082aa24f35e1b516d23)  -> (artifact id: 'f49b9d165a81fc2b886da790d112044c') in 0.076966 seconds
Number of updated asset objects reloaded before import = 0
Number of asset objects unloaded after import = 1
========================================================================
Received Import Request.
  Time since last request: 0.000010 seconds.
  path: Assets/PolyTope_VoxelWorld_Animals/DemoScenes/demo_all_assets.unity
  artifactKey: Guid(428b5a0213a73f543b6af4ce4665f692) Importer(2089858483,0ecaa5967403d082aa24f35e1b516d23)
Start importing Assets/PolyTope_VoxelWorld_Animals/DemoScenes/demo_all_assets.unity using Guid(428b5a0213a73f543b6af4ce4665f692) Importer(2089858483,0ecaa5967403d082aa24f35e1b516d23)  -> (artifact id: '96b7ee76c5ae78f1d78e328ad878d73d') in 0.012296 seconds
Number of updated asset objects reloaded before import = 0
Number of asset objects unloaded after import = 1
========================================================================
Received Import Request.
  Time since last request: 0.000057 seconds.
  path: Assets/Fishing Docks and Boats/Scenes/Example/Lightmap-1_comp_light.exr
  artifactKey: Guid(0ef1d0f3ac629ed4d9e0cd103f8264d9) Importer(2089858483,0ecaa5967403d082aa24f35e1b516d23)
Start importing Assets/Fishing Docks and Boats/Scenes/Example/Lightmap-1_comp_light.exr using Guid(0ef1d0f3ac629ed4d9e0cd103f8264d9) Importer(2089858483,0ecaa5967403d082aa24f35e1b516d23)  -> (artifact id: '6b21b5a30be43be453b02d84ac00a454') in 0.059670 seconds
Number of updated asset objects reloaded before import = 0
Number of asset objects unloaded after import = 1
========================================================================
Received Import Request.
  Time since last request: 0.000017 seconds.
  path: Assets/Fishing Docks and Boats/Scenes/Example/ReflectionProbe-0.exr
  artifactKey: Guid(eddf6a977840e0c479a461f4a4e65022) Importer(2089858483,0ecaa5967403d082aa24f35e1b516d23)
Start importing Assets/Fishing Docks and Boats/Scenes/Example/ReflectionProbe-0.exr using Guid(eddf6a977840e0c479a461f4a4e65022) Importer(2089858483,0ecaa5967403d082aa24f35e1b516d23)  -> (artifact id: '6bac9c73507ae50fbab960135eb852df') in 0.021858 seconds
Number of updated asset objects reloaded before import = 0
Number of asset objects unloaded after import = 1
========================================================================
Received Import Request.
  Time since last request: 0.000010 seconds.
  path: Assets/FujitoWork/04_material/New Material.mat
  artifactKey: Guid(4f10bdb318483d641b175b84a3b83173) Importer(2089858483,0ecaa5967403d082aa24f35e1b516d23)
Start importing Assets/FujitoWork/04_material/New Material.mat using Guid(4f10bdb318483d641b175b84a3b83173) Importer(2089858483,0ecaa5967403d082aa24f35e1b516d23)  -> (artifact id: '941faa0fd5146b90544938a85bc6f98a') in 0.031415 seconds
Number of updated asset objects reloaded before import = 0
Number of asset objects unloaded after import = 1
========================================================================
Received Import Request.
  Time since last request: 0.000013 seconds.
  path: Assets/Alstra Infinite/Fish - PolyPack/Models/FishV2.fbx
  artifactKey: Guid(a8fd0d08c30426d4c978a4998752cf7d) Importer(2089858483,0ecaa5967403d082aa24f35e1b516d23)
Start importing Assets/Alstra Infinite/Fish - PolyPack/Models/FishV2.fbx using Guid(a8fd0d08c30426d4c978a4998752cf7d) Importer(2089858483,0ecaa5967403d082aa24f35e1b516d23)  -> (artifact id: 'e95fe7479c05b6cd67a6ce14dd8cee55') in 0.022881 seconds
Number of updated asset objects reloaded before import = 0
Number of asset objects unloaded after import = 9
========================================================================
Received Import Request.
  Time since last request: 0.000020 seconds.
  path: Assets/PlayMaker/Resources/PlayMakerAssemblies.txt
  artifactKey: Guid(271632ebb8b29e443ab35c610213c392) Importer(2089858483,0ecaa5967403d082aa24f35e1b516d23)
Start importing Assets/PlayMaker/Resources/PlayMakerAssemblies.txt using Guid(271632ebb8b29e443ab35c610213c392) Importer(2089858483,0ecaa5967403d082aa24f35e1b516d23)  -> (artifact id: 'bb6e66c81f19194855ab1bb7b25c31df') in 0.016455 seconds
Number of updated asset objects reloaded before import = 0
Number of asset objects unloaded after import = 1
========================================================================
Received Import Request.
  Time since last request: 0.000009 seconds.
  path: Assets/UniGLTF/UniJSON/README.md
  artifactKey: Guid(aacd90cc96ffbef4bb472bcb90b2620d) Importer(2089858483,0ecaa5967403d082aa24f35e1b516d23)
Start importing Assets/UniGLTF/UniJSON/README.md using Guid(aacd90cc96ffbef4bb472bcb90b2620d) Importer(2089858483,0ecaa5967403d082aa24f35e1b516d23)  -> (artifact id: '0769930a108f97b3d803d321abf741e7') in 0.021517 seconds
Number of updated asset objects reloaded before import = 0
Number of asset objects unloaded after import = 1
========================================================================
Received Import Request.
  Time since last request: 0.000066 seconds.
  path: Assets/PlayMaker/Versions/PlaymakerDefault.unitypackage
  artifactKey: Guid(13193f8361d6541429275feb05e0eafe) Importer(2089858483,0ecaa5967403d082aa24f35e1b516d23)
Start importing Assets/PlayMaker/Versions/PlaymakerDefault.unitypackage using Guid(13193f8361d6541429275feb05e0eafe) Importer(2089858483,0ecaa5967403d082aa24f35e1b516d23)  -> (artifact id: 'dad4d07b197d1fc401ecce9e908ad02b') in 0.010859 seconds
Number of updated asset objects reloaded before import = 0
Number of asset objects unloaded after import = 1
========================================================================
Received Import Request.
  Time since last request: 0.000011 seconds.
  path: Assets/STYLY_Plugin/STYLY_InteractionSDK/README.md
  artifactKey: Guid(e29bf74ed87c6eb4da16ecbda24e8bac) Importer(2089858483,0ecaa5967403d082aa24f35e1b516d23)
Start importing Assets/STYLY_Plugin/STYLY_InteractionSDK/README.md using Guid(e29bf74ed87c6eb4da16ecbda24e8bac) Importer(2089858483,0ecaa5967403d082aa24f35e1b516d23)  -> (artifact id: 'ad78265b9d6d4c734d37a93cc7e917dc') in 0.050886 seconds
Number of updated asset objects reloaded before import = 0
Number of asset objects unloaded after import = 1
========================================================================
Received Import Request.
  Time since last request: 0.002021 seconds.
  path: Assets/PlayMaker/Editor/PlayMakerDefines.cs
  artifactKey: Guid(13c472f9b04df314f9f611dc221fde5d) Importer(2089858483,0ecaa5967403d082aa24f35e1b516d23)
Start importing Assets/PlayMaker/Editor/PlayMakerDefines.cs using Guid(13c472f9b04df314f9f611dc221fde5d) Importer(2089858483,0ecaa5967403d082aa24f35e1b516d23)  -> (artifact id: '5aed6894072c2cf904ff532bc6382bdb') in 0.026395 seconds
Number of updated asset objects reloaded before import = 0
Number of asset objects unloaded after import = 1
========================================================================
Received Import Request.
  Time since last request: 1.108521 seconds.
  path: Assets/PlayMaker/Actions/AnimateVariables/AnimateFsmAction.cs
  artifactKey: Guid(b94df5cd261931745bcc35e1aa451330) Importer(2089858483,0ecaa5967403d082aa24f35e1b516d23)
Start importing Assets/PlayMaker/Actions/AnimateVariables/AnimateFsmAction.cs using Guid(b94df5cd261931745bcc35e1aa451330) Importer(2089858483,0ecaa5967403d082aa24f35e1b516d23)  -> (artifact id: '6c69bedfa912c8282d21b21fed04c8e5') in 0.020685 seconds
Number of updated asset objects reloaded before import = 0
Number of asset objects unloaded after import = 1
========================================================================
Received Import Request.
  Time since last request: 0.000010 seconds.
  path: Assets/PlayMaker/Actions/Animator/SetAnimatorPlaybackTime.cs
  artifactKey: Guid(d08de24228e9d48f6966aef92918c88a) Importer(2089858483,0ecaa5967403d082aa24f35e1b516d23)
Start importing Assets/PlayMaker/Actions/Animator/SetAnimatorPlaybackTime.cs using Guid(d08de24228e9d48f6966aef92918c88a) Importer(2089858483,0ecaa5967403d082aa24f35e1b516d23)  -> (artifact id: '7e6ef7d4d5df2c4a6912519006f7635c') in 0.012268 seconds
Number of updated asset objects reloaded before import = 0
Number of asset objects unloaded after import = 1
========================================================================
Received Import Request.
  Time since last request: 0.000009 seconds.
  path: Assets/PlayMaker/Actions/Animator/SetAnimatorCullingMode.cs
  artifactKey: Guid(b9d6946d83b0341ad8d4da88ed1f94f2) Importer(2089858483,0ecaa5967403d082aa24f35e1b516d23)
Start importing Assets/PlayMaker/Actions/Animator/SetAnimatorCullingMode.cs using Guid(b9d6946d83b0341ad8d4da88ed1f94f2) Importer(2089858483,0ecaa5967403d082aa24f35e1b516d23)  -> (artifact id: '13b7ad3ff7c9ab6f388d56a3efc15c21') in 0.014228 seconds
Number of updated asset objects reloaded before import = 0
Number of asset objects unloaded after import = 1
========================================================================
Received Import Request.
  Time since last request: 0.000009 seconds.
  path: Assets/PlayMaker/Actions/Application/GetScreenHeight.cs
  artifactKey: Guid(83ea24d8e26cdaf4f940fda23c29ecb7) Importer(2089858483,0ecaa5967403d082aa24f35e1b516d23)
Start importing Assets/PlayMaker/Actions/Application/GetScreenHeight.cs using Guid(83ea24d8e26cdaf4f940fda23c29ecb7) Importer(2089858483,0ecaa5967403d082aa24f35e1b516d23)  -> (artifact id: '3ab7543602d015fed9c11128f020ce12') in 0.013080 seconds
Number of updated asset objects reloaded before import = 0
Number of asset objects unloaded after import = 1
========================================================================
Received Import Request.
  Time since last request: 0.000013 seconds.
  path: Assets/PlayMaker/Actions/AnimateVariables/EaseVector3.cs
  artifactKey: Guid(94f53459012912c41aaa91782fd12bb1) Importer(2089858483,0ecaa5967403d082aa24f35e1b516d23)
Start importing Assets/PlayMaker/Actions/AnimateVariables/EaseVector3.cs using Guid(94f53459012912c41aaa91782fd12bb1) Importer(2089858483,0ecaa5967403d082aa24f35e1b516d23)  -> (artifact id: '134f8ae17cce8f0be9355446d0ad7719') in 0.013831 seconds
Number of updated asset objects reloaded before import = 0
Number of asset objects unloaded after import = 1
========================================================================
Received Import Request.
  Time since last request: 0.000011 seconds.
  path: Assets/PlayMaker/Actions/AnimateVariables/CurveFloat.cs
  artifactKey: Guid(8df028d2f13f5914482be2a14d98f4b6) Importer(2089858483,0ecaa5967403d082aa24f35e1b516d23)
Start importing Assets/PlayMaker/Actions/AnimateVariables/CurveFloat.cs using Guid(8df028d2f13f5914482be2a14d98f4b6) Importer(2089858483,0ecaa5967403d082aa24f35e1b516d23)  -> (artifact id: '975c8df567479c821afcb35be393bc24') in 0.013531 seconds
Number of updated asset objects reloaded before import = 0
Number of asset objects unloaded after import = 1
========================================================================
Received Import Request.
  Time since last request: 0.000011 seconds.
  path: Assets/PlayMaker/Actions/Animator/GetAnimatorCurrentTransitionInfo.cs
  artifactKey: Guid(0fe9a3bd420ec47b2bc6bdae6cdaa4ab) Importer(2089858483,0ecaa5967403d082aa24f35e1b516d23)
Start importing Assets/PlayMaker/Actions/Animator/GetAnimatorCurrentTransitionInfo.cs using Guid(0fe9a3bd420ec47b2bc6bdae6cdaa4ab) Importer(2089858483,0ecaa5967403d082aa24f35e1b516d23)  -> (artifact id: 'a3833dd775b2ef7664bf1504a92df69a') in 0.013697 seconds
Number of updated asset objects reloaded before import = 0
Number of asset objects unloaded after import = 1
========================================================================
Received Import Request.
  Time since last request: 0.000010 seconds.
  path: Assets/PlayMaker/Actions/Array/ArrayAdd.cs
  artifactKey: Guid(5cf434aed56dd6b4eb839ed214ff0af5) Importer(2089858483,0ecaa5967403d082aa24f35e1b516d23)
Start importing Assets/PlayMaker/Actions/Array/ArrayAdd.cs using Guid(5cf434aed56dd6b4eb839ed214ff0af5) Importer(2089858483,0ecaa5967403d082aa24f35e1b516d23)  -> (artifact id: 'ca80627367ef3438b34a20e1c5208806') in 0.015029 seconds
Number of updated asset objects reloaded before import = 0
Number of asset objects unloaded after import = 1
========================================================================
Received Import Request.
  Time since last request: 0.000023 seconds.
  path: Assets/PlayMaker/Actions/Array/ArrayCompare.cs
  artifactKey: Guid(8f617d80a5e404e479b3556a2fd5a718) Importer(2089858483,0ecaa5967403d082aa24f35e1b516d23)
Start importing Assets/PlayMaker/Actions/Array/ArrayCompare.cs using Guid(8f617d80a5e404e479b3556a2fd5a718) Importer(2089858483,0ecaa5967403d082aa24f35e1b516d23)  -> (artifact id: '369ea7e18a9d13eb5ebd1f8dd6d36cf7') in 0.013047 seconds
Number of updated asset objects reloaded before import = 0
Number of asset objects unloaded after import = 1
========================================================================
Received Import Request.
  Time since last request: 0.000011 seconds.
  path: Assets/PlayMaker/Actions/Array/ArrayContains.cs
  artifactKey: Guid(f93a56f20084a2446a06a44bc27e257c) Importer(2089858483,0ecaa5967403d082aa24f35e1b516d23)
Start importing Assets/PlayMaker/Actions/Array/ArrayContains.cs using Guid(f93a56f20084a2446a06a44bc27e257c) Importer(2089858483,0ecaa5967403d082aa24f35e1b516d23)  -> (artifact id: 'ac1be2d76057f5b5e9795dade800f399') in 0.013957 seconds
Number of updated asset objects reloaded before import = 0
Number of asset objects unloaded after import = 1
========================================================================
Received Import Request.
  Time since last request: 0.000015 seconds.
  path: Assets/PlayMaker/Actions/Animation/SetAnimationWeight.cs
  artifactKey: Guid(2800e1c371ad41e42a66b39fcf5baf43) Importer(2089858483,0ecaa5967403d082aa24f35e1b516d23)
Start importing Assets/PlayMaker/Actions/Animation/SetAnimationWeight.cs using Guid(2800e1c371ad41e42a66b39fcf5baf43) Importer(2089858483,0ecaa5967403d082aa24f35e1b516d23)  -> (artifact id: '4805249e2cf5aa23b694a1a555d8a2fc') in 0.014878 seconds
Number of updated asset objects reloaded before import = 0
Number of asset objects unloaded after import = 1
========================================================================
Received Import Request.
  Time since last request: 0.000025 seconds.
  path: Assets/PlayMaker/Actions/Application/TakeScreenshot.cs
  artifactKey: Guid(09d6d60c2840eb643b61363529d70602) Importer(2089858483,0ecaa5967403d082aa24f35e1b516d23)
Start importing Assets/PlayMaker/Actions/Application/TakeScreenshot.cs using Guid(09d6d60c2840eb643b61363529d70602) Importer(2089858483,0ecaa5967403d082aa24f35e1b516d23)  -> (artifact id: 'e2fc574051a8273bb7027a7d55f46adb') in 0.015091 seconds
Number of updated asset objects reloaded before import = 0
Number of asset objects unloaded after import = 1
========================================================================
Received Import Request.
  Time since last request: 0.000009 seconds.
  path: Assets/PlayMaker/Actions/Audio/AudioPause.cs
  artifactKey: Guid(29d1c16d595d7b64fa15ec3d0569a76d) Importer(2089858483,0ecaa5967403d082aa24f35e1b516d23)
Start importing Assets/PlayMaker/Actions/Audio/AudioPause.cs using Guid(29d1c16d595d7b64fa15ec3d0569a76d) Importer(2089858483,0ecaa5967403d082aa24f35e1b516d23)  -> (artifact id: '6752ec84d2cf7080456f057e3b83fc0b') in 0.014657 seconds
Number of updated asset objects reloaded before import = 0
Number of asset objects unloaded after import = 1
========================================================================
Received Import Request.
  Time since last request: 0.000010 seconds.
  path: Assets/PlayMaker/Actions/Animator/GetAnimatorBool.cs
  artifactKey: Guid(6167f16993b5f498fbaa142e60ac1b8b) Importer(2089858483,0ecaa5967403d082aa24f35e1b516d23)
Start importing Assets/PlayMaker/Actions/Animator/GetAnimatorBool.cs using Guid(6167f16993b5f498fbaa142e60ac1b8b) Importer(2089858483,0ecaa5967403d082aa24f35e1b516d23)  -> (artifact id: '217f1a086c2bc7307d88d4e2fcb71d65') in 0.013914 seconds
Number of updated asset objects reloaded before import = 0
Number of asset objects unloaded after import = 1
========================================================================
Received Import Request.
  Time since last request: 0.000010 seconds.
  path: Assets/PlayMaker/Actions/Animator/SetAnimatorTrigger.cs
  artifactKey: Guid(e6766ded0ae1f47bdbb920e2e0a11be4) Importer(2089858483,0ecaa5967403d082aa24f35e1b516d23)
Start importing Assets/PlayMaker/Actions/Animator/SetAnimatorTrigger.cs using Guid(e6766ded0ae1f47bdbb920e2e0a11be4) Importer(2089858483,0ecaa5967403d082aa24f35e1b516d23)  -> (artifact id: '1c277a6e19da74c4f08c9b124f8604ae') in 0.016125 seconds
Number of updated asset objects reloaded before import = 0
Number of asset objects unloaded after import = 1
========================================================================
Received Import Request.
  Time since last request: 0.000009 seconds.
  path: Assets/PlayMaker/Actions/Animator/AnimatorStartPlayback.cs
  artifactKey: Guid(57b6a2622136741beb45f95f75cf1433) Importer(2089858483,0ecaa5967403d082aa24f35e1b516d23)
Start importing Assets/PlayMaker/Actions/Animator/AnimatorStartPlayback.cs using Guid(57b6a2622136741beb45f95f75cf1433) Importer(2089858483,0ecaa5967403d082aa24f35e1b516d23)  -> (artifact id: '6a84dee48c0accd6fde84708e68bf3bf') in 0.012205 seconds
Number of updated asset objects reloaded before import = 0
Number of asset objects unloaded after import = 1
========================================================================
Received Import Request.
  Time since last request: 0.000009 seconds.
  path: Assets/PlayMaker/Actions/Animation/RemoveMixingTransform.cs
  artifactKey: Guid(e312a237c7efd4f41b1cf3391f9aac98) Importer(2089858483,0ecaa5967403d082aa24f35e1b516d23)
Start importing Assets/PlayMaker/Actions/Animation/RemoveMixingTransform.cs using Guid(e312a237c7efd4f41b1cf3391f9aac98) Importer(2089858483,0ecaa5967403d082aa24f35e1b516d23)  -> (artifact id: 'b63d094ec38514f44e9e46e108197743') in 0.015717 seconds
Number of updated asset objects reloaded before import = 0
Number of asset objects unloaded after import = 1
========================================================================
Received Import Request.
  Time since last request: 0.000009 seconds.
  path: Assets/PlayMaker/Actions/Array/ArrayLength.cs
  artifactKey: Guid(bdba2552ffbbbc74b9d67cb2b54e1324) Importer(2089858483,0ecaa5967403d082aa24f35e1b516d23)
Start importing Assets/PlayMaker/Actions/Array/ArrayLength.cs using Guid(bdba2552ffbbbc74b9d67cb2b54e1324) Importer(2089858483,0ecaa5967403d082aa24f35e1b516d23)  -> (artifact id: '9eb8b1bfc175831de1dd9b3e849d629e') in 0.012562 seconds
Number of updated asset objects reloaded before import = 0
Number of asset objects unloaded after import = 1
========================================================================
Received Import Request.
  Time since last request: 0.000011 seconds.
  path: Assets/PlayMaker/Actions/Camera/SetCameraFOV.cs
  artifactKey: Guid(b064faf20b4b8814c9bc8ed1f043f6e1) Importer(2089858483,0ecaa5967403d082aa24f35e1b516d23)
Start importing Assets/PlayMaker/Actions/Camera/SetCameraFOV.cs using Guid(b064faf20b4b8814c9bc8ed1f043f6e1) Importer(2089858483,0ecaa5967403d082aa24f35e1b516d23)  -> (artifact id: '5891bc9c8fda61ea3a88675d1e1c7045') in 0.011447 seconds
Number of updated asset objects reloaded before import = 0
Number of asset objects unloaded after import = 1
========================================================================
Received Import Request.
  Time since last request: 1.374309 seconds.
  path: Assets/PlayMaker/Actions/Character/ControllerSettings.cs
  artifactKey: Guid(d9ce2594deb14894baeec30cb77ac184) Importer(2089858483,0ecaa5967403d082aa24f35e1b516d23)
Start importing Assets/PlayMaker/Actions/Character/ControllerSettings.cs using Guid(d9ce2594deb14894baeec30cb77ac184) Importer(2089858483,0ecaa5967403d082aa24f35e1b516d23)  -> (artifact id: '3d854abe8f7273393cb47877d5cd441d') in 0.030718 seconds
Number of updated asset objects reloaded before import = 0
Number of asset objects unloaded after import = 1
========================================================================
Received Import Request.
  Time since last request: 0.000016 seconds.
  path: Assets/PlayMaker/Actions/GameObject/DetachChildren.cs
  artifactKey: Guid(0d294200b68c2f940b889d6def70521a) Importer(2089858483,0ecaa5967403d082aa24f35e1b516d23)
Start importing Assets/PlayMaker/Actions/GameObject/DetachChildren.cs using Guid(0d294200b68c2f940b889d6def70521a) Importer(2089858483,0ecaa5967403d082aa24f35e1b516d23)  -> (artifact id: '4c986cd1b60f0175030c23e50a05510c') in 0.015113 seconds
Number of updated asset objects reloaded before import = 0
Number of asset objects unloaded after import = 1
========================================================================
Received Import Request.
  Time since last request: 0.000009 seconds.
  path: Assets/PlayMaker/Actions/Input/GetButtonUp.cs
  artifactKey: Guid(8fdb363c300e2ae4e8bad177b18c1eee) Importer(2089858483,0ecaa5967403d082aa24f35e1b516d23)
Start importing Assets/PlayMaker/Actions/Input/GetButtonUp.cs using Guid(8fdb363c300e2ae4e8bad177b18c1eee) Importer(2089858483,0ecaa5967403d082aa24f35e1b516d23)  -> (artifact id: '034ce63286320db6837cb45428a6f983') in 0.014274 seconds
Number of updated asset objects reloaded before import = 0
Number of asset objects unloaded after import = 1
========================================================================
Received Import Request.
  Time since last request: 0.000010 seconds.
  path: Assets/PlayMaker/Actions/GUI/EnableGUI.cs
  artifactKey: Guid(bb0d4058950c33b4da60d866130e6300) Importer(2089858483,0ecaa5967403d082aa24f35e1b516d23)
Start importing Assets/PlayMaker/Actions/GUI/EnableGUI.cs using Guid(bb0d4058950c33b4da60d866130e6300) Importer(2089858483,0ecaa5967403d082aa24f35e1b516d23)  -> (artifact id: '93d88005a8f16245dfa793a7ba66ec9c') in 0.015574 seconds
Number of updated asset objects reloaded before import = 0
Number of asset objects unloaded after import = 1
========================================================================
Received Import Request.
  Time since last request: 0.000021 seconds.
  path: Assets/PlayMaker/Actions/Debug/DrawDebugLine.cs
  artifactKey: Guid(18bfd2197dc13c44c81ae8f279f87a21) Importer(2089858483,0ecaa5967403d082aa24f35e1b516d23)
Start importing Assets/PlayMaker/Actions/Debug/DrawDebugLine.cs using Guid(18bfd2197dc13c44c81ae8f279f87a21) Importer(2089858483,0ecaa5967403d082aa24f35e1b516d23)  -> (artifact id: '9d99a81ddf366acdb3042b4d1d554429') in 0.017416 seconds
Number of updated asset objects reloaded before import = 0
Number of asset objects unloaded after import = 1
========================================================================
Received Import Request.
  Time since last request: 0.000010 seconds.
  path: Assets/PlayMaker/Actions/GUI/DrawFullscreenColor.cs
  artifactKey: Guid(0c7f66d29ff3bd74dae9af37c8e5d50a) Importer(2089858483,0ecaa5967403d082aa24f35e1b516d23)
Start importing Assets/PlayMaker/Actions/GUI/DrawFullscreenColor.cs using Guid(0c7f66d29ff3bd74dae9af37c8e5d50a) Importer(2089858483,0ecaa5967403d082aa24f35e1b516d23)  -> (artifact id: '71d9b3f29bbd5578a1a3a00540ae4b1c') in 0.011673 seconds
Number of updated asset objects reloaded before import = 0
Number of asset objects unloaded after import = 1
========================================================================
Received Import Request.
  Time since last request: 0.000012 seconds.
  path: Assets/PlayMaker/Actions/GUI/ScaleGUI.cs
  artifactKey: Guid(7cb056ea1f15c1b44913c9d39244208b) Importer(2089858483,0ecaa5967403d082aa24f35e1b516d23)
Start importing Assets/PlayMaker/Actions/GUI/ScaleGUI.cs using Guid(7cb056ea1f15c1b44913c9d39244208b) Importer(2089858483,0ecaa5967403d082aa24f35e1b516d23)  -> (artifact id: 'accb23ee8a06968c446b70f92c9d1bbd') in 0.013718 seconds
Number of updated asset objects reloaded before import = 0
Number of asset objects unloaded after import = 0
========================================================================
Received Import Request.
  Time since last request: 0.000051 seconds.
  path: Assets/PlayMaker/Actions/GUILayout/GUILayoutEndArea.cs
  artifactKey: Guid(f41e103f41cd8fd489822cc2e7694a19) Importer(2089858483,0ecaa5967403d082aa24f35e1b516d23)
Start importing Assets/PlayMaker/Actions/GUILayout/GUILayoutEndArea.cs using Guid(f41e103f41cd8fd489822cc2e7694a19) Importer(2089858483,0ecaa5967403d082aa24f35e1b516d23)  -> (artifact id: 'b513dd98901125b96c6a41d5bce9c3d6') in 0.014354 seconds
Number of updated asset objects reloaded before import = 0
Number of asset objects unloaded after import = 1
========================================================================
Received Import Request.
  Time since last request: 0.000013 seconds.
  path: Assets/PlayMaker/Actions/GameObject/CreateEmptyObject.cs
  artifactKey: Guid(00c62e062f0301a40aea02e25c059045) Importer(2089858483,0ecaa5967403d082aa24f35e1b516d23)
Start importing Assets/PlayMaker/Actions/GameObject/CreateEmptyObject.cs using Guid(00c62e062f0301a40aea02e25c059045) Importer(2089858483,0ecaa5967403d082aa24f35e1b516d23)  -> (artifact id: '9ddff2ff9e56ae2032d0e22352080124') in 0.016857 seconds
Number of updated asset objects reloaded before import = 0
Number of asset objects unloaded after import = 1
========================================================================
Received Import Request.
  Time since last request: 0.000018 seconds.
  path: Assets/PlayMaker/Actions/GameObject/SetParent.cs
  artifactKey: Guid(a58b09bbc7ddda748b3a872a95a37110) Importer(2089858483,0ecaa5967403d082aa24f35e1b516d23)
Start importing Assets/PlayMaker/Actions/GameObject/SetParent.cs using Guid(a58b09bbc7ddda748b3a872a95a37110) Importer(2089858483,0ecaa5967403d082aa24f35e1b516d23)  -> (artifact id: 'bad039858ff2449bcefa6af7920aa8be') in 0.015573 seconds
Number of updated asset objects reloaded before import = 0
Number of asset objects unloaded after import = 1
========================================================================
Received Import Request.
  Time since last request: 0.000009 seconds.
  path: Assets/PlayMaker/Actions/Input/GetAxis.cs
  artifactKey: Guid(46dfe4d824cf8b14593e4e9d57327b96) Importer(2089858483,0ecaa5967403d082aa24f35e1b516d23)
Start importing Assets/PlayMaker/Actions/Input/GetAxis.cs using Guid(46dfe4d824cf8b14593e4e9d57327b96) Importer(2089858483,0ecaa5967403d082aa24f35e1b516d23)  -> (artifact id: 'efbb5322d2bac37bb7727769562638c3') in 0.017103 seconds
Number of updated asset objects reloaded before import = 0
Number of asset objects unloaded after import = 1
========================================================================
Received Import Request.
  Time since last request: 0.000036 seconds.
  path: Assets/PlayMaker/Actions/Debug/DebugDrawShape.cs
  artifactKey: Guid(8631f4b0c29b45e4ab58995114fa2ad2) Importer(2089858483,0ecaa5967403d082aa24f35e1b516d23)
Start importing Assets/PlayMaker/Actions/Debug/DebugDrawShape.cs using Guid(8631f4b0c29b45e4ab58995114fa2ad2) Importer(2089858483,0ecaa5967403d082aa24f35e1b516d23)  -> (artifact id: '4801155834b9230fe37e355919abb307') in 0.017653 seconds
Number of updated asset objects reloaded before import = 0
Number of asset objects unloaded after import = 1
========================================================================
Received Import Request.
  Time since last request: 0.000009 seconds.
  path: Assets/PlayMaker/Actions/Input/MouseLook.cs
  artifactKey: Guid(9cb5ef034cae1a047b7cc81407619144) Importer(2089858483,0ecaa5967403d082aa24f35e1b516d23)
Start importing Assets/PlayMaker/Actions/Input/MouseLook.cs using Guid(9cb5ef034cae1a047b7cc81407619144) Importer(2089858483,0ecaa5967403d082aa24f35e1b516d23)  -> (artifact id: 'bcca29247db1aae5e44cc4957d904393') in 0.011552 seconds
Number of updated asset objects reloaded before import = 0
Number of asset objects unloaded after import = 1
========================================================================
Received Import Request.
  Time since last request: 0.000009 seconds.
  path: Assets/PlayMaker/Actions/Lights/SetLightColor.cs
  artifactKey: Guid(035e007c3fa59054d828b36ce43cfe6b) Importer(2089858483,0ecaa5967403d082aa24f35e1b516d23)
Start importing Assets/PlayMaker/Actions/Lights/SetLightColor.cs using Guid(035e007c3fa59054d828b36ce43cfe6b) Importer(2089858483,0ecaa5967403d082aa24f35e1b516d23)  -> (artifact id: '2fc28eea17e3c9ba7f3ac4f6ba81c333') in 0.012783 seconds
Number of updated asset objects reloaded before import = 0
Number of asset objects unloaded after import = 1
========================================================================
Received Import Request.
  Time since last request: 0.000011 seconds.
  path: Assets/PlayMaker/Actions/Input/GetButtonDown.cs
  artifactKey: Guid(e27b07f69defd0148ace6783eb8fbeeb) Importer(2089858483,0ecaa5967403d082aa24f35e1b516d23)
Start importing Assets/PlayMaker/Actions/Input/GetButtonDown.cs using Guid(e27b07f69defd0148ace6783eb8fbeeb) Importer(2089858483,0ecaa5967403d082aa24f35e1b516d23)  -> (artifact id: '9d797597c406d24d1eafc86ca55dc960') in 0.015497 seconds
Number of updated asset objects reloaded before import = 0
Number of asset objects unloaded after import = 1
========================================================================
Received Import Request.
  Time since last request: 0.000010 seconds.
  path: Assets/PlayMaker/Actions/GameObject/SetLayer.cs
  artifactKey: Guid(77f4f9c354a59684296f1a852f59796e) Importer(2089858483,0ecaa5967403d082aa24f35e1b516d23)
Start importing Assets/PlayMaker/Actions/GameObject/SetLayer.cs using Guid(77f4f9c354a59684296f1a852f59796e) Importer(2089858483,0ecaa5967403d082aa24f35e1b516d23)  -> (artifact id: '808596781f8e50e3bdfaabb84cc88294') in 0.014514 seconds
Number of updated asset objects reloaded before import = 0
Number of asset objects unloaded after import = 1
========================================================================
Received Import Request.
  Time since last request: 0.000010 seconds.
  path: Assets/PlayMaker/Actions/GUILayout/GUILayoutToolbar.cs
  artifactKey: Guid(bd581a34e06b296429e81366c0b07b68) Importer(2089858483,0ecaa5967403d082aa24f35e1b516d23)
Start importing Assets/PlayMaker/Actions/GUILayout/GUILayoutToolbar.cs using Guid(bd581a34e06b296429e81366c0b07b68) Importer(2089858483,0ecaa5967403d082aa24f35e1b516d23)  -> (artifact id: '7558ad5f9b3516a8da866f9846b04c26') in 0.013118 seconds
Number of updated asset objects reloaded before import = 0
Number of asset objects unloaded after import = 1
========================================================================
Received Import Request.
  Time since last request: 0.000011 seconds.
  path: Assets/PlayMaker/Actions/GUILayout/GUILayoutBeginArea.cs
  artifactKey: Guid(30c94f2ef05504344a6ef1667d4a9fd8) Importer(2089858483,0ecaa5967403d082aa24f35e1b516d23)
Start importing Assets/PlayMaker/Actions/GUILayout/GUILayoutBeginArea.cs using Guid(30c94f2ef05504344a6ef1667d4a9fd8) Importer(2089858483,0ecaa5967403d082aa24f35e1b516d23)  -> (artifact id: 'e83eadf662160ff43466b060b1619cba') in 0.014991 seconds
Number of updated asset objects reloaded before import = 0
Number of asset objects unloaded after import = 1
========================================================================
Received Import Request.
  Time since last request: 0.000010 seconds.
  path: Assets/PlayMaker/Actions/GUI/GUIHorizontalSlider.cs
  artifactKey: Guid(25a46b5ed1cd97e439e3450484cea7af) Importer(2089858483,0ecaa5967403d082aa24f35e1b516d23)
Start importing Assets/PlayMaker/Actions/GUI/GUIHorizontalSlider.cs using Guid(25a46b5ed1cd97e439e3450484cea7af) Importer(2089858483,0ecaa5967403d082aa24f35e1b516d23)  -> (artifact id: 'c4295d9821030a61181e6384aeaba238') in 0.016784 seconds
Number of updated asset objects reloaded before import = 0
Number of asset objects unloaded after import = 1
========================================================================
Received Import Request.
  Time since last request: 0.000009 seconds.
  path: Assets/PlayMaker/Actions/Device/DetectDeviceOrientation.cs
  artifactKey: Guid(ee9fdab5d94faa74199212719ee63055) Importer(2089858483,0ecaa5967403d082aa24f35e1b516d23)
Start importing Assets/PlayMaker/Actions/Device/DetectDeviceOrientation.cs using Guid(ee9fdab5d94faa74199212719ee63055) Importer(2089858483,0ecaa5967403d082aa24f35e1b516d23)  -> (artifact id: '4a96981862e0dd201c5129c9170722d5') in 0.014506 seconds
Number of updated asset objects reloaded before import = 0
Number of asset objects unloaded after import = 1
========================================================================
Received Import Request.
  Time since last request: 0.000009 seconds.
  path: Assets/PlayMaker/Actions/GUILayout/GUILayoutBeginVertical.cs
  artifactKey: Guid(58a06762632d10f42a3cf2003a1584b1) Importer(2089858483,0ecaa5967403d082aa24f35e1b516d23)
Start importing Assets/PlayMaker/Actions/GUILayout/GUILayoutBeginVertical.cs using Guid(58a06762632d10f42a3cf2003a1584b1) Importer(2089858483,0ecaa5967403d082aa24f35e1b516d23)  -> (artifact id: 'a0df55383ee4f40f410d117f6cf480ba') in 0.017310 seconds
Number of updated asset objects reloaded before import = 0
Number of asset objects unloaded after import = 1
========================================================================
Received Import Request.
  Time since last request: 0.000010 seconds.
  path: Assets/PlayMaker/Actions/GameObject/SetName.cs
  artifactKey: Guid(6ca6839156f0d8742a3b1a1e0727eb04) Importer(2089858483,0ecaa5967403d082aa24f35e1b516d23)
Start importing Assets/PlayMaker/Actions/GameObject/SetName.cs using Guid(6ca6839156f0d8742a3b1a1e0727eb04) Importer(2089858483,0ecaa5967403d082aa24f35e1b516d23)  -> (artifact id: '103f0c6c48d2ee8304b49b22fd38caee') in 0.015579 seconds
Number of updated asset objects reloaded before import = 0
Number of asset objects unloaded after import = 1
========================================================================
Received Import Request.
  Time since last request: 0.000013 seconds.
  path: Assets/PlayMaker/Actions/Debug/DebugLog.cs
  artifactKey: Guid(4a5ede73c5bbf5b4aa6004aebbdf51f7) Importer(2089858483,0ecaa5967403d082aa24f35e1b516d23)
Start importing Assets/PlayMaker/Actions/Debug/DebugLog.cs using Guid(4a5ede73c5bbf5b4aa6004aebbdf51f7) Importer(2089858483,0ecaa5967403d082aa24f35e1b516d23)  -> (artifact id: '5da7e0f92c28da2ab6e89a465bd24fe2') in 0.014506 seconds
Number of updated asset objects reloaded before import = 0
Number of asset objects unloaded after import = 1
========================================================================
Received Import Request.
  Time since last request: 0.000025 seconds.
  path: Assets/PlayMaker/Actions/Input/MousePickEvent.cs
  artifactKey: Guid(f57b13daeba15d04a866bba900f88858) Importer(2089858483,0ecaa5967403d082aa24f35e1b516d23)
Start importing Assets/PlayMaker/Actions/Input/MousePickEvent.cs using Guid(f57b13daeba15d04a866bba900f88858) Importer(2089858483,0ecaa5967403d082aa24f35e1b516d23)  -> (artifact id: 'cf6533ed7a74290d9625ce96f788da6c') in 0.015528 seconds
Number of updated asset objects reloaded before import = 0
Number of asset objects unloaded after import = 1
========================================================================
Received Import Request.
  Time since last request: 0.000046 seconds.
  path: Assets/PlayMaker/Actions/GameObject/GetNextChild.cs
  artifactKey: Guid(2750bf7d1d5757341ac1d3b3934ba848) Importer(2089858483,0ecaa5967403d082aa24f35e1b516d23)
Start importing Assets/PlayMaker/Actions/GameObject/GetNextChild.cs using Guid(2750bf7d1d5757341ac1d3b3934ba848) Importer(2089858483,0ecaa5967403d082aa24f35e1b516d23)  -> (artifact id: '2863ce8eacded29493cb2103421e5bcb') in 0.012901 seconds
Number of updated asset objects reloaded before import = 0
Number of asset objects unloaded after import = 1
========================================================================
Received Import Request.
  Time since last request: 0.000010 seconds.
  path: Assets/PlayMaker/Actions/Effects/Flicker.cs
  artifactKey: Guid(e15058fb95219274db6d7f289f12181c) Importer(2089858483,0ecaa5967403d082aa24f35e1b516d23)
Start importing Assets/PlayMaker/Actions/Effects/Flicker.cs using Guid(e15058fb95219274db6d7f289f12181c) Importer(2089858483,0ecaa5967403d082aa24f35e1b516d23)  -> (artifact id: '68c0dee1fc6a785efebb46e752bdadcd') in 0.013792 seconds
Number of updated asset objects reloaded before import = 0
Number of asset objects unloaded after import = 1
========================================================================
Received Import Request.
  Time since last request: 0.000009 seconds.
  path: Assets/PlayMaker/Actions/GUIElement/SetGUITextureAlpha.cs
  artifactKey: Guid(08b78615a290fed42985e1549b225a17) Importer(2089858483,0ecaa5967403d082aa24f35e1b516d23)
Start importing Assets/PlayMaker/Actions/GUIElement/SetGUITextureAlpha.cs using Guid(08b78615a290fed42985e1549b225a17) Importer(2089858483,0ecaa5967403d082aa24f35e1b516d23)  -> (artifact id: '7d97640b34df0ef054787beb49b1cc08') in 0.013585 seconds
Number of updated asset objects reloaded before import = 0
Number of asset objects unloaded after import = 1
========================================================================
Received Import Request.
  Time since last request: 1.076796 seconds.
  path: Assets/PlayMaker/Actions/Logic/FsmHasVariable.cs
  artifactKey: Guid(e3487f412e56e924babb83343bbca8c0) Importer(2089858483,0ecaa5967403d082aa24f35e1b516d23)
Start importing Assets/PlayMaker/Actions/Logic/FsmHasVariable.cs using Guid(e3487f412e56e924babb83343bbca8c0) Importer(2089858483,0ecaa5967403d082aa24f35e1b516d23)  -> (artifact id: 'bb28122bf5957d423448addbb37ecdc1') in 0.024888 seconds
Number of updated asset objects reloaded before import = 0
Number of asset objects unloaded after import = 0
========================================================================
Received Import Request.
  Time since last request: 0.000041 seconds.
  path: Assets/PlayMaker/Actions/Math/FloatWrap.cs
  artifactKey: Guid(a6881d0ecad6f0b42aca8b553859784c) Importer(2089858483,0ecaa5967403d082aa24f35e1b516d23)
Start importing Assets/PlayMaker/Actions/Math/FloatWrap.cs using Guid(a6881d0ecad6f0b42aca8b553859784c) Importer(2089858483,0ecaa5967403d082aa24f35e1b516d23)  -> (artifact id: 'efe7e077c54a0ce051b0490851abc2bc') in 0.013491 seconds
Number of updated asset objects reloaded before import = 0
Number of asset objects unloaded after import = 1
========================================================================
Received Import Request.
  Time since last request: 0.000009 seconds.
  path: Assets/PlayMaker/Actions/Logic/StringChanged.cs
  artifactKey: Guid(1b5d01cc959ad214fabc2222238012a4) Importer(2089858483,0ecaa5967403d082aa24f35e1b516d23)
Start importing Assets/PlayMaker/Actions/Logic/StringChanged.cs using Guid(1b5d01cc959ad214fabc2222238012a4) Importer(2089858483,0ecaa5967403d082aa24f35e1b516d23)  -> (artifact id: '8b437d01fe0542959b71ce69be9e7f4d') in 0.013717 seconds
Number of updated asset objects reloaded before import = 0
Number of asset objects unloaded after import = 1
========================================================================
Received Import Request.
  Time since last request: 0.000010 seconds.
  path: Assets/PlayMaker/Actions/ProceduralMaterial/SetProceduralVector2.cs
  artifactKey: Guid(27bf80cfef06f654eb75a9b54ec396a7) Importer(2089858483,0ecaa5967403d082aa24f35e1b516d23)
Start importing Assets/PlayMaker/Actions/ProceduralMaterial/SetProceduralVector2.cs using Guid(27bf80cfef06f654eb75a9b54ec396a7) Importer(2089858483,0ecaa5967403d082aa24f35e1b516d23)  -> (artifact id: 'e8b2251d1b14cce6c27b13169168e4ab') in 0.014080 seconds
Number of updated asset objects reloaded before import = 0
Number of asset objects unloaded after import = 1
========================================================================
Received Import Request.
  Time since last request: 0.000009 seconds.
  path: Assets/PlayMaker/Actions/Physics/SetGravity.cs
  artifactKey: Guid(ca0c224d55f487d43903c2fa2652b48e) Importer(2089858483,0ecaa5967403d082aa24f35e1b516d23)
Start importing Assets/PlayMaker/Actions/Physics/SetGravity.cs using Guid(ca0c224d55f487d43903c2fa2652b48e) Importer(2089858483,0ecaa5967403d082aa24f35e1b516d23)  -> (artifact id: '4767fc28a0474221ed1a0ee1aadc1450') in 0.013574 seconds
Number of updated asset objects reloaded before import = 0
Number of asset objects unloaded after import = 1
========================================================================
Received Import Request.
  Time since last request: 0.000009 seconds.
  path: Assets/PlayMaker/Actions/Math/IntClamp.cs
  artifactKey: Guid(0f29dfbf16228f64d8c404892dc184f1) Importer(2089858483,0ecaa5967403d082aa24f35e1b516d23)
Start importing Assets/PlayMaker/Actions/Math/IntClamp.cs using Guid(0f29dfbf16228f64d8c404892dc184f1) Importer(2089858483,0ecaa5967403d082aa24f35e1b516d23)  -> (artifact id: '6f0f50252c725ef4e63a5e6046e8e19d') in 0.015591 seconds
Number of updated asset objects reloaded before import = 0
Number of asset objects unloaded after import = 1
========================================================================
Received Import Request.
  Time since last request: 0.000010 seconds.
  path: Assets/PlayMaker/Actions/Physics/GetJointBreakInfo.cs
  artifactKey: Guid(e18d717e00e358c4a8d8c88c592d617a) Importer(2089858483,0ecaa5967403d082aa24f35e1b516d23)
Start importing Assets/PlayMaker/Actions/Physics/GetJointBreakInfo.cs using Guid(e18d717e00e358c4a8d8c88c592d617a) Importer(2089858483,0ecaa5967403d082aa24f35e1b516d23)  -> (artifact id: '56e8db91d48b041d445e333761488300') in 0.012985 seconds
Number of updated asset objects reloaded before import = 0
Number of asset objects unloaded after import = 1
========================================================================
Received Import Request.
  Time since last request: 0.000019 seconds.
  path: Assets/PlayMaker/Actions/Movie/PauseMovieTexture.cs
  artifactKey: Guid(8695e994d952a1c408bd5df7a7dcfd76) Importer(2089858483,0ecaa5967403d082aa24f35e1b516d23)
Start importing Assets/PlayMaker/Actions/Movie/PauseMovieTexture.cs using Guid(8695e994d952a1c408bd5df7a7dcfd76) Importer(2089858483,0ecaa5967403d082aa24f35e1b516d23)  -> (artifact id: 'fe45b5e861c1d1585a316aba6a1c585f') in 0.014830 seconds
Number of updated asset objects reloaded before import = 0
Number of asset objects unloaded after import = 1
========================================================================
Received Import Request.
  Time since last request: 0.000010 seconds.
  path: Assets/PlayMaker/Actions/Quaternion/QuaternionLookRotation.cs
  artifactKey: Guid(1ad91f05541104be0b4db97046df4dff) Importer(2089858483,0ecaa5967403d082aa24f35e1b516d23)
Start importing Assets/PlayMaker/Actions/Quaternion/QuaternionLookRotation.cs using Guid(1ad91f05541104be0b4db97046df4dff) Importer(2089858483,0ecaa5967403d082aa24f35e1b516d23)  -> (artifact id: '93720b0961720578042fb8481db886d4') in 0.011312 seconds
Number of updated asset objects reloaded before import = 0
Number of asset objects unloaded after import = 1
========================================================================
Received Import Request.
  Time since last request: 0.000011 seconds.
  path: Assets/PlayMaker/Actions/Physics/UseGravity.cs
  artifactKey: Guid(3c5807ddf1f36fe4ea8d1a60993eef7a) Importer(2089858483,0ecaa5967403d082aa24f35e1b516d23)
Start importing Assets/PlayMaker/Actions/Physics/UseGravity.cs using Guid(3c5807ddf1f36fe4ea8d1a60993eef7a) Importer(2089858483,0ecaa5967403d082aa24f35e1b516d23)  -> (artifact id: 'edd4e5172f6890f1cc6671e5f7cb62a8') in 0.013590 seconds
Number of updated asset objects reloaded before import = 0
Number of asset objects unloaded after import = 1
========================================================================
Received Import Request.
  Time since last request: 0.000043 seconds.
  path: Assets/PlayMaker/Actions/Movie/StopMovieTexture.cs
  artifactKey: Guid(ba927a406ee51c64b993fbeeb5da2abe) Importer(2089858483,0ecaa5967403d082aa24f35e1b516d23)
Start importing Assets/PlayMaker/Actions/Movie/StopMovieTexture.cs using Guid(ba927a406ee51c64b993fbeeb5da2abe) Importer(2089858483,0ecaa5967403d082aa24f35e1b516d23)  -> (artifact id: '2a9c281a7ba47387b8e55a4dfa454293') in 0.013476 seconds
Number of updated asset objects reloaded before import = 0
Number of asset objects unloaded after import = 1
========================================================================
Received Import Request.
  Time since last request: 0.000009 seconds.
  path: Assets/PlayMaker/Actions/RectTransform/RectTransformGetLocalRotation.cs
  artifactKey: Guid(fd1549d63863d4d77850ec8fd09ead7d) Importer(2089858483,0ecaa5967403d082aa24f35e1b516d23)
Start importing Assets/PlayMaker/Actions/RectTransform/RectTransformGetLocalRotation.cs using Guid(fd1549d63863d4d77850ec8fd09ead7d) Importer(2089858483,0ecaa5967403d082aa24f35e1b516d23)  -> (artifact id: '0b9fb200a195fae0e24af2a077d2da7f') in 0.014320 seconds
Number of updated asset objects reloaded before import = 0
Number of asset objects unloaded after import = 1
========================================================================
Received Import Request.
  Time since last request: 0.000010 seconds.
  path: Assets/PlayMaker/Actions/Physics2D/ScreenPick2d.cs
  artifactKey: Guid(b5c41daa984094cecbcfd973cad60d26) Importer(2089858483,0ecaa5967403d082aa24f35e1b516d23)
Start importing Assets/PlayMaker/Actions/Physics2D/ScreenPick2d.cs using Guid(b5c41daa984094cecbcfd973cad60d26) Importer(2089858483,0ecaa5967403d082aa24f35e1b516d23)  -> (artifact id: '0a698418f3b2efa570fd3df5c950c93f') in 0.016270 seconds
Number of updated asset objects reloaded before import = 0
Number of asset objects unloaded after import = 1
========================================================================
Received Import Request.
  Time since last request: 0.000024 seconds.
  path: Assets/PlayMaker/Actions/Movie/PlayMovieTexture.cs
  artifactKey: Guid(bfac80dc19eabec408d1d615352c1209) Importer(2089858483,0ecaa5967403d082aa24f35e1b516d23)
Start importing Assets/PlayMaker/Actions/Movie/PlayMovieTexture.cs using Guid(bfac80dc19eabec408d1d615352c1209) Importer(2089858483,0ecaa5967403d082aa24f35e1b516d23)  -> (artifact id: '48575554d0ca1c4fe0a54f0d196dd3c7') in 0.015341 seconds
Number of updated asset objects reloaded before import = 0
Number of asset objects unloaded after import = 1
========================================================================
Received Import Request.
  Time since last request: 0.000008 seconds.
  path: Assets/PlayMaker/Actions/Logic/RectCompare.cs
  artifactKey: Guid(df4b98a9ffc13f44bb5bb3e93c4af94d) Importer(2089858483,0ecaa5967403d082aa24f35e1b516d23)
Start importing Assets/PlayMaker/Actions/Logic/RectCompare.cs using Guid(df4b98a9ffc13f44bb5bb3e93c4af94d) Importer(2089858483,0ecaa5967403d082aa24f35e1b516d23)  -> (artifact id: 'd172daaed027cb3d55509435ffc6faff') in 0.017517 seconds
Number of updated asset objects reloaded before import = 0
Number of asset objects unloaded after import = 1
========================================================================
Received Import Request.
  Time since last request: 0.000009 seconds.
  path: Assets/PlayMaker/Actions/Quaternion/GetQuaternionFromRotation.cs
  artifactKey: Guid(1a4862db90df44585aea2b190369fecb) Importer(2089858483,0ecaa5967403d082aa24f35e1b516d23)
Start importing Assets/PlayMaker/Actions/Quaternion/GetQuaternionFromRotation.cs using Guid(1a4862db90df44585aea2b190369fecb) Importer(2089858483,0ecaa5967403d082aa24f35e1b516d23)  -> (artifact id: '42b58b30fd3b0fe9a01c79de107edc57') in 0.018526 seconds
Number of updated asset objects reloaded before import = 0
Number of asset objects unloaded after import = 1
========================================================================
Received Import Request.
  Time since last request: 0.000010 seconds.
  path: Assets/PlayMaker/Actions/Math/FloatAddMultiple.cs
  artifactKey: Guid(30f480222cbd14e46a7dfdb3ec00fb35) Importer(2089858483,0ecaa5967403d082aa24f35e1b516d23)
Start importing Assets/PlayMaker/Actions/Math/FloatAddMultiple.cs using Guid(30f480222cbd14e46a7dfdb3ec00fb35) Importer(2089858483,0ecaa5967403d082aa24f35e1b516d23)  -> (artifact id: '19538cd34198e6b22288dbb2c5feb5e5') in 0.014846 seconds
Number of updated asset objects reloaded before import = 0
Number of asset objects unloaded after import = 1
========================================================================
Received Import Request.
  Time since last request: 0.000009 seconds.
  path: Assets/PlayMaker/Actions/RectTransform/RectTransformSetAnchorMax.cs
  artifactKey: Guid(9cb540e77793f4c059ec35c21b3abaa3) Importer(2089858483,0ecaa5967403d082aa24f35e1b516d23)
Start importing Assets/PlayMaker/Actions/RectTransform/RectTransformSetAnchorMax.cs using Guid(9cb540e77793f4c059ec35c21b3abaa3) Importer(2089858483,0ecaa5967403d082aa24f35e1b516d23)  -> (artifact id: '792e5bcf491762f86407c985bc9c4bcc') in 0.016078 seconds
Number of updated asset objects reloaded before import = 0
Number of asset objects unloaded after import = 1
========================================================================
Received Import Request.
  Time since last request: 0.000009 seconds.
  path: Assets/PlayMaker/Actions/PlayerInput/PlayerInputPerformedEvent.cs
  artifactKey: Guid(86055c6fafa1a5c489d7ad1ea4d19c44) Importer(2089858483,0ecaa5967403d082aa24f35e1b516d23)
Start importing Assets/PlayMaker/Actions/PlayerInput/PlayerInputPerformedEvent.cs using Guid(86055c6fafa1a5c489d7ad1ea4d19c44) Importer(2089858483,0ecaa5967403d082aa24f35e1b516d23)  -> (artifact id: 'aa0ad001d312da340d9a1042883ce436') in 0.017416 seconds
Number of updated asset objects reloaded before import = 0
Number of asset objects unloaded after import = 1
========================================================================
Received Import Request.
  Time since last request: 0.000010 seconds.
  path: Assets/PlayMaker/Actions/Physics2D/IsSleeping2d.cs
  artifactKey: Guid(9ad0f181793d744abbfb5f25ef0cf183) Importer(2089858483,0ecaa5967403d082aa24f35e1b516d23)
Start importing Assets/PlayMaker/Actions/Physics2D/IsSleeping2d.cs using Guid(9ad0f181793d744abbfb5f25ef0cf183) Importer(2089858483,0ecaa5967403d082aa24f35e1b516d23)  -> (artifact id: '6e094472e2ced86b64f31a045c553388') in 0.016324 seconds
Number of updated asset objects reloaded before import = 0
Number of asset objects unloaded after import = 1
========================================================================
Received Import Request.
  Time since last request: 0.000009 seconds.
  path: Assets/PlayMaker/Actions/Physics/SetControllerVelocity.cs
  artifactKey: Guid(376538c583f60ba43877c20db60a5ce5) Importer(2089858483,0ecaa5967403d082aa24f35e1b516d23)
Start importing Assets/PlayMaker/Actions/Physics/SetControllerVelocity.cs using Guid(376538c583f60ba43877c20db60a5ce5) Importer(2089858483,0ecaa5967403d082aa24f35e1b516d23)  -> (artifact id: '16c280901e3a4d18f74b4b268ed40c58') in 0.017518 seconds
Number of updated asset objects reloaded before import = 0
Number of asset objects unloaded after import = 1
========================================================================
Received Import Request.
  Time since last request: 0.000011 seconds.
  path: Assets/PlayMaker/Actions/Physics2D/Touch Object 2d Event.cs
  artifactKey: Guid(a6627f26893aa4ef2a2e9b51d93efbda) Importer(2089858483,0ecaa5967403d082aa24f35e1b516d23)
Start importing Assets/PlayMaker/Actions/Physics2D/Touch Object 2d Event.cs using Guid(a6627f26893aa4ef2a2e9b51d93efbda) Importer(2089858483,0ecaa5967403d082aa24f35e1b516d23)  -> (artifact id: '9c980f02498c0471b47c62666e26ccbc') in 0.016525 seconds
Number of updated asset objects reloaded before import = 0
Number of asset objects unloaded after import = 1
========================================================================
Received Import Request.
  Time since last request: 0.000014 seconds.
  path: Assets/PlayMaker/Actions/Logic/StringContains.cs
  artifactKey: Guid(29907e54ec98f8f40991caa82ab032b7) Importer(2089858483,0ecaa5967403d082aa24f35e1b516d23)
Start importing Assets/PlayMaker/Actions/Logic/StringContains.cs using Guid(29907e54ec98f8f40991caa82ab032b7) Importer(2089858483,0ecaa5967403d082aa24f35e1b516d23)  -> (artifact id: 'd8921c38e1c608f4781cc573b0ffcac9') in 0.017193 seconds
Number of updated asset objects reloaded before import = 0
Number of asset objects unloaded after import = 1
========================================================================
Received Import Request.
  Time since last request: 0.000016 seconds.
  path: Assets/PlayMaker/Actions/Logic/StringSwitch.cs
  artifactKey: Guid(75c736ea0ec04004fbd1ec30b144f0cf) Importer(2089858483,0ecaa5967403d082aa24f35e1b516d23)
Start importing Assets/PlayMaker/Actions/Logic/StringSwitch.cs using Guid(75c736ea0ec04004fbd1ec30b144f0cf) Importer(2089858483,0ecaa5967403d082aa24f35e1b516d23)  -> (artifact id: 'c3dde2353efcf6dccc8ab8081c58074c') in 0.016172 seconds
Number of updated asset objects reloaded before import = 0
Number of asset objects unloaded after import = 1
========================================================================
Received Import Request.
  Time since last request: 0.000010 seconds.
  path: Assets/PlayMaker/Actions/Math/FloatMultiply.cs
  artifactKey: Guid(4e9857c05ad00264d90da0f1c9568695) Importer(2089858483,0ecaa5967403d082aa24f35e1b516d23)
Start importing Assets/PlayMaker/Actions/Math/FloatMultiply.cs using Guid(4e9857c05ad00264d90da0f1c9568695) Importer(2089858483,0ecaa5967403d082aa24f35e1b516d23)  -> (artifact id: '2daf6a04d175179d38f9cef396e7ccd5') in 0.016584 seconds
Number of updated asset objects reloaded before import = 0
Number of asset objects unloaded after import = 1
========================================================================
Received Import Request.
  Time since last request: 0.000013 seconds.
  path: Assets/PlayMaker/Actions/Physics2D/MovePosition2d.cs
  artifactKey: Guid(c674998503d54af4ba8c1c4adfc23cf7) Importer(2089858483,0ecaa5967403d082aa24f35e1b516d23)
Start importing Assets/PlayMaker/Actions/Physics2D/MovePosition2d.cs using Guid(c674998503d54af4ba8c1c4adfc23cf7) Importer(2089858483,0ecaa5967403d082aa24f35e1b516d23)  -> (artifact id: 'fdceb064296cc4c011dcfb67f6f77830') in 0.016663 seconds
Number of updated asset objects reloaded before import = 0
Number of asset objects unloaded after import = 1
========================================================================
Received Import Request.
  Time since last request: 0.000010 seconds.
  path: Assets/PlayMaker/Actions/Logic/ObjectCompare.cs
  artifactKey: Guid(d4f8559eb0834134795f61474b7610ef) Importer(2089858483,0ecaa5967403d082aa24f35e1b516d23)
Start importing Assets/PlayMaker/Actions/Logic/ObjectCompare.cs using Guid(d4f8559eb0834134795f61474b7610ef) Importer(2089858483,0ecaa5967403d082aa24f35e1b516d23)  -> (artifact id: 'f8b2330fcbd438434ec3a9fd93203fd7') in 0.017693 seconds
Number of updated asset objects reloaded before import = 0
Number of asset objects unloaded after import = 1
========================================================================
Received Import Request.
  Time since last request: 0.000009 seconds.
  path: Assets/PlayMaker/Actions/Physics/SetVelocity.cs
  artifactKey: Guid(1c20dda97df3fd54cab324f8e260fab7) Importer(2089858483,0ecaa5967403d082aa24f35e1b516d23)
Start importing Assets/PlayMaker/Actions/Physics/SetVelocity.cs using Guid(1c20dda97df3fd54cab324f8e260fab7) Importer(2089858483,0ecaa5967403d082aa24f35e1b516d23)  -> (artifact id: '4af154a70923c39f1e1638a8ae14c033') in 0.017426 seconds
Number of updated asset objects reloaded before import = 0
Number of asset objects unloaded after import = 1
========================================================================
Received Import Request.
  Time since last request: 0.827266 seconds.
  path: Assets/PlayMaker/Actions/RectTransform/RectTransformSetScreenPosition.cs
  artifactKey: Guid(e6463906a18e7c04c8b3e0985a3997e1) Importer(2089858483,0ecaa5967403d082aa24f35e1b516d23)
Start importing Assets/PlayMaker/Actions/RectTransform/RectTransformSetScreenPosition.cs using Guid(e6463906a18e7c04c8b3e0985a3997e1) Importer(2089858483,0ecaa5967403d082aa24f35e1b516d23)  -> (artifact id: '5997ff780584d18e996ad540864129aa') in 0.026675 seconds
Number of updated asset objects reloaded before import = 0
Number of asset objects unloaded after import = 1
========================================================================
Received Import Request.
  Time since last request: 0.000009 seconds.
  path: Assets/PlayMaker/Actions/StateMachine/SetFsmVector3.cs
  artifactKey: Guid(77bd9dda890c0614eba326161995290c) Importer(2089858483,0ecaa5967403d082aa24f35e1b516d23)
Start importing Assets/PlayMaker/Actions/StateMachine/SetFsmVector3.cs using Guid(77bd9dda890c0614eba326161995290c) Importer(2089858483,0ecaa5967403d082aa24f35e1b516d23)  -> (artifact id: '6915b43e83293acddb841f2951ecdb8e') in 0.015055 seconds
Number of updated asset objects reloaded before import = 0
Number of asset objects unloaded after import = 1
========================================================================
Received Import Request.
  Time since last request: 0.000010 seconds.
  path: Assets/PlayMaker/Actions/Transform/MoveObject.cs
  artifactKey: Guid(87d639c82dbaec8468ab9dbe7f92ebb3) Importer(2089858483,0ecaa5967403d082aa24f35e1b516d23)
Start importing Assets/PlayMaker/Actions/Transform/MoveObject.cs using Guid(87d639c82dbaec8468ab9dbe7f92ebb3) Importer(2089858483,0ecaa5967403d082aa24f35e1b516d23)  -> (artifact id: '47bbdf357360dcc5a48d686ea31a4668') in 0.013503 seconds
Number of updated asset objects reloaded before import = 0
Number of asset objects unloaded after import = 1
========================================================================
Received Import Request.
  Time since last request: 0.000010 seconds.
  path: Assets/PlayMaker/Actions/UI/UiSliderSetWholeNumbers.cs
  artifactKey: Guid(71a8b9425897e614b8cc1a1033fffba7) Importer(2089858483,0ecaa5967403d082aa24f35e1b516d23)
Start importing Assets/PlayMaker/Actions/UI/UiSliderSetWholeNumbers.cs using Guid(71a8b9425897e614b8cc1a1033fffba7) Importer(2089858483,0ecaa5967403d082aa24f35e1b516d23)  -> (artifact id: '8d6151e7cfdf49f7c273e0758d3e4e31') in 0.015481 seconds
Number of updated asset objects reloaded before import = 0
Number of asset objects unloaded after import = 1
========================================================================
Received Import Request.
  Time since last request: 0.000033 seconds.
  path: Assets/PlayMaker/Actions/StateMachine/SetFsmString.cs
  artifactKey: Guid(e883d7ab08b86d5498f97ef94fe72d4a) Importer(2089858483,0ecaa5967403d082aa24f35e1b516d23)
Start importing Assets/PlayMaker/Actions/StateMachine/SetFsmString.cs using Guid(e883d7ab08b86d5498f97ef94fe72d4a) Importer(2089858483,0ecaa5967403d082aa24f35e1b516d23)  -> (artifact id: '1d522cfaafeb00fc4d9f4b9b24e2ef99') in 0.014101 seconds
Number of updated asset objects reloaded before import = 0
Number of asset objects unloaded after import = 1
========================================================================
Received Import Request.
  Time since last request: 0.000018 seconds.
  path: Assets/PlayMaker/Actions/SceneManager/GetSceneRootCount.cs
  artifactKey: Guid(523cc0044551a480c989867ce0dde224) Importer(2089858483,0ecaa5967403d082aa24f35e1b516d23)
Start importing Assets/PlayMaker/Actions/SceneManager/GetSceneRootCount.cs using Guid(523cc0044551a480c989867ce0dde224) Importer(2089858483,0ecaa5967403d082aa24f35e1b516d23)  -> (artifact id: '1100b72db34e9ade24dad67aa4239fb8') in 0.016379 seconds
Number of updated asset objects reloaded before import = 0
Number of asset objects unloaded after import = 1
========================================================================
Received Import Request.
  Time since last request: 0.000016 seconds.
  path: Assets/PlayMaker/Actions/Tween/TweenUiSize.cs
  artifactKey: Guid(22392a7f3865bd243a8b4cb1df4db84a) Importer(2089858483,0ecaa5967403d082aa24f35e1b516d23)
Start importing Assets/PlayMaker/Actions/Tween/TweenUiSize.cs using Guid(22392a7f3865bd243a8b4cb1df4db84a) Importer(2089858483,0ecaa5967403d082aa24f35e1b516d23)  -> (artifact id: '0179ed02f76cfd1a8f382c90f33eec0e') in 0.015080 seconds
Number of updated asset objects reloaded before import = 0
Number of asset objects unloaded after import = 1
========================================================================
Received Import Request.
  Time since last request: 0.000011 seconds.
  path: Assets/PlayMaker/Actions/UI/UiInputFieldSetPlaceHolder.cs
  artifactKey: Guid(ee53ec9d117b3154a804f777ac896f77) Importer(2089858483,0ecaa5967403d082aa24f35e1b516d23)
Start importing Assets/PlayMaker/Actions/UI/UiInputFieldSetPlaceHolder.cs using Guid(ee53ec9d117b3154a804f777ac896f77) Importer(2089858483,0ecaa5967403d082aa24f35e1b516d23)  -> (artifact id: '39cd44ab7f345f95da60d23e8f0ef697') in 0.012581 seconds
Number of updated asset objects reloaded before import = 0
Number of asset objects unloaded after import = 1
========================================================================
Received Import Request.
  Time since last request: 0.000009 seconds.
  path: Assets/PlayMaker/Actions/Transform/GetRotation.cs
  artifactKey: Guid(11568980f96e6354cb11a621656a449c) Importer(2089858483,0ecaa5967403d082aa24f35e1b516d23)
Start importing Assets/PlayMaker/Actions/Transform/GetRotation.cs using Guid(11568980f96e6354cb11a621656a449c) Importer(2089858483,0ecaa5967403d082aa24f35e1b516d23)  -> (artifact id: 'c956c607ccfb723bb453e0dc7323c288') in 0.012873 seconds
Number of updated asset objects reloaded before import = 0
Number of asset objects unloaded after import = 1
========================================================================
Received Import Request.
  Time since last request: 0.000010 seconds.
  path: Assets/PlayMaker/Actions/RenderSettings/SetHaloStrength.cs
  artifactKey: Guid(dfa3230224ccfea46b26c5cba7cbea76) Importer(2089858483,0ecaa5967403d082aa24f35e1b516d23)
Start importing Assets/PlayMaker/Actions/RenderSettings/SetHaloStrength.cs using Guid(dfa3230224ccfea46b26c5cba7cbea76) Importer(2089858483,0ecaa5967403d082aa24f35e1b516d23)  -> (artifact id: '289510cc93d9aed15e5fa95bbc2e5968') in 0.011295 seconds
Number of updated asset objects reloaded before import = 0
Number of asset objects unloaded after import = 1
========================================================================
Received Import Request.
  Time since last request: 0.000008 seconds.
  path: Assets/PlayMaker/Actions/SpriteRenderer/SetSpriteFlip.cs
  artifactKey: Guid(b94dfd5ca03f61b42a7d88945779bb70) Importer(2089858483,0ecaa5967403d082aa24f35e1b516d23)
Start importing Assets/PlayMaker/Actions/SpriteRenderer/SetSpriteFlip.cs using Guid(b94dfd5ca03f61b42a7d88945779bb70) Importer(2089858483,0ecaa5967403d082aa24f35e1b516d23)  -> (artifact id: 'd65e019aa310c88775afb461fb41f62e') in 0.013858 seconds
Number of updated asset objects reloaded before import = 0
Number of asset objects unloaded after import = 1
========================================================================
Received Import Request.
  Time since last request: 0.000010 seconds.
  path: Assets/PlayMaker/Actions/ScriptControl/AddScript.cs
  artifactKey: Guid(3963d96ed74c6f647897199a48079bfa) Importer(2089858483,0ecaa5967403d082aa24f35e1b516d23)
Start importing Assets/PlayMaker/Actions/ScriptControl/AddScript.cs using Guid(3963d96ed74c6f647897199a48079bfa) Importer(2089858483,0ecaa5967403d082aa24f35e1b516d23)  -> (artifact id: '70e69c53e21ea44dde7dfbe08bc29840') in 0.013828 seconds
Number of updated asset objects reloaded before import = 0
Number of asset objects unloaded after import = 1
========================================================================
Received Import Request.
  Time since last request: 0.000010 seconds.
  path: Assets/PlayMaker/Actions/Transform/SetPosition.cs
  artifactKey: Guid(3601e653be2a11b478f2d632c6354ea0) Importer(2089858483,0ecaa5967403d082aa24f35e1b516d23)
Start importing Assets/PlayMaker/Actions/Transform/SetPosition.cs using Guid(3601e653be2a11b478f2d632c6354ea0) Importer(2089858483,0ecaa5967403d082aa24f35e1b516d23)  -> (artifact id: 'cdf818a0e0866372951b046c87caf18c') in 0.012044 seconds
Number of updated asset objects reloaded before import = 0
Number of asset objects unloaded after import = 1
========================================================================
Received Import Request.
  Time since last request: 0.000010 seconds.
  path: Assets/PlayMaker/Actions/UI/UiInputFieldSetHideMobileInput.cs
  artifactKey: Guid(df3f61da7452a8341af076577815b922) Importer(2089858483,0ecaa5967403d082aa24f35e1b516d23)
Start importing Assets/PlayMaker/Actions/UI/UiInputFieldSetHideMobileInput.cs using Guid(df3f61da7452a8341af076577815b922) Importer(2089858483,0ecaa5967403d082aa24f35e1b516d23)  -> (artifact id: '29c034cb0d2e0b67fda2fd4a20855b33') in 0.015205 seconds
Number of updated asset objects reloaded before import = 0
Number of asset objects unloaded after import = 1
========================================================================
Received Import Request.
  Time since last request: 0.000010 seconds.
  path: Assets/PlayMaker/Actions/Time/GetSystemDateTime.cs
  artifactKey: Guid(1e02d3f4a1dc5364babb74da3ffd080b) Importer(2089858483,0ecaa5967403d082aa24f35e1b516d23)
Start importing Assets/PlayMaker/Actions/Time/GetSystemDateTime.cs using Guid(1e02d3f4a1dc5364babb74da3ffd080b) Importer(2089858483,0ecaa5967403d082aa24f35e1b516d23)  -> (artifact id: '84aa5cbc11a06d0457414bf1a785eb17') in 0.013559 seconds
Number of updated asset objects reloaded before import = 0
Number of asset objects unloaded after import = 1
========================================================================
Received Import Request.
  Time since last request: 0.000012 seconds.
  path: Assets/PlayMaker/Actions/StateMachine/BroadcastEvent.cs
  artifactKey: Guid(20931335db4ccb64db86c9d91dce2617) Importer(2089858483,0ecaa5967403d082aa24f35e1b516d23)
Start importing Assets/PlayMaker/Actions/StateMachine/BroadcastEvent.cs using Guid(20931335db4ccb64db86c9d91dce2617) Importer(2089858483,0ecaa5967403d082aa24f35e1b516d23)  -> (artifact id: '9d5605556d2d7dea180085cc269f903f') in 0.012159 seconds
Number of updated asset objects reloaded before import = 0
Number of asset objects unloaded after import = 1
========================================================================
Received Import Request.
  Time since last request: 0.000010 seconds.
  path: Assets/PlayMaker/Actions/Vector3/Vector3RotateTowards.cs
  artifactKey: Guid(a5b29ac92feb00644b7eff46dd53d051) Importer(2089858483,0ecaa5967403d082aa24f35e1b516d23)
Start importing Assets/PlayMaker/Actions/Vector3/Vector3RotateTowards.cs using Guid(a5b29ac92feb00644b7eff46dd53d051) Importer(2089858483,0ecaa5967403d082aa24f35e1b516d23)  -> (artifact id: 'b6ae9aa791b8235a80849116b6a0a792') in 0.012775 seconds
Number of updated asset objects reloaded before import = 0
Number of asset objects unloaded after import = 1
========================================================================
Received Import Request.
  Time since last request: 0.000010 seconds.
  path: Assets/PlayMaker/Actions/ScriptControl/AxisEvent.cs
  artifactKey: Guid(8d4cd11ae3f42fd4e9a59b650d252475) Importer(2089858483,0ecaa5967403d082aa24f35e1b516d23)
Start importing Assets/PlayMaker/Actions/ScriptControl/AxisEvent.cs using Guid(8d4cd11ae3f42fd4e9a59b650d252475) Importer(2089858483,0ecaa5967403d082aa24f35e1b516d23)  -> (artifact id: 'ec1b22908322d53f842e6cbe8c183272') in 0.014584 seconds
Number of updated asset objects reloaded before import = 0
Number of asset objects unloaded after import = 1
========================================================================
Received Import Request.
  Time since last request: 0.000009 seconds.
  path: Assets/PlayMaker/Actions/StateMachine/GetLastEvent.cs
  artifactKey: Guid(7f812896d24109f44959a5f3cb41bb5f) Importer(2089858483,0ecaa5967403d082aa24f35e1b516d23)
Start importing Assets/PlayMaker/Actions/StateMachine/GetLastEvent.cs using Guid(7f812896d24109f44959a5f3cb41bb5f) Importer(2089858483,0ecaa5967403d082aa24f35e1b516d23)  -> (artifact id: 'e1a5f1083296e3e471ca73ff263b4a6e') in 0.013248 seconds
Number of updated asset objects reloaded before import = 0
Number of asset objects unloaded after import = 1
========================================================================
Received Import Request.
  Time since last request: 0.000008 seconds.
  path: Assets/PlayMaker/Actions/StateMachine/SetFsmFloat.cs
  artifactKey: Guid(5ecdd691c2c7b38478ad552d728ba1e0) Importer(2089858483,0ecaa5967403d082aa24f35e1b516d23)
Start importing Assets/PlayMaker/Actions/StateMachine/SetFsmFloat.cs using Guid(5ecdd691c2c7b38478ad552d728ba1e0) Importer(2089858483,0ecaa5967403d082aa24f35e1b516d23)  -> (artifact id: '08813313f13bb573e3d960526ed60f74') in 0.014122 seconds
Number of updated asset objects reloaded before import = 0
Number of asset objects unloaded after import = 1
========================================================================
Received Import Request.
  Time since last request: 0.000009 seconds.
  path: Assets/PlayMaker/Actions/Vector2/Vector2Normalize.cs
  artifactKey: Guid(8a628084b2b4f4d19a367cedaa12154e) Importer(2089858483,0ecaa5967403d082aa24f35e1b516d23)
Start importing Assets/PlayMaker/Actions/Vector2/Vector2Normalize.cs using Guid(8a628084b2b4f4d19a367cedaa12154e) Importer(2089858483,0ecaa5967403d082aa24f35e1b516d23)  -> (artifact id: 'a8663ec89f606d04390bbcacea1ab2ff') in 0.015275 seconds
Number of updated asset objects reloaded before import = 0
Number of asset objects unloaded after import = 1
========================================================================
Received Import Request.
  Time since last request: 0.000009 seconds.
  path: Assets/PlayMaker/Actions/ScriptControl/StartCoroutine.cs
  artifactKey: Guid(842057c7f39d18e409aa991699964102) Importer(2089858483,0ecaa5967403d082aa24f35e1b516d23)
Start importing Assets/PlayMaker/Actions/ScriptControl/StartCoroutine.cs using Guid(842057c7f39d18e409aa991699964102) Importer(2089858483,0ecaa5967403d082aa24f35e1b516d23)  -> (artifact id: 'cce5ca9b4e22951c2b8f4a2d6e0bac89') in 0.012159 seconds
Number of updated asset objects reloaded before import = 0
Number of asset objects unloaded after import = 1
========================================================================
Received Import Request.
  Time since last request: 0.000010 seconds.
  path: Assets/PlayMaker/Actions/SceneManager/LoadSceneAsynch.cs
  artifactKey: Guid(00b2eb35e8ce945939c6d18826e53e22) Importer(2089858483,0ecaa5967403d082aa24f35e1b516d23)
Start importing Assets/PlayMaker/Actions/SceneManager/LoadSceneAsynch.cs using Guid(00b2eb35e8ce945939c6d18826e53e22) Importer(2089858483,0ecaa5967403d082aa24f35e1b516d23)  -> (artifact id: 'fe0fe27bd6b340868e0dc2f1dea9b949') in 0.012747 seconds
Number of updated asset objects reloaded before import = 0
Number of asset objects unloaded after import = 1
========================================================================
Received Import Request.
  Time since last request: 0.000017 seconds.
  path: Assets/PlayMaker/Actions/SceneManager/GetSceneRootGameObjects.cs
  artifactKey: Guid(0dd17d5d40b304466a45f1102fd319dd) Importer(2089858483,0ecaa5967403d082aa24f35e1b516d23)
Start importing Assets/PlayMaker/Actions/SceneManager/GetSceneRootGameObjects.cs using Guid(0dd17d5d40b304466a45f1102fd319dd) Importer(2089858483,0ecaa5967403d082aa24f35e1b516d23)  -> (artifact id: 'f3d1ec445d82fa1ed94e715c8a4a186a') in 0.013691 seconds
Number of updated asset objects reloaded before import = 0
Number of asset objects unloaded after import = 1
========================================================================
Received Import Request.
  Time since last request: 0.000010 seconds.
  path: Assets/PlayMaker/Actions/String/SelectRandomString.cs
  artifactKey: Guid(2aa2969464467894fadeaa9c413e447f) Importer(2089858483,0ecaa5967403d082aa24f35e1b516d23)
Start importing Assets/PlayMaker/Actions/String/SelectRandomString.cs using Guid(2aa2969464467894fadeaa9c413e447f) Importer(2089858483,0ecaa5967403d082aa24f35e1b516d23)  -> (artifact id: 'e996bd8a6438774496cb681f730efd15') in 0.011434 seconds
Number of updated asset objects reloaded before import = 0
Number of asset objects unloaded after import = 1
========================================================================
Received Import Request.
  Time since last request: 0.000009 seconds.
  path: Assets/PlayMaker/Actions/UI/UiInputFieldGetCharacterLimit.cs
  artifactKey: Guid(f0faaa4e74b7f4847bd05b47fe80e392) Importer(2089858483,0ecaa5967403d082aa24f35e1b516d23)
Start importing Assets/PlayMaker/Actions/UI/UiInputFieldGetCharacterLimit.cs using Guid(f0faaa4e74b7f4847bd05b47fe80e392) Importer(2089858483,0ecaa5967403d082aa24f35e1b516d23)  -> (artifact id: '6c8d44af9120d287ed20dcdbac6fe423') in 0.015940 seconds
Number of updated asset objects reloaded before import = 0
Number of asset objects unloaded after import = 1
========================================================================
Received Import Request.
  Time since last request: 0.000011 seconds.
  path: Assets/PlayMaker/Actions/Transform/GetScale.cs
  artifactKey: Guid(fc555f986aa1bc7498bc9cf99b97a38d) Importer(2089858483,0ecaa5967403d082aa24f35e1b516d23)
Start importing Assets/PlayMaker/Actions/Transform/GetScale.cs using Guid(fc555f986aa1bc7498bc9cf99b97a38d) Importer(2089858483,0ecaa5967403d082aa24f35e1b516d23)  -> (artifact id: 'f586d19cb6d3c8e911df31e8209765ac') in 0.012476 seconds
Number of updated asset objects reloaded before import = 0
Number of asset objects unloaded after import = 1
========================================================================
Received Import Request.
  Time since last request: 0.000008 seconds.
  path: Assets/PlayMaker/Actions/StateMachine/GetPreviousStateName.cs
  artifactKey: Guid(c36954e78645b0b48ae925a44d2de0f9) Importer(2089858483,0ecaa5967403d082aa24f35e1b516d23)
Start importing Assets/PlayMaker/Actions/StateMachine/GetPreviousStateName.cs using Guid(c36954e78645b0b48ae925a44d2de0f9) Importer(2089858483,0ecaa5967403d082aa24f35e1b516d23)  -> (artifact id: 'f23edbcd22ba21a44daa331b3580ca35') in 0.013464 seconds
Number of updated asset objects reloaded before import = 0
Number of asset objects unloaded after import = 1
========================================================================
Received Import Request.
  Time since last request: 0.000010 seconds.
  path: Assets/PlayMaker/Actions/StateMachine/GetFsmState.cs
  artifactKey: Guid(fd5aac683074ad74dbc7b5f19fe2ee26) Importer(2089858483,0ecaa5967403d082aa24f35e1b516d23)
Start importing Assets/PlayMaker/Actions/StateMachine/GetFsmState.cs using Guid(fd5aac683074ad74dbc7b5f19fe2ee26) Importer(2089858483,0ecaa5967403d082aa24f35e1b516d23)  -> (artifact id: 'fa1447fd76efbb533f585f29a0c13054') in 0.011898 seconds
Number of updated asset objects reloaded before import = 0
Number of asset objects unloaded after import = 1
========================================================================
Received Import Request.
  Time since last request: 0.000008 seconds.
  path: Assets/PlayMaker/Actions/String/GetStringLength.cs
  artifactKey: Guid(0f06dd4128a98404dbbd0c144563f449) Importer(2089858483,0ecaa5967403d082aa24f35e1b516d23)
Start importing Assets/PlayMaker/Actions/String/GetStringLength.cs using Guid(0f06dd4128a98404dbbd0c144563f449) Importer(2089858483,0ecaa5967403d082aa24f35e1b516d23)  -> (artifact id: 'e65850e9f2e413949c8a7b5f812f3136') in 0.012846 seconds
Number of updated asset objects reloaded before import = 0
Number of asset objects unloaded after import = 1
========================================================================
Received Import Request.
  Time since last request: 0.000008 seconds.
  path: Assets/PlayMaker/Actions/SceneManager/GetSceneIsValid.cs
  artifactKey: Guid(41c9514e1366a44abb9c57101a320bb6) Importer(2089858483,0ecaa5967403d082aa24f35e1b516d23)
Start importing Assets/PlayMaker/Actions/SceneManager/GetSceneIsValid.cs using Guid(41c9514e1366a44abb9c57101a320bb6) Importer(2089858483,0ecaa5967403d082aa24f35e1b516d23)  -> (artifact id: 'cedcf7c6ba983497509d98370bc72fcf') in 0.014912 seconds
Number of updated asset objects reloaded before import = 0
Number of asset objects unloaded after import = 1
========================================================================
Received Import Request.
  Time since last request: 0.000010 seconds.
  path: Assets/PlayMaker/Actions/StateMachine/EnableFSM.cs
  artifactKey: Guid(bff36e3d590ced345ab5630c02bde143) Importer(2089858483,0ecaa5967403d082aa24f35e1b516d23)
Start importing Assets/PlayMaker/Actions/StateMachine/EnableFSM.cs using Guid(bff36e3d590ced345ab5630c02bde143) Importer(2089858483,0ecaa5967403d082aa24f35e1b516d23)  -> (artifact id: '7a279d0ca75454e3c324995e216ce2f5') in 0.015090 seconds
Number of updated asset objects reloaded before import = 0
Number of asset objects unloaded after import = 1
========================================================================
Received Import Request.
  Time since last request: 0.000010 seconds.
  path: Assets/PlayMaker/Actions/SpriteRenderer/SetSpriteMaskInteraction.cs
  artifactKey: Guid(76876c4758947cc4eb9eeb61919f693b) Importer(2089858483,0ecaa5967403d082aa24f35e1b516d23)
Start importing Assets/PlayMaker/Actions/SpriteRenderer/SetSpriteMaskInteraction.cs using Guid(76876c4758947cc4eb9eeb61919f693b) Importer(2089858483,0ecaa5967403d082aa24f35e1b516d23)  -> (artifact id: '4885b7870968f209237f80f579f0f4da') in 0.016197 seconds
Number of updated asset objects reloaded before import = 0
Number of asset objects unloaded after import = 1
========================================================================
Received Import Request.
  Time since last request: 0.000008 seconds.
  path: Assets/PlayMaker/Actions/UI/UiDropDownAddOptions.cs
  artifactKey: Guid(db599ae947dea76439c4ddc617bd4df0) Importer(2089858483,0ecaa5967403d082aa24f35e1b516d23)
Start importing Assets/PlayMaker/Actions/UI/UiDropDownAddOptions.cs using Guid(db599ae947dea76439c4ddc617bd4df0) Importer(2089858483,0ecaa5967403d082aa24f35e1b516d23)  -> (artifact id: '2eb1740e332842c5376d6b2363c164db') in 0.012091 seconds
Number of updated asset objects reloaded before import = 0
Number of asset objects unloaded after import = 1
========================================================================
Received Import Request.
  Time since last request: 0.000010 seconds.
  path: Assets/PlayMaker/Actions/Tween/TweenVector2.cs
  artifactKey: Guid(9600021bcc2ae074290a6f6f856a23b0) Importer(2089858483,0ecaa5967403d082aa24f35e1b516d23)
Start importing Assets/PlayMaker/Actions/Tween/TweenVector2.cs using Guid(9600021bcc2ae074290a6f6f856a23b0) Importer(2089858483,0ecaa5967403d082aa24f35e1b516d23)  -> (artifact id: 'eb345edff0bb88994ff0eb6c0de78bf9') in 0.013933 seconds
Number of updated asset objects reloaded before import = 0
Number of asset objects unloaded after import = 1
========================================================================
Received Import Request.
  Time since last request: 0.000010 seconds.
  path: Assets/PlayMaker/Actions/SpriteRenderer/GetSpriteMaskInteraction.cs
  artifactKey: Guid(f1e1a79b8272c784fbd9719d8f1bfe80) Importer(2089858483,0ecaa5967403d082aa24f35e1b516d23)
Start importing Assets/PlayMaker/Actions/SpriteRenderer/GetSpriteMaskInteraction.cs using Guid(f1e1a79b8272c784fbd9719d8f1bfe80) Importer(2089858483,0ecaa5967403d082aa24f35e1b516d23)  -> (artifact id: 'edc5ccd8b4b3b07d8b93d1f086bf7289') in 0.014406 seconds
Number of updated asset objects reloaded before import = 0
Number of asset objects unloaded after import = 1
========================================================================
Received Import Request.
  Time since last request: 0.000010 seconds.
  path: Assets/PlayMaker/Actions/Vector3/Vector3HighPassFilter.cs
  artifactKey: Guid(ffd5472b9aee11747aed59bf927525bd) Importer(2089858483,0ecaa5967403d082aa24f35e1b516d23)
Start importing Assets/PlayMaker/Actions/Vector3/Vector3HighPassFilter.cs using Guid(ffd5472b9aee11747aed59bf927525bd) Importer(2089858483,0ecaa5967403d082aa24f35e1b516d23)  -> (artifact id: '7b61cc84b7eb30203167b5d2d05b191e') in 0.015135 seconds
Number of updated asset objects reloaded before import = 0
Number of asset objects unloaded after import = 1
========================================================================
Received Import Request.
  Time since last request: 0.000010 seconds.
  path: Assets/PlayMaker/Actions/VideoClip/VideoClipGetLength.cs
  artifactKey: Guid(680370f73b4aa44c697d8daa612dcaaa) Importer(2089858483,0ecaa5967403d082aa24f35e1b516d23)
Start importing Assets/PlayMaker/Actions/VideoClip/VideoClipGetLength.cs using Guid(680370f73b4aa44c697d8daa612dcaaa) Importer(2089858483,0ecaa5967403d082aa24f35e1b516d23)  -> (artifact id: '87e67c03cccb30ca3ac786870ba8895f') in 0.013357 seconds
Number of updated asset objects reloaded before import = 0
Number of asset objects unloaded after import = 1
========================================================================
Received Import Request.
  Time since last request: 0.000010 seconds.
  path: Assets/PlayMaker/Actions/UI/UiScrollRectSetVertical.cs
  artifactKey: Guid(5e54c8a36b73ead4b911afd2ef78606d) Importer(2089858483,0ecaa5967403d082aa24f35e1b516d23)
Start importing Assets/PlayMaker/Actions/UI/UiScrollRectSetVertical.cs using Guid(5e54c8a36b73ead4b911afd2ef78606d) Importer(2089858483,0ecaa5967403d082aa24f35e1b516d23)  -> (artifact id: '3bf5df99a42d113f9b94f27bd8b46715') in 0.014347 seconds
Number of updated asset objects reloaded before import = 0
Number of asset objects unloaded after import = 1
========================================================================
Received Import Request.
  Time since last request: 0.000010 seconds.
  path: Assets/PlayMaker/Actions/Vector3/SetVector3Value.cs
  artifactKey: Guid(3c671497bd752ed41af27ef70b33c580) Importer(2089858483,0ecaa5967403d082aa24f35e1b516d23)
Start importing Assets/PlayMaker/Actions/Vector3/SetVector3Value.cs using Guid(3c671497bd752ed41af27ef70b33c580) Importer(2089858483,0ecaa5967403d082aa24f35e1b516d23)  -> (artifact id: '8f60b135d0a9a3ca5edc94ade0d02868') in 0.014961 seconds
Number of updated asset objects reloaded before import = 0
Number of asset objects unloaded after import = 1
========================================================================
Received Import Request.
  Time since last request: 0.000017 seconds.
  path: Assets/PlayMaker/Actions/Vector3/Vector3PerSecond.cs
  artifactKey: Guid(9140c048698ac8f4f86fbff73ea4d335) Importer(2089858483,0ecaa5967403d082aa24f35e1b516d23)
Start importing Assets/PlayMaker/Actions/Vector3/Vector3PerSecond.cs using Guid(9140c048698ac8f4f86fbff73ea4d335) Importer(2089858483,0ecaa5967403d082aa24f35e1b516d23)  -> (artifact id: '90e23ba4f79c33bbefa4d0deaf342a52') in 0.013454 seconds
Number of updated asset objects reloaded before import = 0
Number of asset objects unloaded after import = 1
========================================================================
Received Import Request.
  Time since last request: 0.000018 seconds.
  path: Assets/PlayMaker/Actions/Tween/TweenVector3.cs
  artifactKey: Guid(9446dd86ffa8cff41bfc316d95a420c7) Importer(2089858483,0ecaa5967403d082aa24f35e1b516d23)
Start importing Assets/PlayMaker/Actions/Tween/TweenVector3.cs using Guid(9446dd86ffa8cff41bfc316d95a420c7) Importer(2089858483,0ecaa5967403d082aa24f35e1b516d23)  -> (artifact id: '8caf74e977b021ea1eafd619bab480c3') in 0.013747 seconds
Number of updated asset objects reloaded before import = 0
Number of asset objects unloaded after import = 1
========================================================================
Received Import Request.
  Time since last request: 0.000009 seconds.
  path: Assets/PlayMaker/Actions/UI/UiInputFieldOnEndEditEvent.cs
  artifactKey: Guid(bf7cbed3484b10d4c8382f1bffab742a) Importer(2089858483,0ecaa5967403d082aa24f35e1b516d23)
Start importing Assets/PlayMaker/Actions/UI/UiInputFieldOnEndEditEvent.cs using Guid(bf7cbed3484b10d4c8382f1bffab742a) Importer(2089858483,0ecaa5967403d082aa24f35e1b516d23)  -> (artifact id: 'eb4eb3717754902258c639f4d8e84c8d') in 0.012653 seconds
Number of updated asset objects reloaded before import = 0
Number of asset objects unloaded after import = 1
========================================================================
Received Import Request.
  Time since last request: 0.442543 seconds.
  path: Assets/PlayMaker/Actions/VideoPlayer/VideoPlayerGetCanSetSkipOnDrop.cs
  artifactKey: Guid(f106fa5ee1ce948b490ba9107d65b779) Importer(2089858483,0ecaa5967403d082aa24f35e1b516d23)
Start importing Assets/PlayMaker/Actions/VideoPlayer/VideoPlayerGetCanSetSkipOnDrop.cs using Guid(f106fa5ee1ce948b490ba9107d65b779) Importer(2089858483,0ecaa5967403d082aa24f35e1b516d23)  -> (artifact id: '2efcc0758d4a1885989fed58f394068e') in 0.016209 seconds
Number of updated asset objects reloaded before import = 0
Number of asset objects unloaded after import = 1
========================================================================
Received Import Request.
  Time since last request: 0.000009 seconds.
  path: Assets/PlayMaker/Editor/Resources/linkForums.png
  artifactKey: Guid(1f42c8e9076b1c04297aee75ba4c08ef) Importer(2089858483,0ecaa5967403d082aa24f35e1b516d23)
Start importing Assets/PlayMaker/Editor/Resources/linkForums.png using Guid(1f42c8e9076b1c04297aee75ba4c08ef) Importer(2089858483,0ecaa5967403d082aa24f35e1b516d23)  -> (artifact id: 'f417f096a3e5ef74b79b7bcf42e80c11') in 0.019312 seconds
Number of updated asset objects reloaded before import = 0
Number of asset objects unloaded after import = 1
========================================================================
Received Import Request.
  Time since last request: 0.000009 seconds.
  path: Assets/UniGLTF/UniHumanoid/doc/humanoid.gif
  artifactKey: Guid(81969f93770cf844eab1f4137fefe07e) Importer(2089858483,0ecaa5967403d082aa24f35e1b516d23)
Start importing Assets/UniGLTF/UniHumanoid/doc/humanoid.gif using Guid(81969f93770cf844eab1f4137fefe07e) Importer(2089858483,0ecaa5967403d082aa24f35e1b516d23)  -> (artifact id: 'a5c609ef5280b3a3453e94169e4bcee3') in 0.025455 seconds
Number of updated asset objects reloaded before import = 0
Number of asset objects unloaded after import = 1
========================================================================
Received Import Request.
  Time since last request: 0.000011 seconds.
  path: Assets/UniGLTF/DepthFirstScheduler/Scheduler/StepScheduler.cs
  artifactKey: Guid(84161938c020c37419bc79f021f849fb) Importer(2089858483,0ecaa5967403d082aa24f35e1b516d23)
Start importing Assets/UniGLTF/DepthFirstScheduler/Scheduler/StepScheduler.cs using Guid(84161938c020c37419bc79f021f849fb) Importer(2089858483,0ecaa5967403d082aa24f35e1b516d23)  -> (artifact id: '33bf5a67f63f3d3840f68195fbb3a97a') in 0.015778 seconds
Number of updated asset objects reloaded before import = 0
Number of asset objects unloaded after import = 1
========================================================================
Received Import Request.
  Time since last request: 0.000010 seconds.
  path: Assets/PlayMaker/Actions/VideoPlayer/VideoPlayerPlay.cs
  artifactKey: Guid(b7a631f7e1a594850a713bf95bdbdd87) Importer(2089858483,0ecaa5967403d082aa24f35e1b516d23)
Start importing Assets/PlayMaker/Actions/VideoPlayer/VideoPlayerPlay.cs using Guid(b7a631f7e1a594850a713bf95bdbdd87) Importer(2089858483,0ecaa5967403d082aa24f35e1b516d23)  -> (artifact id: '7f4f9a2b6dbc2ee189f1b27fdce2d137') in 0.011495 seconds
Number of updated asset objects reloaded before import = 0
Number of asset objects unloaded after import = 1
========================================================================
Received Import Request.
  Time since last request: 0.000010 seconds.
  path: Assets/STYLY_Plugin/STYLY_ImmersalUI/Example/ImmersalExample.prefab
  artifactKey: Guid(92bb47ed57b8f4b039ec1dcd1021afa1) Importer(2089858483,0ecaa5967403d082aa24f35e1b516d23)
Start importing Assets/STYLY_Plugin/STYLY_ImmersalUI/Example/ImmersalExample.prefab using Guid(92bb47ed57b8f4b039ec1dcd1021afa1) Importer(2089858483,0ecaa5967403d082aa24f35e1b516d23)  -> (artifact id: '7e142d922b6f7f8fe437caeacab3d280') in 0.065280 seconds
Number of updated asset objects reloaded before import = 0
Number of asset objects unloaded after import = 282
========================================================================
Received Import Request.
  Time since last request: 0.000014 seconds.
  path: Assets/UniGLTF/UniHumanoid/doc/BoneMappingGizmo.png
  artifactKey: Guid(f4993bbf703729441869ce8186574f2b) Importer(2089858483,0ecaa5967403d082aa24f35e1b516d23)
Start importing Assets/UniGLTF/UniHumanoid/doc/BoneMappingGizmo.png using Guid(f4993bbf703729441869ce8186574f2b) Importer(2089858483,0ecaa5967403d082aa24f35e1b516d23)  -> (artifact id: '29f8db937569cc3a19ae4264d4cb9820') in 0.025232 seconds
Number of updated asset objects reloaded before import = 0
Number of asset objects unloaded after import = 1
========================================================================
Received Import Request.
  Time since last request: 0.000015 seconds.
  path: Assets/PlayMaker/Actions/Animator/Editor/GetAnimatorBoneGameObjectActionEditor.cs
  artifactKey: Guid(7016201662a0f43ef90cdc27ef28d2f3) Importer(2089858483,0ecaa5967403d082aa24f35e1b516d23)
Start importing Assets/PlayMaker/Actions/Animator/Editor/GetAnimatorBoneGameObjectActionEditor.cs using Guid(7016201662a0f43ef90cdc27ef28d2f3) Importer(2089858483,0ecaa5967403d082aa24f35e1b516d23)  -> (artifact id: '313171c847dad560f5af6dfa7504a091') in 0.012150 seconds
Number of updated asset objects reloaded before import = 0
Number of asset objects unloaded after import = 1
========================================================================
Received Import Request.
  Time since last request: 0.000012 seconds.
  path: Assets/PlayMaker/Editor/Watermarks/MoneyBag.png
  artifactKey: Guid(20fef5b4a54567348ae4652da2868204) Importer(2089858483,0ecaa5967403d082aa24f35e1b516d23)
Start importing Assets/PlayMaker/Editor/Watermarks/MoneyBag.png using Guid(20fef5b4a54567348ae4652da2868204) Importer(2089858483,0ecaa5967403d082aa24f35e1b516d23)  -> (artifact id: '5b05bfd7333a65809a03bf1663d23e82') in 0.020889 seconds
Number of updated asset objects reloaded before import = 0
Number of asset objects unloaded after import = 1
========================================================================
Received Import Request.
  Time since last request: 0.000024 seconds.
  path: Assets/PlayMaker/Actions/VideoPlayer/VideoPlayerGetSource.cs
  artifactKey: Guid(8f8d318acc49b4a3fa9f32dab74f730b) Importer(2089858483,0ecaa5967403d082aa24f35e1b516d23)
Start importing Assets/PlayMaker/Actions/VideoPlayer/VideoPlayerGetSource.cs using Guid(8f8d318acc49b4a3fa9f32dab74f730b) Importer(2089858483,0ecaa5967403d082aa24f35e1b516d23)  -> (artifact id: '51ec0dcc091b06cc78095e9db482538b') in 0.012561 seconds
Number of updated asset objects reloaded before import = 0
Number of asset objects unloaded after import = 1
========================================================================
Received Import Request.
  Time since last request: 0.000010 seconds.
  path: Assets/PolyTope_VoxelWorld_Animals/Content/Models/mod_prop_animal_fox.fbx
  artifactKey: Guid(6dc2ea8cf99278840ae64d502e6bd57a) Importer(2089858483,0ecaa5967403d082aa24f35e1b516d23)
Start importing Assets/PolyTope_VoxelWorld_Animals/Content/Models/mod_prop_animal_fox.fbx using Guid(6dc2ea8cf99278840ae64d502e6bd57a) Importer(2089858483,0ecaa5967403d082aa24f35e1b516d23)  -> (artifact id: 'cedc012ee2d49aabe61c65c867a0538b') in 0.020156 seconds
Number of updated asset objects reloaded before import = 0
Number of asset objects unloaded after import = 7
========================================================================
Received Import Request.
  Time since last request: 0.000010 seconds.
  path: Assets/PlayMaker/Editor/Watermarks/Rows.png
  artifactKey: Guid(3bc1fb38ffb4f2145afbb92ae706f329) Importer(2089858483,0ecaa5967403d082aa24f35e1b516d23)
Start importing Assets/PlayMaker/Editor/Watermarks/Rows.png using Guid(3bc1fb38ffb4f2145afbb92ae706f329) Importer(2089858483,0ecaa5967403d082aa24f35e1b516d23)  -> (artifact id: '5aebdcb94fb5134569e7421c144cd49e') in 0.019233 seconds
Number of updated asset objects reloaded before import = 0
Number of asset objects unloaded after import = 1
========================================================================
Received Import Request.
  Time since last request: 0.000011 seconds.
  path: Assets/UniGLTF/UniHumanoid/Scripts/Skeleton.cs
  artifactKey: Guid(883d8b6e07cbda24384ce65d613d128e) Importer(2089858483,0ecaa5967403d082aa24f35e1b516d23)
Start importing Assets/UniGLTF/UniHumanoid/Scripts/Skeleton.cs using Guid(883d8b6e07cbda24384ce65d613d128e) Importer(2089858483,0ecaa5967403d082aa24f35e1b516d23)  -> (artifact id: '1cc183febf0a185ab6720472b8ab6ba2') in 0.012037 seconds
Number of updated asset objects reloaded before import = 0
Number of asset objects unloaded after import = 1
========================================================================
Received Import Request.
  Time since last request: 0.000009 seconds.
  path: Assets/UniGLTF/UniJSON/Scripts/FormatterExtensions.cs
  artifactKey: Guid(eb87cc122742d7544b818c171b15f746) Importer(2089858483,0ecaa5967403d082aa24f35e1b516d23)
Start importing Assets/UniGLTF/UniJSON/Scripts/FormatterExtensions.cs using Guid(eb87cc122742d7544b818c171b15f746) Importer(2089858483,0ecaa5967403d082aa24f35e1b516d23)  -> (artifact id: 'b94da33bfe23ff2567f2739970c57818') in 0.013648 seconds
Number of updated asset objects reloaded before import = 0
Number of asset objects unloaded after import = 1
========================================================================
Received Import Request.
  Time since last request: 0.000010 seconds.
  path: Assets/UniGLTF/UniUnlit/Editor/UniUnlitEditor.cs
  artifactKey: Guid(4c70714358bb2fb4fa96ef08640763fd) Importer(2089858483,0ecaa5967403d082aa24f35e1b516d23)
Start importing Assets/UniGLTF/UniUnlit/Editor/UniUnlitEditor.cs using Guid(4c70714358bb2fb4fa96ef08640763fd) Importer(2089858483,0ecaa5967403d082aa24f35e1b516d23)  -> (artifact id: 'fdb834b4051d0728c6981b8a69d12906') in 0.013711 seconds
Number of updated asset objects reloaded before import = 0
Number of asset objects unloaded after import = 1
========================================================================
Received Import Request.
  Time since last request: 0.000010 seconds.
  path: Assets/PolyTope_VoxelWorld_Animals/Content/Models/mod_prop_animal_lion.fbx
  artifactKey: Guid(e213355039141224c8d6c92a4e57e7fc) Importer(2089858483,0ecaa5967403d082aa24f35e1b516d23)
Start importing Assets/PolyTope_VoxelWorld_Animals/Content/Models/mod_prop_animal_lion.fbx using Guid(e213355039141224c8d6c92a4e57e7fc) Importer(2089858483,0ecaa5967403d082aa24f35e1b516d23)  -> (artifact id: '5bac8bb33a15edf8df8df02c4efd9749') in 0.019059 seconds
Number of updated asset objects reloaded before import = 0
Number of asset objects unloaded after import = 7
========================================================================
Received Import Request.
  Time since last request: 0.000012 seconds.
  path: Assets/PlayMaker/Actions/VideoPlayer/VideoPlayerGetTargetTexture.cs
  artifactKey: Guid(5ad23dfd1cbd948a1b947ca6444ff73b) Importer(2089858483,0ecaa5967403d082aa24f35e1b516d23)
Start importing Assets/PlayMaker/Actions/VideoPlayer/VideoPlayerGetTargetTexture.cs using Guid(5ad23dfd1cbd948a1b947ca6444ff73b) Importer(2089858483,0ecaa5967403d082aa24f35e1b516d23)  -> (artifact id: 'a36f5747083742ecf1e1cd7365674dca') in 0.010450 seconds
Number of updated asset objects reloaded before import = 0
Number of asset objects unloaded after import = 1
========================================================================
Received Import Request.
  Time since last request: 0.000010 seconds.
  path: Assets/PlayMaker/Actions/VideoPlayer/VideoPlayerLoopPointReachedEvent.cs
  artifactKey: Guid(02b46e9e02a4d44bf895e1d4411d52ef) Importer(2089858483,0ecaa5967403d082aa24f35e1b516d23)
Start importing Assets/PlayMaker/Actions/VideoPlayer/VideoPlayerLoopPointReachedEvent.cs using Guid(02b46e9e02a4d44bf895e1d4411d52ef) Importer(2089858483,0ecaa5967403d082aa24f35e1b516d23)  -> (artifact id: 'e8c9838aba5fd170d8e8af80b1777789') in 0.012142 seconds
Number of updated asset objects reloaded before import = 0
Number of asset objects unloaded after import = 1
========================================================================
Received Import Request.
  Time since last request: 0.000010 seconds.
  path: Assets/PlayMaker/Editor/Watermarks/Crosshairs.png
  artifactKey: Guid(efb53602b01d8a14488b1124b167ec43) Importer(2089858483,0ecaa5967403d082aa24f35e1b516d23)
Start importing Assets/PlayMaker/Editor/Watermarks/Crosshairs.png using Guid(efb53602b01d8a14488b1124b167ec43) Importer(2089858483,0ecaa5967403d082aa24f35e1b516d23)  -> (artifact id: 'c888c0c26f6c0711c8f483d7aff67712') in 0.023236 seconds
Number of updated asset objects reloaded before import = 0
Number of asset objects unloaded after import = 1
========================================================================
Received Import Request.
  Time since last request: 0.000009 seconds.
  path: Assets/PlayMaker/Actions/Animator/Editor/GetAnimatorCurrentTransitionInfoIsUserNameActionEditor.cs
  artifactKey: Guid(b82f868d8d79e4446963165d7b7fe368) Importer(2089858483,0ecaa5967403d082aa24f35e1b516d23)
Start importing Assets/PlayMaker/Actions/Animator/Editor/GetAnimatorCurrentTransitionInfoIsUserNameActionEditor.cs using Guid(b82f868d8d79e4446963165d7b7fe368) Importer(2089858483,0ecaa5967403d082aa24f35e1b516d23)  -> (artifact id: 'c64859ec4ae3cbfd7a9f2aeb586cd370') in 0.012240 seconds
Number of updated asset objects reloaded before import = 0
Number of asset objects unloaded after import = 1
========================================================================
Received Import Request.
  Time since last request: 0.000010 seconds.
  path: Assets/PlayMaker/Editor/Resources/linkSamples.png
  artifactKey: Guid(7b8554e124fc8af40a2db0b397c948d3) Importer(2089858483,0ecaa5967403d082aa24f35e1b516d23)
Start importing Assets/PlayMaker/Editor/Resources/linkSamples.png using Guid(7b8554e124fc8af40a2db0b397c948d3) Importer(2089858483,0ecaa5967403d082aa24f35e1b516d23)  -> (artifact id: 'f9e80d0625fbfd1ada6513322ba7caa5') in 0.021971 seconds
Number of updated asset objects reloaded before import = 0
Number of asset objects unloaded after import = 1
========================================================================
Received Import Request.
  Time since last request: 0.000011 seconds.
  path: Assets/PlayMaker/Editor/Watermarks/Microphone.png
  artifactKey: Guid(9e676d4570d532c438b913bf934579f6) Importer(2089858483,0ecaa5967403d082aa24f35e1b516d23)
Start importing Assets/PlayMaker/Editor/Watermarks/Microphone.png using Guid(9e676d4570d532c438b913bf934579f6) Importer(2089858483,0ecaa5967403d082aa24f35e1b516d23)  -> (artifact id: '917ce9a6fb7a4d410cf4ca30b6f551cc') in 0.024605 seconds
Number of updated asset objects reloaded before import = 0
Number of asset objects unloaded after import = 1
========================================================================
Received Import Request.
  Time since last request: 0.000017 seconds.
  path: Assets/STYLY_Plugin/STYLY_Playmaker_CustomActions/StylyService/StylyServiceForPlayMakerARDetectorPart.cs
  artifactKey: Guid(40ef294101a6fef4995048a434f53ed6) Importer(2089858483,0ecaa5967403d082aa24f35e1b516d23)
Start importing Assets/STYLY_Plugin/STYLY_Playmaker_CustomActions/StylyService/StylyServiceForPlayMakerARDetectorPart.cs using Guid(40ef294101a6fef4995048a434f53ed6) Importer(2089858483,0ecaa5967403d082aa24f35e1b516d23)  -> (artifact id: '6440edbfee0d92092586788284409ea7') in 0.016220 seconds
Number of updated asset objects reloaded before import = 0
Number of asset objects unloaded after import = 1
========================================================================
Received Import Request.
  Time since last request: 0.000019 seconds.
  path: Assets/PlayMaker/Actions/Animator/Editor/GetAnimatorBoolActionEditor.cs
  artifactKey: Guid(c319a624316ec43e58ce312e218643d7) Importer(2089858483,0ecaa5967403d082aa24f35e1b516d23)
Start importing Assets/PlayMaker/Actions/Animator/Editor/GetAnimatorBoolActionEditor.cs using Guid(c319a624316ec43e58ce312e218643d7) Importer(2089858483,0ecaa5967403d082aa24f35e1b516d23)  -> (artifact id: '67c296b7e309a42c3d730ccb59912825') in 0.011827 seconds
Number of updated asset objects reloaded before import = 0
Number of asset objects unloaded after import = 1
========================================================================
Received Import Request.
  Time since last request: 0.000018 seconds.
  path: Assets/STYLY_Plugin/STYLY_ImmersalUI/Animations/ImageFinderCircle.controller
  artifactKey: Guid(5b882872d6d0da0439d2d164e2d8325d) Importer(2089858483,0ecaa5967403d082aa24f35e1b516d23)
Start importing Assets/STYLY_Plugin/STYLY_ImmersalUI/Animations/ImageFinderCircle.controller using Guid(5b882872d6d0da0439d2d164e2d8325d) Importer(2089858483,0ecaa5967403d082aa24f35e1b516d23)  -> (artifact id: '5784552c25c676e119b99c54ac640f0e') in 0.017824 seconds
Number of updated asset objects reloaded before import = 0
Number of asset objects unloaded after import = 4
========================================================================
Received Import Request.
  Time since last request: 0.000011 seconds.
  path: Assets/PlayMaker/Actions/Math/Editor/Vector2RandomValueEditor.cs
  artifactKey: Guid(2301f3fad0db6974b86ce120f29af53f) Importer(2089858483,0ecaa5967403d082aa24f35e1b516d23)
Start importing Assets/PlayMaker/Actions/Math/Editor/Vector2RandomValueEditor.cs using Guid(2301f3fad0db6974b86ce120f29af53f) Importer(2089858483,0ecaa5967403d082aa24f35e1b516d23)  -> (artifact id: '2995c07db0eee40c5d0f7bcd55533fbd') in 0.011815 seconds
Number of updated asset objects reloaded before import = 0
Number of asset objects unloaded after import = 1
========================================================================
Received Import Request.
  Time since last request: 0.000048 seconds.
  path: Assets/UniGLTF/UniHumanoid/PoseModifier/IPoseModifier.cs
  artifactKey: Guid(973f36da309a48d4ea3c5526a51e957f) Importer(2089858483,0ecaa5967403d082aa24f35e1b516d23)
Start importing Assets/UniGLTF/UniHumanoid/PoseModifier/IPoseModifier.cs using Guid(973f36da309a48d4ea3c5526a51e957f) Importer(2089858483,0ecaa5967403d082aa24f35e1b516d23)  -> (artifact id: 'c05ccaeacf516fbed41c163e5143a43c') in 0.013438 seconds
Number of updated asset objects reloaded before import = 0
Number of asset objects unloaded after import = 1
========================================================================
Received Import Request.
  Time since last request: 0.000010 seconds.
  path: Assets/PlayMaker/Actions/VideoPlayer/VideoPlayerSetSendFrameReadyEvents.cs
  artifactKey: Guid(516fd142a0f034296941f467a4fa16a7) Importer(2089858483,0ecaa5967403d082aa24f35e1b516d23)
Start importing Assets/PlayMaker/Actions/VideoPlayer/VideoPlayerSetSendFrameReadyEvents.cs using Guid(516fd142a0f034296941f467a4fa16a7) Importer(2089858483,0ecaa5967403d082aa24f35e1b516d23)  -> (artifact id: '33d519951f8415b0e00d0eb667cc9311') in 0.014508 seconds
Number of updated asset objects reloaded before import = 0
Number of asset objects unloaded after import = 1
========================================================================
Received Import Request.
  Time since last request: 0.000010 seconds.
  path: Assets/Plugins/PlayMaker/WP8/PlayMaker.dll.mdb
  artifactKey: Guid(c23ab214516ef56459b3bd90d9b1fec0) Importer(2089858483,0ecaa5967403d082aa24f35e1b516d23)
Start importing Assets/Plugins/PlayMaker/WP8/PlayMaker.dll.mdb using Guid(c23ab214516ef56459b3bd90d9b1fec0) Importer(2089858483,0ecaa5967403d082aa24f35e1b516d23)  -> (artifact id: 'd015a820ea9e31064aba89d29e0a1faa') in 0.009232 seconds
Number of updated asset objects reloaded before import = 0
Number of asset objects unloaded after import = 1
========================================================================
Received Import Request.
  Time since last request: 0.000010 seconds.
  path: Assets/STYLY_Plugin/Scripts/Editor/Utility.cs
  artifactKey: Guid(185ebc5a1754d3747bfbeef5d0d20cf3) Importer(2089858483,0ecaa5967403d082aa24f35e1b516d23)
Start importing Assets/STYLY_Plugin/Scripts/Editor/Utility.cs using Guid(185ebc5a1754d3747bfbeef5d0d20cf3) Importer(2089858483,0ecaa5967403d082aa24f35e1b516d23)  -> (artifact id: '1a3999a7b78aa4c7b121a8496840a403') in 0.012224 seconds
Number of updated asset objects reloaded before import = 0
Number of asset objects unloaded after import = 1
========================================================================
Received Import Request.
  Time since last request: 0.000094 seconds.
  path: Assets/STYLY_Plugin/STYLY_ImmersalUI/Sprites/image_finder01.png
  artifactKey: Guid(2223b9aebbeed7f4b8e8b28312c2bcb6) Importer(2089858483,0ecaa5967403d082aa24f35e1b516d23)
Start importing Assets/STYLY_Plugin/STYLY_ImmersalUI/Sprites/image_finder01.png using Guid(2223b9aebbeed7f4b8e8b28312c2bcb6) Importer(2089858483,0ecaa5967403d082aa24f35e1b516d23)  -> (artifact id: 'a06d596c8b0da3fd7c98862dd52a32e3') in 0.028616 seconds
Number of updated asset objects reloaded before import = 0
Number of asset objects unloaded after import = 3
========================================================================
Received Import Request.
  Time since last request: 0.000010 seconds.
  path: Assets/PlayMaker/Editor/Watermarks/LightBulb.png
  artifactKey: Guid(f52ce8280d679ff43a1a2d67e204d670) Importer(2089858483,0ecaa5967403d082aa24f35e1b516d23)
Start importing Assets/PlayMaker/Editor/Watermarks/LightBulb.png using Guid(f52ce8280d679ff43a1a2d67e204d670) Importer(2089858483,0ecaa5967403d082aa24f35e1b516d23)  -> (artifact id: '6ea4457aaa5c48068fef86821aa8d808') in 0.026648 seconds
Number of updated asset objects reloaded before import = 0
Number of asset objects unloaded after import = 1
========================================================================
Received Import Request.
  Time since last request: 0.000015 seconds.
  path: Assets/PlayMaker/Editor/Watermarks/Bomb.png
  artifactKey: Guid(08bc5569fa12d2542b2db6b9fb27116c) Importer(2089858483,0ecaa5967403d082aa24f35e1b516d23)
Start importing Assets/PlayMaker/Editor/Watermarks/Bomb.png using Guid(08bc5569fa12d2542b2db6b9fb27116c) Importer(2089858483,0ecaa5967403d082aa24f35e1b516d23)  -> (artifact id: '35692ec31d5dc5cbe3953a5dc308b937') in 0.023034 seconds
Number of updated asset objects reloaded before import = 0
Number of asset objects unloaded after import = 1
========================================================================
Received Import Request.
  Time since last request: 0.000012 seconds.
  path: Assets/PlayMaker/Actions/Animator/Editor/GetAnimatorGravityWeightActionEditor.cs
  artifactKey: Guid(97c1adb99041345a2b706883a0aa29f2) Importer(2089858483,0ecaa5967403d082aa24f35e1b516d23)
Start importing Assets/PlayMaker/Actions/Animator/Editor/GetAnimatorGravityWeightActionEditor.cs using Guid(97c1adb99041345a2b706883a0aa29f2) Importer(2089858483,0ecaa5967403d082aa24f35e1b516d23)  -> (artifact id: 'ffa7ec1447b42c2d5bb747b5ba0a2c86') in 0.008582 seconds
Number of updated asset objects reloaded before import = 0
Number of asset objects unloaded after import = 1
========================================================================
Received Import Request.
  Time since last request: 0.000010 seconds.
  path: Assets/PlayMaker/Actions/Animator/Editor/SetAnimatorBoolActionEditor.cs
  artifactKey: Guid(6927c99ea76df47c2b10e89e8b1e3f6a) Importer(2089858483,0ecaa5967403d082aa24f35e1b516d23)
Start importing Assets/PlayMaker/Actions/Animator/Editor/SetAnimatorBoolActionEditor.cs using Guid(6927c99ea76df47c2b10e89e8b1e3f6a) Importer(2089858483,0ecaa5967403d082aa24f35e1b516d23)  -> (artifact id: '10c4291d09c6f4ff8376e43a9a311ce4') in 0.012832 seconds
Number of updated asset objects reloaded before import = 0
Number of asset objects unloaded after import = 1
========================================================================
Received Import Request.
  Time since last request: 0.000011 seconds.
  path: Assets/STYLY_Plugin/STYLY_ImmersalUI/Prefabs/ErrorDialog.prefab
  artifactKey: Guid(322341f3a3ea4ab44be9e9109677ab4d) Importer(2089858483,0ecaa5967403d082aa24f35e1b516d23)
Start importing Assets/STYLY_Plugin/STYLY_ImmersalUI/Prefabs/ErrorDialog.prefab using Guid(322341f3a3ea4ab44be9e9109677ab4d) Importer(2089858483,0ecaa5967403d082aa24f35e1b516d23)  -> (artifact id: '1ffb7f6d6d37417c5da73570c7d00b15') in 0.044621 seconds
Number of updated asset objects reloaded before import = 0
Number of asset objects unloaded after import = 22
========================================================================
Received Import Request.
  Time since last request: 0.000017 seconds.
  path: Assets/UniGLTF/UniHumanoid/Scenes/RuntimeBvhLoader.unity
  artifactKey: Guid(99665560be9c32e4d9f7813b076c92ee) Importer(2089858483,0ecaa5967403d082aa24f35e1b516d23)
Start importing Assets/UniGLTF/UniHumanoid/Scenes/RuntimeBvhLoader.unity using Guid(99665560be9c32e4d9f7813b076c92ee) Importer(2089858483,0ecaa5967403d082aa24f35e1b516d23)  -> (artifact id: '231efbbf40b0f9ef58032f38ffdefae7') in 0.010344 seconds
Number of updated asset objects reloaded before import = 0
Number of asset objects unloaded after import = 1
========================================================================
Received Import Request.
  Time since last request: 0.000053 seconds.
  path: Assets/STYLY_Plugin/Scripts/Editor/CacheServerChecker.cs
  artifactKey: Guid(ae10458250d9c914a945d330ba82f342) Importer(2089858483,0ecaa5967403d082aa24f35e1b516d23)
Start importing Assets/STYLY_Plugin/Scripts/Editor/CacheServerChecker.cs using Guid(ae10458250d9c914a945d330ba82f342) Importer(2089858483,0ecaa5967403d082aa24f35e1b516d23)  -> (artifact id: 'd35c169b8da0e9b66f1fccd864a1d343') in 0.012756 seconds
Number of updated asset objects reloaded before import = 0
Number of asset objects unloaded after import = 1
========================================================================
Received Import Request.
  Time since last request: 0.000010 seconds.
  path: Assets/PlayMaker/Actions/VideoPlayer/VideoPlayerSetPlayOnAwake.cs
  artifactKey: Guid(225495e9d6f3048e09a7264a772c1155) Importer(2089858483,0ecaa5967403d082aa24f35e1b516d23)
Start importing Assets/PlayMaker/Actions/VideoPlayer/VideoPlayerSetPlayOnAwake.cs using Guid(225495e9d6f3048e09a7264a772c1155) Importer(2089858483,0ecaa5967403d082aa24f35e1b516d23)  -> (artifact id: '3a73cac5ce34eb187c7acdfae5addfd3') in 0.015829 seconds
Number of updated asset objects reloaded before import = 0
Number of asset objects unloaded after import = 1
========================================================================
Received Import Request.
  Time since last request: 0.000020 seconds.
  path: Assets/PlayMaker/Actions/Physics2D/Editor/SmoothLookAt2dEditor.cs
  artifactKey: Guid(2829ab434ae92094f8e7dc62db2f0e8f) Importer(2089858483,0ecaa5967403d082aa24f35e1b516d23)
Start importing Assets/PlayMaker/Actions/Physics2D/Editor/SmoothLookAt2dEditor.cs using Guid(2829ab434ae92094f8e7dc62db2f0e8f) Importer(2089858483,0ecaa5967403d082aa24f35e1b516d23)  -> (artifact id: '7814b9c3b2bc5404ac3fd6852872d65c') in 0.013445 seconds
Number of updated asset objects reloaded before import = 0
Number of asset objects unloaded after import = 1
========================================================================
Received Import Request.
  Time since last request: 0.000009 seconds.
  path: Assets/PlayMaker/Actions/Tween/Editor/TweenRotationEditor.cs
  artifactKey: Guid(d8294f75f2bb74e40809c0406cd1ceea) Importer(2089858483,0ecaa5967403d082aa24f35e1b516d23)
Start importing Assets/PlayMaker/Actions/Tween/Editor/TweenRotationEditor.cs using Guid(d8294f75f2bb74e40809c0406cd1ceea) Importer(2089858483,0ecaa5967403d082aa24f35e1b516d23)  -> (artifact id: '56bc9d0383254b258b3cf562e5d8ab37') in 0.014746 seconds
Number of updated asset objects reloaded before import = 0
Number of asset objects unloaded after import = 1
========================================================================
Received Import Request.
  Time since last request: 0.000009 seconds.
  path: Assets/UniGLTF/UniJSON/Editor/Tests/MsgPack/MapTest.cs
  artifactKey: Guid(87a626e93589db14fbe4526c9880b110) Importer(2089858483,0ecaa5967403d082aa24f35e1b516d23)
Start importing Assets/UniGLTF/UniJSON/Editor/Tests/MsgPack/MapTest.cs using Guid(87a626e93589db14fbe4526c9880b110) Importer(2089858483,0ecaa5967403d082aa24f35e1b516d23)  -> (artifact id: '64801009440ad61767226f0133af6c04') in 0.013992 seconds
Number of updated asset objects reloaded before import = 0
Number of asset objects unloaded after import = 1
========================================================================
Received Import Request.
  Time since last request: 0.000009 seconds.
  path: Assets/UniGLTF/UniJSON/Editor/Tests/JsonDiffTests.cs
  artifactKey: Guid(bafda51ddeeb2b84b920b119176499b8) Importer(2089858483,0ecaa5967403d082aa24f35e1b516d23)
Start importing Assets/UniGLTF/UniJSON/Editor/Tests/JsonDiffTests.cs using Guid(bafda51ddeeb2b84b920b119176499b8) Importer(2089858483,0ecaa5967403d082aa24f35e1b516d23)  -> (artifact id: '49af3463107f510a2365dfee1cfd05eb') in 0.012257 seconds
Number of updated asset objects reloaded before import = 0
Number of asset objects unloaded after import = 1
========================================================================
Received Import Request.
  Time since last request: 0.000010 seconds.
  path: Assets/STYLY_Plugin/STYLY_Playmaker_CustomActions/StylyService/DummyImpls/DummySceneStorageImpl.cs
  artifactKey: Guid(533a2d6153f34801baae8f9fc607803a) Importer(2089858483,0ecaa5967403d082aa24f35e1b516d23)
Start importing Assets/STYLY_Plugin/STYLY_Playmaker_CustomActions/StylyService/DummyImpls/DummySceneStorageImpl.cs using Guid(533a2d6153f34801baae8f9fc607803a) Importer(2089858483,0ecaa5967403d082aa24f35e1b516d23)  -> (artifact id: 'a06a0eb2b23b9b57939f881ae3ca1e70') in 0.012456 seconds
Number of updated asset objects reloaded before import = 0
Number of asset objects unloaded after import = 1
========================================================================
Received Import Request.
  Time since last request: 0.000010 seconds.
  path: Assets/STYLY_Plugin/STYLY_MaintenanceTool/Scripts/Editor/STYLYPluginUtility.cs
  artifactKey: Guid(2c693084551ab0148b93edbfb5893a5d) Importer(2089858483,0ecaa5967403d082aa24f35e1b516d23)
Start importing Assets/STYLY_Plugin/STYLY_MaintenanceTool/Scripts/Editor/STYLYPluginUtility.cs using Guid(2c693084551ab0148b93edbfb5893a5d) Importer(2089858483,0ecaa5967403d082aa24f35e1b516d23)  -> (artifact id: '84143733ab5679b7d012f861a9589236') in 0.017772 seconds
Number of updated asset objects reloaded before import = 0
Number of asset objects unloaded after import = 1
========================================================================
Received Import Request.
  Time since last request: 0.000009 seconds.
  path: Assets/STYLY_Plugin/STYLY_Playmaker_CustomActions/CustomActions/Release/ChangeStylyScene.cs
  artifactKey: Guid(cb3fd2f8fd8150c48bda5d68faf3fe99) Importer(2089858483,0ecaa5967403d082aa24f35e1b516d23)
Start importing Assets/STYLY_Plugin/STYLY_Playmaker_CustomActions/CustomActions/Release/ChangeStylyScene.cs using Guid(cb3fd2f8fd8150c48bda5d68faf3fe99) Importer(2089858483,0ecaa5967403d082aa24f35e1b516d23)  -> (artifact id: '592aae2148bf5088d3a1bb9589c64c06') in 0.016039 seconds
Number of updated asset objects reloaded before import = 0
Number of asset objects unloaded after import = 1
========================================================================
Received Import Request.
  Time since last request: 0.000010 seconds.
  path: Assets/STYLY_Plugin/STYLY_MaintenanceTool/LocalPreviewTool/Editor/LocalPreviewTool.Editor.asmdef
  artifactKey: Guid(79ea1c2ff7c205a48ab38338cf35935d) Importer(2089858483,0ecaa5967403d082aa24f35e1b516d23)
Start importing Assets/STYLY_Plugin/STYLY_MaintenanceTool/LocalPreviewTool/Editor/LocalPreviewTool.Editor.asmdef using Guid(79ea1c2ff7c205a48ab38338cf35935d) Importer(2089858483,0ecaa5967403d082aa24f35e1b516d23)  -> (artifact id: 'ebcf6c7d6c92a667339d9fe45db7144d') in 0.018194 seconds
Number of updated asset objects reloaded before import = 0
Number of asset objects unloaded after import = 1
========================================================================
Received Import Request.
  Time since last request: 0.000050 seconds.
  path: Assets/UniGLTF/Core/Scripts/Extensions/ArrayExtensions.cs
  artifactKey: Guid(e843bb7270bc9f54f8495e1e35f82e8d) Importer(2089858483,0ecaa5967403d082aa24f35e1b516d23)
Start importing Assets/UniGLTF/Core/Scripts/Extensions/ArrayExtensions.cs using Guid(e843bb7270bc9f54f8495e1e35f82e8d) Importer(2089858483,0ecaa5967403d082aa24f35e1b516d23)  -> (artifact id: 'c7a42177bf3f466619e2795a1ab3a349') in 0.013425 seconds
Number of updated asset objects reloaded before import = 0
Number of asset objects unloaded after import = 1
========================================================================
Received Import Request.
  Time since last request: 0.000009 seconds.
  path: Assets/UniGLTF/Core/Scripts/IO/ImporterContext.cs
  artifactKey: Guid(8d2d07b67753fb0489decee9926ab2da) Importer(2089858483,0ecaa5967403d082aa24f35e1b516d23)
Start importing Assets/UniGLTF/Core/Scripts/IO/ImporterContext.cs using Guid(8d2d07b67753fb0489decee9926ab2da) Importer(2089858483,0ecaa5967403d082aa24f35e1b516d23)  -> (artifact id: 'e7650fea53343e5cf09d1283e7ff5df3') in 0.014598 seconds
Number of updated asset objects reloaded before import = 0
Number of asset objects unloaded after import = 1
========================================================================
Received Import Request.
  Time since last request: 0.000009 seconds.
  path: Assets/STYLY_Plugin/STYLY_InteractionSDK/Runtime/FeatureComponents/Components/FeatureComponents.asmdef
  artifactKey: Guid(64a7b99ed8dfb9140a2dcd78c4d44a6a) Importer(2089858483,0ecaa5967403d082aa24f35e1b516d23)
Start importing Assets/STYLY_Plugin/STYLY_InteractionSDK/Runtime/FeatureComponents/Components/FeatureComponents.asmdef using Guid(64a7b99ed8dfb9140a2dcd78c4d44a6a) Importer(2089858483,0ecaa5967403d082aa24f35e1b516d23)  -> (artifact id: 'dbbc72f4d4b8e7ee37ffffc2f83be156') in 0.018553 seconds
Number of updated asset objects reloaded before import = 0
Number of asset objects unloaded after import = 1
========================================================================
Received Import Request.
  Time since last request: 0.000011 seconds.
  path: Assets/PlayMaker/Actions/MathExpression/Mathos/MathExpression.cs
  artifactKey: Guid(729500584baffc84d9c3e3e766f5e72a) Importer(2089858483,0ecaa5967403d082aa24f35e1b516d23)
Start importing Assets/PlayMaker/Actions/MathExpression/Mathos/MathExpression.cs using Guid(729500584baffc84d9c3e3e766f5e72a) Importer(2089858483,0ecaa5967403d082aa24f35e1b516d23)  -> (artifact id: '0dcf3569cba545998648e2abcc21ce6f') in 0.011689 seconds
Number of updated asset objects reloaded before import = 0
Number of asset objects unloaded after import = 1
========================================================================
Received Import Request.
  Time since last request: 0.000012 seconds.
  path: Assets/UniGLTF/Core/Scripts/Format/ExtensionsAndExtras/glTFExtensions.cs
  artifactKey: Guid(356f989283db8c848b851b82c34086d1) Importer(2089858483,0ecaa5967403d082aa24f35e1b516d23)
Start importing Assets/UniGLTF/Core/Scripts/Format/ExtensionsAndExtras/glTFExtensions.cs using Guid(356f989283db8c848b851b82c34086d1) Importer(2089858483,0ecaa5967403d082aa24f35e1b516d23)  -> (artifact id: '23f533442d1eabfa8a6d856d23fcd53e') in 0.018638 seconds
Number of updated asset objects reloaded before import = 0
Number of asset objects unloaded after import = 1
========================================================================
Received Import Request.
  Time since last request: 0.000018 seconds.
  path: Assets/STYLY_Plugin/STYLY_InteractionSDK/Simulator/DummyImpls/DummyPlayerController.cs
  artifactKey: Guid(77e8f0c19310a75478781bd8927a80f1) Importer(2089858483,0ecaa5967403d082aa24f35e1b516d23)
Start importing Assets/STYLY_Plugin/STYLY_InteractionSDK/Simulator/DummyImpls/DummyPlayerController.cs using Guid(77e8f0c19310a75478781bd8927a80f1) Importer(2089858483,0ecaa5967403d082aa24f35e1b516d23)  -> (artifact id: '4cc23f2d91b7774ebbd898aa0d31e603') in 0.016526 seconds
Number of updated asset objects reloaded before import = 0
Number of asset objects unloaded after import = 1
========================================================================
Received Import Request.
  Time since last request: 0.000009 seconds.
  path: Assets/PlayMaker/Actions/MathExpression/Mathos/MathosLicense.txt
  artifactKey: Guid(37a6a5d212202f14cb3a5711601e6ff0) Importer(2089858483,0ecaa5967403d082aa24f35e1b516d23)
Start importing Assets/PlayMaker/Actions/MathExpression/Mathos/MathosLicense.txt using Guid(37a6a5d212202f14cb3a5711601e6ff0) Importer(2089858483,0ecaa5967403d082aa24f35e1b516d23)  -> (artifact id: 'b7c49c9fb9b64190038d745801c6c1fe') in 0.022018 seconds
Number of updated asset objects reloaded before import = 0
Number of asset objects unloaded after import = 1
========================================================================
Received Import Request.
  Time since last request: 0.000010 seconds.
  path: Assets/UniGLTF/Core/Scripts/IO/glbImporter.cs
  artifactKey: Guid(4a51e78bfa249be4c88e7612ed05eb6f) Importer(2089858483,0ecaa5967403d082aa24f35e1b516d23)
Start importing Assets/UniGLTF/Core/Scripts/IO/glbImporter.cs using Guid(4a51e78bfa249be4c88e7612ed05eb6f) Importer(2089858483,0ecaa5967403d082aa24f35e1b516d23)  -> (artifact id: '72e50949df42b82fd4b718bba5506560') in 0.016482 seconds
Number of updated asset objects reloaded before import = 0
Number of asset objects unloaded after import = 1
========================================================================
Received Import Request.
  Time since last request: 0.000010 seconds.
  path: Assets/UniGLTF/UniJSON/Scripts/MsgPack/Exceptions.cs
  artifactKey: Guid(bc09dae63ba521545a0b9a8ef120b95a) Importer(2089858483,0ecaa5967403d082aa24f35e1b516d23)
Start importing Assets/UniGLTF/UniJSON/Scripts/MsgPack/Exceptions.cs using Guid(bc09dae63ba521545a0b9a8ef120b95a) Importer(2089858483,0ecaa5967403d082aa24f35e1b516d23)  -> (artifact id: '88cfc6c69fb38f08d0c7f5ebc3810abd') in 0.016577 seconds
Number of updated asset objects reloaded before import = 0
Number of asset objects unloaded after import = 1
========================================================================
Received Import Request.
  Time since last request: 0.000010 seconds.
  path: Assets/UniGLTF/Core/Scripts/PreExportShaderProps/Unlit_Transparent_Cutout.cs
  artifactKey: Guid(844490f13976543478d82efe28251941) Importer(2089858483,0ecaa5967403d082aa24f35e1b516d23)
Start importing Assets/UniGLTF/Core/Scripts/PreExportShaderProps/Unlit_Transparent_Cutout.cs using Guid(844490f13976543478d82efe28251941) Importer(2089858483,0ecaa5967403d082aa24f35e1b516d23)  -> (artifact id: 'e5b4889c413bbb864adb7742baef9968') in 0.018984 seconds
Number of updated asset objects reloaded before import = 0
Number of asset objects unloaded after import = 1
========================================================================
Received Import Request.
  Time since last request: 0.000010 seconds.
  path: Assets/PlayMaker/Actions/SceneManager/Editor/GetSceneRootCountCustomEditor.cs
  artifactKey: Guid(1039d90d85fd64be39d369cd163b30d4) Importer(2089858483,0ecaa5967403d082aa24f35e1b516d23)
Start importing Assets/PlayMaker/Actions/SceneManager/Editor/GetSceneRootCountCustomEditor.cs using Guid(1039d90d85fd64be39d369cd163b30d4) Importer(2089858483,0ecaa5967403d082aa24f35e1b516d23)  -> (artifact id: '4f6c3ab2500bc0706592949878e14c53') in 0.016721 seconds
Number of updated asset objects reloaded before import = 0
Number of asset objects unloaded after import = 1
========================================================================
Received Import Request.
  Time since last request: 0.000010 seconds.
  path: Assets/STYLY_Plugin/STYLY_Playmaker_CustomActions/CustomActions/Release/GetARCameraTexture.cs
  artifactKey: Guid(1e78f26e1dc01410fb7c4c59b9d82539) Importer(2089858483,0ecaa5967403d082aa24f35e1b516d23)
Start importing Assets/STYLY_Plugin/STYLY_Playmaker_CustomActions/CustomActions/Release/GetARCameraTexture.cs using Guid(1e78f26e1dc01410fb7c4c59b9d82539) Importer(2089858483,0ecaa5967403d082aa24f35e1b516d23)  -> (artifact id: '9a51262b87ee9fc0a80578033bf5d1ca') in 0.015902 seconds
Number of updated asset objects reloaded before import = 0
Number of asset objects unloaded after import = 1
========================================================================
Received Import Request.
  Time since last request: 0.000009 seconds.
  path: Assets/UniGLTF/Core/Scripts/Format/BytesBuffer.cs
  artifactKey: Guid(33b0000c5446b7547bcad1da1e9768ed) Importer(2089858483,0ecaa5967403d082aa24f35e1b516d23)
Start importing Assets/UniGLTF/Core/Scripts/Format/BytesBuffer.cs using Guid(33b0000c5446b7547bcad1da1e9768ed) Importer(2089858483,0ecaa5967403d082aa24f35e1b516d23)  -> (artifact id: 'db3ab9f8c396d8007d13d3296020160a') in 0.015198 seconds
Number of updated asset objects reloaded before import = 0
Number of asset objects unloaded after import = 1
========================================================================
Received Import Request.
  Time since last request: 0.000008 seconds.
  path: Assets/PlayMaker/Actions/UI/Components/PlayMakerUiIntValueChangedEvent.cs
  artifactKey: Guid(83fce7661a65e4e449970529ec7ac980) Importer(2089858483,0ecaa5967403d082aa24f35e1b516d23)
Start importing Assets/PlayMaker/Actions/UI/Components/PlayMakerUiIntValueChangedEvent.cs using Guid(83fce7661a65e4e449970529ec7ac980) Importer(2089858483,0ecaa5967403d082aa24f35e1b516d23)  -> (artifact id: '67acb66d7a87d8b0917f8a87eec9e2f6') in 0.013254 seconds
Number of updated asset objects reloaded before import = 0
Number of asset objects unloaded after import = 1
========================================================================
Received Import Request.
  Time since last request: 0.000009 seconds.
  path: Assets/STYLY_Plugin/STYLY_Playmaker_CustomActions/CustomActions/Release/InitAudioSpectrum.cs
  artifactKey: Guid(7832726fc804bd94296557cf7dee03aa) Importer(2089858483,0ecaa5967403d082aa24f35e1b516d23)
Start importing Assets/STYLY_Plugin/STYLY_Playmaker_CustomActions/CustomActions/Release/InitAudioSpectrum.cs using Guid(7832726fc804bd94296557cf7dee03aa) Importer(2089858483,0ecaa5967403d082aa24f35e1b516d23)  -> (artifact id: '1a801ca3d7fb7826c11d39854a82d8c0') in 0.020718 seconds
Number of updated asset objects reloaded before import = 0
Number of asset objects unloaded after import = 1
========================================================================
Received Import Request.
  Time since last request: 0.000009 seconds.
  path: Assets/UniGLTF/UniJSON/Scripts/Extensions/ByteExtensions.cs
  artifactKey: Guid(aa32ad3ea4c1ec540a03225c0d520af9) Importer(2089858483,0ecaa5967403d082aa24f35e1b516d23)
Start importing Assets/UniGLTF/UniJSON/Scripts/Extensions/ByteExtensions.cs using Guid(aa32ad3ea4c1ec540a03225c0d520af9) Importer(2089858483,0ecaa5967403d082aa24f35e1b516d23)  -> (artifact id: '0e0c694414852d1967ef582024f9aa24') in 0.012304 seconds
Number of updated asset objects reloaded before import = 0
Number of asset objects unloaded after import = 1
========================================================================
Received Import Request.
  Time since last request: 0.000039 seconds.
  path: Assets/PlayMaker/Actions/Quaternion/Editor/GetQuaternionFromRotationCustomEditor.cs
  artifactKey: Guid(389626e75a012491dafdc591f89663ec) Importer(2089858483,0ecaa5967403d082aa24f35e1b516d23)
Start importing Assets/PlayMaker/Actions/Quaternion/Editor/GetQuaternionFromRotationCustomEditor.cs using Guid(389626e75a012491dafdc591f89663ec) Importer(2089858483,0ecaa5967403d082aa24f35e1b516d23)  -> (artifact id: '35d387243dd2e1ed0db0ef4a2bb7b0d9') in 0.016869 seconds
Number of updated asset objects reloaded before import = 0
Number of asset objects unloaded after import = 1
========================================================================
Received Import Request.
  Time since last request: 0.000011 seconds.
  path: Assets/UniGLTF/UniJSON/Scripts/Json/JsonParser.cs
  artifactKey: Guid(3ab6245869fe6f7448aa8f4e84286cdd) Importer(2089858483,0ecaa5967403d082aa24f35e1b516d23)
Start importing Assets/UniGLTF/UniJSON/Scripts/Json/JsonParser.cs using Guid(3ab6245869fe6f7448aa8f4e84286cdd) Importer(2089858483,0ecaa5967403d082aa24f35e1b516d23)  -> (artifact id: 'f2bad6b375ecd73fe6083320c4a88559') in 0.015154 seconds
Number of updated asset objects reloaded before import = 0
Number of asset objects unloaded after import = 1
========================================================================
Received Import Request.
  Time since last request: 0.000029 seconds.
  path: Assets/STYLY_Plugin/STYLY_Playmaker_CustomActions/CustomActions/Release/ImmersalDetect.cs
  artifactKey: Guid(38f69513dbd61a14aa711944302db24d) Importer(2089858483,0ecaa5967403d082aa24f35e1b516d23)
Start importing Assets/STYLY_Plugin/STYLY_Playmaker_CustomActions/CustomActions/Release/ImmersalDetect.cs using Guid(38f69513dbd61a14aa711944302db24d) Importer(2089858483,0ecaa5967403d082aa24f35e1b516d23)  -> (artifact id: 'f9db26f630f3aa7b9a80b137b15af6eb') in 0.016105 seconds
Number of updated asset objects reloaded before import = 0
Number of asset objects unloaded after import = 1
========================================================================
Received Import Request.
  Time since last request: 0.000011 seconds.
  path: Assets/STYLY_Plugin/UI/Editor/NotifyPluginUpdateWindow/NotifyPluginUpdateWindow.uxml
  artifactKey: Guid(fcbbaf2c9ecd7ed4eb2f4c4a8da97ba2) Importer(2089858483,0ecaa5967403d082aa24f35e1b516d23)
Start importing Assets/STYLY_Plugin/UI/Editor/NotifyPluginUpdateWindow/NotifyPluginUpdateWindow.uxml using Guid(fcbbaf2c9ecd7ed4eb2f4c4a8da97ba2) Importer(2089858483,0ecaa5967403d082aa24f35e1b516d23)  -> (artifact id: 'a72cfecabb22c4112d4532ebd84b874c') in 0.025049 seconds
Number of updated asset objects reloaded before import = 0
Number of asset objects unloaded after import = 3
========================================================================
Received Import Request.
  Time since last request: 0.000010 seconds.
  path: Assets/UniGLTF/UniHumanoid/Scripts/IO/BvhImporter.cs
  artifactKey: Guid(da8ccd6cbe1692448872063195e5c71b) Importer(2089858483,0ecaa5967403d082aa24f35e1b516d23)
Start importing Assets/UniGLTF/UniHumanoid/Scripts/IO/BvhImporter.cs using Guid(da8ccd6cbe1692448872063195e5c71b) Importer(2089858483,0ecaa5967403d082aa24f35e1b516d23)  -> (artifact id: 'a8d06c610c701aed641c20f00accf677') in 0.014761 seconds
Number of updated asset objects reloaded before import = 0
Number of asset objects unloaded after import = 1
========================================================================
Received Import Request.
  Time since last request: 0.000009 seconds.
  path: Assets/PlayMaker/Actions/UI/EventSystem/UiOnSelectEvent.cs
  artifactKey: Guid(08add12824732684fae7272575c92c7a) Importer(2089858483,0ecaa5967403d082aa24f35e1b516d23)
Start importing Assets/PlayMaker/Actions/UI/EventSystem/UiOnSelectEvent.cs using Guid(08add12824732684fae7272575c92c7a) Importer(2089858483,0ecaa5967403d082aa24f35e1b516d23)  -> (artifact id: '83de85110549caee4a4629711a00e024') in 0.011138 seconds
Number of updated asset objects reloaded before import = 0
Number of asset objects unloaded after import = 1
========================================================================
Received Import Request.
  Time since last request: 0.000010 seconds.
  path: Assets/STYLY_Plugin/STYLY_InteractionSDK/Editor/FeatureComponents/STYLY_Action_TimerInspector.cs
  artifactKey: Guid(c6aa0699977b23b4ababe8369362c5bc) Importer(2089858483,0ecaa5967403d082aa24f35e1b516d23)
Start importing Assets/STYLY_Plugin/STYLY_InteractionSDK/Editor/FeatureComponents/STYLY_Action_TimerInspector.cs using Guid(c6aa0699977b23b4ababe8369362c5bc) Importer(2089858483,0ecaa5967403d082aa24f35e1b516d23)  -> (artifact id: '484e062288d617ea3654701ab0842c6e') in 0.014232 seconds
Number of updated asset objects reloaded before import = 0
Number of asset objects unloaded after import = 1
========================================================================
Received Import Request.
  Time since last request: 0.000010 seconds.
  path: Assets/PlayMaker/Actions/Quaternion/Editor/QuaternionLowPassFilterCustomEditor.cs
  artifactKey: Guid(b3c7d1bd8c46a45e387e06ee5ecedba7) Importer(2089858483,0ecaa5967403d082aa24f35e1b516d23)
Start importing Assets/PlayMaker/Actions/Quaternion/Editor/QuaternionLowPassFilterCustomEditor.cs using Guid(b3c7d1bd8c46a45e387e06ee5ecedba7) Importer(2089858483,0ecaa5967403d082aa24f35e1b516d23)  -> (artifact id: '3c5f220ece0734b88e6b9733e42503c2') in 0.013323 seconds
Number of updated asset objects reloaded before import = 0
Number of asset objects unloaded after import = 1
========================================================================
Received Import Request.
  Time since last request: 0.000009 seconds.
  path: Assets/PlayMaker/Actions/Tween/BaseActions/TweenVariableBase.cs
  artifactKey: Guid(fd7a254057654d740bb0ea2853eef204) Importer(2089858483,0ecaa5967403d082aa24f35e1b516d23)
Start importing Assets/PlayMaker/Actions/Tween/BaseActions/TweenVariableBase.cs using Guid(fd7a254057654d740bb0ea2853eef204) Importer(2089858483,0ecaa5967403d082aa24f35e1b516d23)  -> (artifact id: '8feade28999ef569a2591519ab210279') in 0.016753 seconds
Number of updated asset objects reloaded before import = 0
Number of asset objects unloaded after import = 1
========================================================================
Received Import Request.
  Time since last request: 0.000009 seconds.
  path: Assets/STYLY_Plugin/STYLY_Playmaker_CustomActions/SupportScripts/Release/VRMScaleResolveTarget.cs
  artifactKey: Guid(08b1ddc97bd9b438bb0101ed11eba256) Importer(2089858483,0ecaa5967403d082aa24f35e1b516d23)
Start importing Assets/STYLY_Plugin/STYLY_Playmaker_CustomActions/SupportScripts/Release/VRMScaleResolveTarget.cs using Guid(08b1ddc97bd9b438bb0101ed11eba256) Importer(2089858483,0ecaa5967403d082aa24f35e1b516d23)  -> (artifact id: 'aee0f39781f837bf1bb58ef3b9ede40a') in 0.018673 seconds
Number of updated asset objects reloaded before import = 0
Number of asset objects unloaded after import = 1
========================================================================
Received Import Request.
  Time since last request: 0.000027 seconds.
  path: Assets/UniGLTF/UniJSON/Scripts/JsonSchemaValidator/JsonEnumValidator.cs
  artifactKey: Guid(f503fff7ab8dcf74abc9dd8073aa9062) Importer(2089858483,0ecaa5967403d082aa24f35e1b516d23)
Start importing Assets/UniGLTF/UniJSON/Scripts/JsonSchemaValidator/JsonEnumValidator.cs using Guid(f503fff7ab8dcf74abc9dd8073aa9062) Importer(2089858483,0ecaa5967403d082aa24f35e1b516d23)  -> (artifact id: '0a90207d6682fb5f70d11c54cd970052') in 0.012549 seconds
Number of updated asset objects reloaded before import = 0
Number of asset objects unloaded after import = 1
========================================================================
Received Import Request.
  Time since last request: 0.000009 seconds.
  path: Assets/UniGLTF/UniHumanoid/Scripts/Editor/bvhAssetPostprocessor.cs
  artifactKey: Guid(4283558adf39c194cb6c5d66d5a348de) Importer(2089858483,0ecaa5967403d082aa24f35e1b516d23)
Start importing Assets/UniGLTF/UniHumanoid/Scripts/Editor/bvhAssetPostprocessor.cs using Guid(4283558adf39c194cb6c5d66d5a348de) Importer(2089858483,0ecaa5967403d082aa24f35e1b516d23)  -> (artifact id: 'ec97d706401bd930c76616014c67d5df') in 0.014693 seconds
Number of updated asset objects reloaded before import = 0
Number of asset objects unloaded after import = 1
========================================================================
Received Import Request.
  Time since last request: 0.000011 seconds.
  path: Assets/UniGLTF/UniJSON/Scripts/Json/JsonString.cs
  artifactKey: Guid(04a331b0f78f87e4d928172d735672d9) Importer(2089858483,0ecaa5967403d082aa24f35e1b516d23)
Start importing Assets/UniGLTF/UniJSON/Scripts/Json/JsonString.cs using Guid(04a331b0f78f87e4d928172d735672d9) Importer(2089858483,0ecaa5967403d082aa24f35e1b516d23)  -> (artifact id: '00837ec7bb8bfd3d1b8e13658e88a91b') in 0.018284 seconds
Number of updated asset objects reloaded before import = 0
Number of asset objects unloaded after import = 1
========================================================================
Received Import Request.
  Time since last request: 0.000010 seconds.
  path: Assets/STYLY_Plugin/STYLY_InteractionSDK/Simulator/DummyImpls/DummyEquipment.cs
  artifactKey: Guid(877d1bc008431004687d28fc73b95c98) Importer(2089858483,0ecaa5967403d082aa24f35e1b516d23)
Start importing Assets/STYLY_Plugin/STYLY_InteractionSDK/Simulator/DummyImpls/DummyEquipment.cs using Guid(877d1bc008431004687d28fc73b95c98) Importer(2089858483,0ecaa5967403d082aa24f35e1b516d23)  -> (artifact id: '5b594d37a2407ece45b4dccc17565cf4') in 0.015520 seconds
Number of updated asset objects reloaded before import = 0
Number of asset objects unloaded after import = 1
========================================================================
Received Import Request.
  Time since last request: 0.000009 seconds.
  path: Assets/UniGLTF/UniJSON/Editor/Tests/IWriteStreamTest.cs
  artifactKey: Guid(bda1e03d682e63749a6b114fd6cc0add) Importer(2089858483,0ecaa5967403d082aa24f35e1b516d23)
Start importing Assets/UniGLTF/UniJSON/Editor/Tests/IWriteStreamTest.cs using Guid(bda1e03d682e63749a6b114fd6cc0add) Importer(2089858483,0ecaa5967403d082aa24f35e1b516d23)  -> (artifact id: 'a734dbba62e9bbf85b29534090d82315') in 0.013643 seconds
Number of updated asset objects reloaded before import = 0
Number of asset objects unloaded after import = 1
========================================================================
Received Import Request.
  Time since last request: 0.000013 seconds.
  path: Assets/UniGLTF/UniJSON/Scripts/Json/Exceptions.cs
  artifactKey: Guid(d9ec26dc9d2db2a45980e06a951e6796) Importer(2089858483,0ecaa5967403d082aa24f35e1b516d23)
Start importing Assets/UniGLTF/UniJSON/Scripts/Json/Exceptions.cs using Guid(d9ec26dc9d2db2a45980e06a951e6796) Importer(2089858483,0ecaa5967403d082aa24f35e1b516d23)  -> (artifact id: 'e12908daf914f2e9f86414308d2dcedf') in 0.015857 seconds
Number of updated asset objects reloaded before import = 0
Number of asset objects unloaded after import = 1
========================================================================
Received Import Request.
  Time since last request: 0.000019 seconds.
  path: Assets/STYLY_Plugin/STYLY_InteractionSDK/Runtime/FeatureComponents/Interfaces/IBreaker.cs
  artifactKey: Guid(837962ecc74703a44aa0ec478c3a42c2) Importer(2089858483,0ecaa5967403d082aa24f35e1b516d23)
Start importing Assets/STYLY_Plugin/STYLY_InteractionSDK/Runtime/FeatureComponents/Interfaces/IBreaker.cs using Guid(837962ecc74703a44aa0ec478c3a42c2) Importer(2089858483,0ecaa5967403d082aa24f35e1b516d23)  -> (artifact id: '4d35cbac5168345e57ee3e2d0d90b499') in 0.012052 seconds
Number of updated asset objects reloaded before import = 0
Number of asset objects unloaded after import = 1
========================================================================
Received Import Request.
  Time since last request: 0.000010 seconds.
  path: Assets/STYLY_Plugin/STYLY_InteractionSDK/Simulator/DummyImpls/DummyColliderTrigger.cs
  artifactKey: Guid(2bd9b5eaa39325345ab72c5db7a3bee5) Importer(2089858483,0ecaa5967403d082aa24f35e1b516d23)
Start importing Assets/STYLY_Plugin/STYLY_InteractionSDK/Simulator/DummyImpls/DummyColliderTrigger.cs using Guid(2bd9b5eaa39325345ab72c5db7a3bee5) Importer(2089858483,0ecaa5967403d082aa24f35e1b516d23)  -> (artifact id: '8ce18ce24fc6d86d32fc9fe8a88084f3') in 0.015438 seconds
Number of updated asset objects reloaded before import = 0
Number of asset objects unloaded after import = 1
========================================================================
Received Import Request.
  Time since last request: 0.000010 seconds.
  path: Assets/UniGLTF/Core/Scripts/Format/ExtensionsAndExtras/glTFMesh.Primitives.extras.targetNames.cs
  artifactKey: Guid(e95762d0b18d11243b32a56f21cef862) Importer(2089858483,0ecaa5967403d082aa24f35e1b516d23)
Start importing Assets/UniGLTF/Core/Scripts/Format/ExtensionsAndExtras/glTFMesh.Primitives.extras.targetNames.cs using Guid(e95762d0b18d11243b32a56f21cef862) Importer(2089858483,0ecaa5967403d082aa24f35e1b516d23)  -> (artifact id: '5b0364212dd04ea74f27640b982f21bd') in 0.013670 seconds
Number of updated asset objects reloaded before import = 0
Number of asset objects unloaded after import = 1
========================================================================
Received Import Request.
  Time since last request: 0.000009 seconds.
  path: Assets/PlayMaker/Actions/UI/EventSystem/UiOnBeginDragEvent.cs
  artifactKey: Guid(e25431aafa7ee494bba3d8022b6dc24d) Importer(2089858483,0ecaa5967403d082aa24f35e1b516d23)
Start importing Assets/PlayMaker/Actions/UI/EventSystem/UiOnBeginDragEvent.cs using Guid(e25431aafa7ee494bba3d8022b6dc24d) Importer(2089858483,0ecaa5967403d082aa24f35e1b516d23)  -> (artifact id: 'abb850fd3bd2ba43ea4b77e112d561ef') in 0.014778 seconds
Number of updated asset objects reloaded before import = 0
Number of asset objects unloaded after import = 1
========================================================================
Received Import Request.
  Time since last request: 0.000010 seconds.
  path: Assets/STYLY_Plugin/STYLY_Playmaker_CustomActions/StylyService/DummyImpls/DummyVideoPlayer/Textures/dummy_video_player_hls_unsupported.png
  artifactKey: Guid(c4d1d0de875f68246be070074b2f85cb) Importer(2089858483,0ecaa5967403d082aa24f35e1b516d23)
Start importing Assets/STYLY_Plugin/STYLY_Playmaker_CustomActions/StylyService/DummyImpls/DummyVideoPlayer/Textures/dummy_video_player_hls_unsupported.png using Guid(c4d1d0de875f68246be070074b2f85cb) Importer(2089858483,0ecaa5967403d082aa24f35e1b516d23)  -> (artifact id: '98cce2a7c215e2414b68b217d8f14dfa') in 0.013501 seconds
Number of updated asset objects reloaded before import = 0
Number of asset objects unloaded after import = 0
========================================================================
Received Import Request.
  Time since last request: 0.000010 seconds.
  path: Assets/UniGLTF/Core/Scripts/Format/ExtensionsAndExtras/glTFCameraExtensions.cs
  artifactKey: Guid(38f59c64e05855b41be64595c570e366) Importer(2089858483,0ecaa5967403d082aa24f35e1b516d23)
Start importing Assets/UniGLTF/Core/Scripts/Format/ExtensionsAndExtras/glTFCameraExtensions.cs using Guid(38f59c64e05855b41be64595c570e366) Importer(2089858483,0ecaa5967403d082aa24f35e1b516d23)  -> (artifact id: '31a99a0174af56eb57284fd2c8f4fef4') in 0.017324 seconds
Number of updated asset objects reloaded before import = 0
Number of asset objects unloaded after import = 1
========================================================================
Received Import Request.
  Time since last request: 0.000008 seconds.
  path: Assets/UniGLTF/UniJSON/Editor/Tests/MsgPack/IntTest.cs
  artifactKey: Guid(8d6f5e40bc0825b449887d877c0ad5c5) Importer(2089858483,0ecaa5967403d082aa24f35e1b516d23)
Start importing Assets/UniGLTF/UniJSON/Editor/Tests/MsgPack/IntTest.cs using Guid(8d6f5e40bc0825b449887d877c0ad5c5) Importer(2089858483,0ecaa5967403d082aa24f35e1b516d23)  -> (artifact id: '3337e252deac7ac53346e6ea2b0f764a') in 0.018905 seconds
Number of updated asset objects reloaded before import = 0
Number of asset objects unloaded after import = 1
========================================================================
Received Import Request.
  Time since last request: 0.000073 seconds.
  path: Assets/STYLY_Plugin/STYLY_InteractionSDK/Simulator/DummyImpls/DummyImplements.asmdef
  artifactKey: Guid(9dd05b38b68e61244a81b960b61eb5ab) Importer(2089858483,0ecaa5967403d082aa24f35e1b516d23)
Start importing Assets/STYLY_Plugin/STYLY_InteractionSDK/Simulator/DummyImpls/DummyImplements.asmdef using Guid(9dd05b38b68e61244a81b960b61eb5ab) Importer(2089858483,0ecaa5967403d082aa24f35e1b516d23)  -> (artifact id: 'ee3d5b04bd414291cd5e2a714d13678d') in 0.024933 seconds
Number of updated asset objects reloaded before import = 0
Number of asset objects unloaded after import = 1
========================================================================
Received Import Request.
  Time since last request: 0.000010 seconds.
  path: Assets/PlayMaker/Actions/UI/EventSystem/UiOnUpdateSelectedEvent.cs
  artifactKey: Guid(0778dfa4e6111c44eb5c22dea543be26) Importer(2089858483,0ecaa5967403d082aa24f35e1b516d23)
Start importing Assets/PlayMaker/Actions/UI/EventSystem/UiOnUpdateSelectedEvent.cs using Guid(0778dfa4e6111c44eb5c22dea543be26) Importer(2089858483,0ecaa5967403d082aa24f35e1b516d23)  -> (artifact id: '5db34465ae05172a76c385476e0f2348') in 0.015712 seconds
Number of updated asset objects reloaded before import = 0
Number of asset objects unloaded after import = 1
========================================================================
Received Import Request.
  Time since last request: 0.000010 seconds.
  path: Assets/PlayMaker/Actions/Quaternion/Editor/QuaternionRotateTowardsCustomEditor.cs
  artifactKey: Guid(6059b292f53004a1ab91e6f1bacc9df0) Importer(2089858483,0ecaa5967403d082aa24f35e1b516d23)
Start importing Assets/PlayMaker/Actions/Quaternion/Editor/QuaternionRotateTowardsCustomEditor.cs using Guid(6059b292f53004a1ab91e6f1bacc9df0) Importer(2089858483,0ecaa5967403d082aa24f35e1b516d23)  -> (artifact id: 'aa7f095bc2501ca28582582aab083a46') in 0.014817 seconds
Number of updated asset objects reloaded before import = 0
Number of asset objects unloaded after import = 1
Editor requested this worker to shutdown with reason: Scaling down because of idle timeout
TcpMessagingSession - receive error
AssetImportWorkerClient::OnTransportError - code=2 error=End of file
AssetImportWorker is now disconnected from the server
Process exiting
Exiting without the bug reporter. Application will terminate with return code 0