Using pre-set license
Built from '2022.3/staging' branch; Version is '2022.3.24f1 (334eb2a0b267) revision 3362482'; Using compiler version '192829333'; Build Type 'Release'
OS: 'Windows 11  (10.0.22631) 64bit Core' Language: 'ja' Physical Memory: 32611 MB
BatchMode: 1, IsHumanControllingUs: 0, StartBugReporterOnCrash: 0, Is64bit: 1, IsPro: 1

COMMAND LINE ARGUMENTS:
C:\Program Files\Unity\Hub\Editor\2022.3.24f1\Editor\Unity.exe
-adb2
-batchMode
-noUpm
-name
AssetImportWorker3
-projectPath
D:/Unity/SW_github/SW_OZ_ver2/SW OZ
-logFile
Logs/AssetImportWorker3.log
-srvPort
56244
Successfully changed project path to: D:/Unity/SW_github/SW_OZ_ver2/SW OZ
D:/Unity/SW_github/SW_OZ_ver2/SW OZ
[UnityMemory] Configuration Parameters - Can be set up in boot.config
    "memorysetup-bucket-allocator-granularity=16"
    "memorysetup-bucket-allocator-bucket-count=8"
    "memorysetup-bucket-allocator-block-size=33554432"
    "memorysetup-bucket-allocator-block-count=8"
    "memorysetup-main-allocator-block-size=16777216"
    "memorysetup-thread-allocator-block-size=16777216"
    "memorysetup-gfx-main-allocator-block-size=16777216"
    "memorysetup-gfx-thread-allocator-block-size=16777216"
    "memorysetup-cache-allocator-block-size=4194304"
    "memorysetup-typetree-allocator-block-size=2097152"
    "memorysetup-profiler-bucket-allocator-granularity=16"
    "memorysetup-profiler-bucket-allocator-bucket-count=8"
    "memorysetup-profiler-bucket-allocator-block-size=33554432"
    "memorysetup-profiler-bucket-allocator-block-count=8"
    "memorysetup-profiler-allocator-block-size=16777216"
    "memorysetup-profiler-editor-allocator-block-size=1048576"
    "memorysetup-temp-allocator-size-main=16777216"
    "memorysetup-job-temp-allocator-block-size=2097152"
    "memorysetup-job-temp-allocator-block-size-background=1048576"
    "memorysetup-job-temp-allocator-reduction-small-platforms=262144"
    "memorysetup-allocator-temp-initial-block-size-main=262144"
    "memorysetup-allocator-temp-initial-block-size-worker=262144"
    "memorysetup-temp-allocator-size-background-worker=32768"
    "memorysetup-temp-allocator-size-job-worker=262144"
    "memorysetup-temp-allocator-size-preload-manager=33554432"
    "memorysetup-temp-allocator-size-nav-mesh-worker=65536"
    "memorysetup-temp-allocator-size-audio-worker=65536"
    "memorysetup-temp-allocator-size-cloud-worker=32768"
    "memorysetup-temp-allocator-size-gi-baking-worker=262144"
    "memorysetup-temp-allocator-size-gfx=262144"
Player connection [42644] Host "[IP] 192.168.11.2 [Port] 0 [Flags] 2 [Guid] 2022215721 [EditorId] 2022215721 [Version] 1048832 [Id] WindowsEditor(7,M_F) [Debug] 1 [PackageName] WindowsEditor [ProjectName] Editor" joined multi-casting on [225.0.0.222:54997]...

Player connection [42644] Host "[IP] 192.168.11.2 [Port] 0 [Flags] 2 [Guid] 2022215721 [EditorId] 2022215721 [Version] 1048832 [Id] WindowsEditor(7,M_F) [Debug] 1 [PackageName] WindowsEditor [ProjectName] Editor" joined alternative multi-casting on [225.0.0.222:34997]...

[Physics::Module] Initialized MultithreadedJobDispatcher with 31 workers.
Refreshing native plugins compatible for Editor in 13.58 ms, found 4 plugins.
Preloading 0 native plugins for Editor in 0.00 ms.
Initialize engine version: 2022.3.24f1 (334eb2a0b267)
[Subsystems] Discovering subsystems at path C:/Program Files/Unity/Hub/Editor/2022.3.24f1/Editor/Data/Resources/UnitySubsystems
[Subsystems] Discovering subsystems at path D:/Unity/SW_github/SW_OZ_ver2/SW OZ/Assets
GfxDevice: creating device client; threaded=0; jobified=0
Direct3D:
    Version:  Direct3D 11.0 [level 11.1]
    Renderer: NVIDIA GeForce RTX 3060 (ID=0x2504)
    Vendor:   NVIDIA
    VRAM:     12129 MB
    Driver:   31.0.15.3598
Initialize mono
Mono path[0] = 'C:/Program Files/Unity/Hub/Editor/2022.3.24f1/Editor/Data/Managed'
Mono path[1] = 'C:/Program Files/Unity/Hub/Editor/2022.3.24f1/Editor/Data/MonoBleedingEdge/lib/mono/unityjit-win32'
Mono config path = 'C:/Program Files/Unity/Hub/Editor/2022.3.24f1/Editor/Data/MonoBleedingEdge/etc'
Using monoOptions --debugger-agent=transport=dt_socket,embedding=1,server=y,suspend=n,address=127.0.0.1:56640
Begin MonoManager ReloadAssembly
Registering precompiled unity dll's ...
Register platform support module: C:/Program Files/Unity/Hub/Editor/2022.3.24f1/Editor/Data/PlaybackEngines/WebGLSupport/UnityEditor.WebGL.Extensions.dll
Register platform support module: C:/Program Files/Unity/Hub/Editor/2022.3.24f1/Editor/Data/PlaybackEngines/MacStandaloneSupport/UnityEditor.OSXStandalone.Extensions.dll
Register platform support module: C:/Program Files/Unity/Hub/Editor/2022.3.24f1/Editor/Data/PlaybackEngines/AndroidPlayer/UnityEditor.Android.Extensions.dll
Register platform support module: C:/Program Files/Unity/Hub/Editor/2022.3.24f1/Editor/Data/PlaybackEngines/iOSSupport/UnityEditor.iOS.Extensions.dll
Register platform support module: C:/Program Files/Unity/Hub/Editor/2022.3.24f1/Editor/Data/PlaybackEngines/WindowsStandaloneSupport/UnityEditor.WindowsStandalone.Extensions.dll
Registered in 0.007667 seconds.
- Loaded All Assemblies, in  0.234 seconds
Native extension for WindowsStandalone target not found
[usbmuxd] Start listen thread
[usbmuxd] Listen thread started
Native extension for iOS target not found
Native extension for Android target not found
Native extension for OSXStandalone target not found
Native extension for WebGL target not found
Mono: successfully reloaded assembly
- Finished resetting the current domain, in  0.202 seconds
Domain Reload Profiling: 436ms
	BeginReloadAssembly (75ms)
		ExecutionOrderSort (0ms)
		DisableScriptedObjects (0ms)
		BackupInstance (0ms)
		ReleaseScriptingObjects (0ms)
		CreateAndSetChildDomain (0ms)
	RebuildCommonClasses (22ms)
	RebuildNativeTypeToScriptingClass (6ms)
	initialDomainReloadingComplete (38ms)
	LoadAllAssembliesAndSetupDomain (92ms)
		LoadAssemblies (75ms)
		RebuildTransferFunctionScriptingTraits (0ms)
		AnalyzeDomain (89ms)
			TypeCache.Refresh (88ms)
				TypeCache.ScanAssembly (79ms)
			ScanForSourceGeneratedMonoScriptInfo (0ms)
			ResolveRequiredComponents (0ms)
	FinalizeReload (203ms)
		ReleaseScriptCaches (0ms)
		RebuildScriptCaches (0ms)
		SetupLoadedEditorAssemblies (166ms)
			LogAssemblyErrors (0ms)
			InitializePlatformSupportModulesInManaged (67ms)
			SetLoadedEditorAssemblies (2ms)
			RefreshPlugins (0ms)
			BeforeProcessingInitializeOnLoad (1ms)
			ProcessInitializeOnLoadAttributes (69ms)
			ProcessInitializeOnLoadMethodAttributes (27ms)
			AfterProcessingInitializeOnLoad (0ms)
			EditorAssembliesLoaded (0ms)
		ExecutionOrderSort2 (0ms)
		AwakeInstancesAfterBackupRestoration (0ms)
========================================================================
Worker process is ready to serve import requests
Begin MonoManager ReloadAssembly
- Loaded All Assemblies, in  0.924 seconds
Refreshing native plugins compatible for Editor in 101.21 ms, found 4 plugins.
Native extension for WindowsStandalone target not found
Native extension for iOS target not found
Native extension for Android target not found
Native extension for OSXStandalone target not found
Native extension for WebGL target not found
Package Manager log level set to [2]
[Package Manager] Server::EnsureServerProcessIsRunning -- launch failed, reason: Unity was launched with the -noUpm command-line argument
[Package Manager] UpmClient::Send -- Unable to send message (not connected to UPM process).
[Package Manager] Cannot connect to Unity Package Manager local server
Mono: successfully reloaded assembly
- Finished resetting the current domain, in  0.399 seconds
Domain Reload Profiling: 1321ms
	BeginReloadAssembly (79ms)
		ExecutionOrderSort (0ms)
		DisableScriptedObjects (3ms)
		BackupInstance (0ms)
		ReleaseScriptingObjects (0ms)
		CreateAndSetChildDomain (11ms)
	RebuildCommonClasses (18ms)
	RebuildNativeTypeToScriptingClass (6ms)
	initialDomainReloadingComplete (33ms)
	LoadAllAssembliesAndSetupDomain (786ms)
		LoadAssemblies (761ms)
		RebuildTransferFunctionScriptingTraits (0ms)
		AnalyzeDomain (70ms)
			TypeCache.Refresh (59ms)
				TypeCache.ScanAssembly (49ms)
			ScanForSourceGeneratedMonoScriptInfo (8ms)
			ResolveRequiredComponents (2ms)
	FinalizeReload (399ms)
		ReleaseScriptCaches (0ms)
		RebuildScriptCaches (0ms)
		SetupLoadedEditorAssemblies (312ms)
			LogAssemblyErrors (0ms)
			InitializePlatformSupportModulesInManaged (24ms)
			SetLoadedEditorAssemblies (3ms)
			RefreshPlugins (0ms)
			BeforeProcessingInitializeOnLoad (76ms)
			ProcessInitializeOnLoadAttributes (191ms)
			ProcessInitializeOnLoadMethodAttributes (14ms)
			AfterProcessingInitializeOnLoad (4ms)
			EditorAssembliesLoaded (0ms)
		ExecutionOrderSort2 (0ms)
		AwakeInstancesAfterBackupRestoration (5ms)
Failed to load shader (instanceID 412, GUID 3e39586253f31b34f87fa7e133449b1e)
Launched and connected shader compiler UnityShaderCompiler.exe after 0.04 seconds
Refreshing native plugins compatible for Editor in 2.52 ms, found 4 plugins.
Preloading 0 native plugins for Editor in 0.00 ms.
Unloading 2918 Unused Serialized files (Serialized files now loaded: 0)
Unloading 49 unused Assets / (62.7 KB). Loaded Objects now: 3487.
Memory consumption went from 126.7 MB to 126.6 MB.
Total: 2.198400 ms (FindLiveObjects: 0.240300 ms CreateObjectMapping: 0.074500 ms MarkObjects: 1.789500 ms  DeleteObjects: 0.092900 ms)

AssetImportParameters requested are different than current active one (requested -> active):
  custom:container-demuxer-ogg: 62fdf1f143b41e24485cea50d1cbac27 -> 
  custom:video-codec-MediaFoundation-h265: 746d11721c4dcdbdad8f713fa42b33f4 -> 
  custom:video-decoder-ogg-theora: a1e56fd34408186e4bbccfd4996cb3dc -> 
  custom:framework-win-MediaFoundation: 216162199b28c13a410421893ffa2e32 -> 
  custom:CustomObjectIndexerAttribute: 9a22284fe3817be447336de3de66b15e -> 
  custom:container-demuxer-webm: 4f35f7cbe854078d1ac9338744f61a02 -> 
  custom:container-muxer-webm: aa71ff27fc2769a1b78a27578f13a17b -> 
  custom:video-decoder-webm-vp8: 9c59270c3fd7afecdb556c50c9e8de78 -> 
  custom:SearchIndexIgnoredProperties: e643bd26f0fe6173181afceb89e7c659 -> 
  custom:AudioImporter_EditorPlatform: d09bf68614088b80899f8185d706f6e7 -> 
  custom:video-encoder-webm-vp8: eb34c28f22e8b96e1ab97ce403110664 -> 
  custom:audio-decoder-ogg-vorbis: bf7c407c2cedff20999df2af8eb42d56 -> 
  custom:audio-encoder-webm-vorbis: bf7c407c2cedff20999df2af8eb42d56 -> 
========================================================================
Received Import Request.
  Time since last request: 36961.897030 seconds.
  path: Assets/Fishing Docks and Boats/Textures/TX_PoleNet_01a_ORM.TGA
  artifactKey: Guid(c595098d293014b4d956e034b58cf617) Importer(2089858483,0ecaa5967403d082aa24f35e1b516d23)
Start importing Assets/Fishing Docks and Boats/Textures/TX_PoleNet_01a_ORM.TGA using Guid(c595098d293014b4d956e034b58cf617) Importer(2089858483,0ecaa5967403d082aa24f35e1b516d23)  -> (artifact id: 'ba22e5ddcab92ccad442b44ce60ad4e2') in 0.119853 seconds
Number of updated asset objects reloaded before import = 0
Number of asset objects unloaded after import = 1
========================================================================
Received Import Request.
  Time since last request: 0.000014 seconds.
  path: Assets/PlayMaker/Editor/PlayMakerUpgradeTools.cs
  artifactKey: Guid(b2a6920d32cb98944bf2529341b9ef44) Importer(2089858483,0ecaa5967403d082aa24f35e1b516d23)
Start importing Assets/PlayMaker/Editor/PlayMakerUpgradeTools.cs using Guid(b2a6920d32cb98944bf2529341b9ef44) Importer(2089858483,0ecaa5967403d082aa24f35e1b516d23)  -> (artifact id: '09f9e86bdfaee5159bf23f3d6d66b906') in 0.017281 seconds
Number of updated asset objects reloaded before import = 0
Number of asset objects unloaded after import = 1
========================================================================
Received Import Request.
  Time since last request: 0.000017 seconds.
  path: Assets/Fishing Docks and Boats/Textures/TX_SM_Rope_01a_ORM.TGA
  artifactKey: Guid(e80961bb5c3bea8409278b453690d513) Importer(2089858483,0ecaa5967403d082aa24f35e1b516d23)
Start importing Assets/Fishing Docks and Boats/Textures/TX_SM_Rope_01a_ORM.TGA using Guid(e80961bb5c3bea8409278b453690d513) Importer(2089858483,0ecaa5967403d082aa24f35e1b516d23)  -> (artifact id: 'b61a06a4a7920309015f26a6a184ae49') in 0.019229 seconds
Number of updated asset objects reloaded before import = 0
Number of asset objects unloaded after import = 1
========================================================================
Received Import Request.
  Time since last request: 0.000030 seconds.
  path: Assets/PlayMaker/Versions/PlaymakerPreview.unitypackage
  artifactKey: Guid(ddda830d60ad2384b8cff5d58ce815ab) Importer(2089858483,0ecaa5967403d082aa24f35e1b516d23)
Start importing Assets/PlayMaker/Versions/PlaymakerPreview.unitypackage using Guid(ddda830d60ad2384b8cff5d58ce815ab) Importer(2089858483,0ecaa5967403d082aa24f35e1b516d23)  -> (artifact id: '6b5531329e7481e7e16b7318064fa6ea') in 0.013752 seconds
Number of updated asset objects reloaded before import = 0
Number of asset objects unloaded after import = 1
========================================================================
Received Import Request.
  Time since last request: 0.000064 seconds.
  path: Assets/UniGLTF/doc/animation.gif
  artifactKey: Guid(e92d02ac9e1e5ec4798e64701d980023) Importer(2089858483,0ecaa5967403d082aa24f35e1b516d23)
Start importing Assets/UniGLTF/doc/animation.gif using Guid(e92d02ac9e1e5ec4798e64701d980023) Importer(2089858483,0ecaa5967403d082aa24f35e1b516d23)  -> (artifact id: '14e1d7104d075181268c861304f13c7a') in 0.015615 seconds
Number of updated asset objects reloaded before import = 0
Number of asset objects unloaded after import = 1
========================================================================
Received Import Request.
  Time since last request: 0.000011 seconds.
  path: Assets/Fishing Docks and Boats/Textures/TX_SM_FishingBoots_01a_ORM.TGA
  artifactKey: Guid(f1d23e7bab70f0f4ebe33960aa6d69f5) Importer(2089858483,0ecaa5967403d082aa24f35e1b516d23)
Start importing Assets/Fishing Docks and Boats/Textures/TX_SM_FishingBoots_01a_ORM.TGA using Guid(f1d23e7bab70f0f4ebe33960aa6d69f5) Importer(2089858483,0ecaa5967403d082aa24f35e1b516d23)  -> (artifact id: '3b8bf6af4921809570e6c25926102485') in 0.015803 seconds
Number of updated asset objects reloaded before import = 0
Number of asset objects unloaded after import = 1
========================================================================
Received Import Request.
  Time since last request: 0.000010 seconds.
  path: Assets/Fishing Docks and Boats/Textures/TX_SM_TackleBox_01a_ORM.TGA
  artifactKey: Guid(9de2afc201a02464eb5a4a84ffbeb506) Importer(2089858483,0ecaa5967403d082aa24f35e1b516d23)
Start importing Assets/Fishing Docks and Boats/Textures/TX_SM_TackleBox_01a_ORM.TGA using Guid(9de2afc201a02464eb5a4a84ffbeb506) Importer(2089858483,0ecaa5967403d082aa24f35e1b516d23)  -> (artifact id: '164b40ae8caf808ce2d9102da351ce0e') in 0.020701 seconds
Number of updated asset objects reloaded before import = 0
Number of asset objects unloaded after import = 1
========================================================================
Received Import Request.
  Time since last request: 0.000011 seconds.
  path: Assets/UniGLTF/DepthFirstScheduler/README.md
  artifactKey: Guid(1231fa531fdd33f4baccc935c18c0872) Importer(2089858483,0ecaa5967403d082aa24f35e1b516d23)
Start importing Assets/UniGLTF/DepthFirstScheduler/README.md using Guid(1231fa531fdd33f4baccc935c18c0872) Importer(2089858483,0ecaa5967403d082aa24f35e1b516d23)  -> (artifact id: 'a91796eb6155592394092778ea09fcde') in 0.016858 seconds
Number of updated asset objects reloaded before import = 0
Number of asset objects unloaded after import = 1
========================================================================
Received Import Request.
  Time since last request: 0.000010 seconds.
  path: Assets/3D/sion/primitives/torus2.fbx
  artifactKey: Guid(0dfdb0f31a3eaf44faedefd1580f068c) Importer(2089858483,0ecaa5967403d082aa24f35e1b516d23)
Start importing Assets/3D/sion/primitives/torus2.fbx using Guid(0dfdb0f31a3eaf44faedefd1580f068c) Importer(2089858483,0ecaa5967403d082aa24f35e1b516d23)  -> (artifact id: '30803b034b311e114230a9dae65631b0') in 0.041910 seconds
Number of updated asset objects reloaded before import = 0
Number of asset objects unloaded after import = 7
========================================================================
Received Import Request.
  Time since last request: 0.000010 seconds.
  path: Assets/PlayMaker/Editor/PreUpdateChecker.cs
  artifactKey: Guid(1d8af27db4a82624db734c886597b3d5) Importer(2089858483,0ecaa5967403d082aa24f35e1b516d23)
Start importing Assets/PlayMaker/Editor/PreUpdateChecker.cs using Guid(1d8af27db4a82624db734c886597b3d5) Importer(2089858483,0ecaa5967403d082aa24f35e1b516d23)  -> (artifact id: '0acb80a93fe34b6fd6894fe420e3612c') in 0.012265 seconds
Number of updated asset objects reloaded before import = 0
Number of asset objects unloaded after import = 1
========================================================================
Received Import Request.
  Time since last request: 0.000009 seconds.
  path: Assets/PlayMaker/Editor/PlayMakerMainMenu.cs
  artifactKey: Guid(9e54f59004df2fb4698a45143762e335) Importer(2089858483,0ecaa5967403d082aa24f35e1b516d23)
Start importing Assets/PlayMaker/Editor/PlayMakerMainMenu.cs using Guid(9e54f59004df2fb4698a45143762e335) Importer(2089858483,0ecaa5967403d082aa24f35e1b516d23)  -> (artifact id: 'c9191cdde271b8750e41d0d02a399454') in 0.010937 seconds
Number of updated asset objects reloaded before import = 0
Number of asset objects unloaded after import = 1
========================================================================
Received Import Request.
  Time since last request: 0.000039 seconds.
  path: Assets/Plugins/PlayMaker/PlayMaker.dll
  artifactKey: Guid(e743331561ef77147ae48cda9bcb8209) Importer(2089858483,0ecaa5967403d082aa24f35e1b516d23)
Start importing Assets/Plugins/PlayMaker/PlayMaker.dll using Guid(e743331561ef77147ae48cda9bcb8209) Importer(2089858483,0ecaa5967403d082aa24f35e1b516d23)  -> (artifact id: 'ec9a0c0fae6315967ab818feb6306c15') in 0.029971 seconds
Number of updated asset objects reloaded before import = 0
Number of asset objects unloaded after import = 1
========================================================================
Received Import Request.
  Time since last request: 0.000012 seconds.
  path: Assets/UniGLTF/DepthFirstScheduler/Unit.cs
  artifactKey: Guid(98bd42f8c3a895d4bac6cbcf523878bb) Importer(2089858483,0ecaa5967403d082aa24f35e1b516d23)
Start importing Assets/UniGLTF/DepthFirstScheduler/Unit.cs using Guid(98bd42f8c3a895d4bac6cbcf523878bb) Importer(2089858483,0ecaa5967403d082aa24f35e1b516d23)  -> (artifact id: '93ea4b63af61fe6915e02055bf58a263') in 0.014270 seconds
Number of updated asset objects reloaded before import = 0
Number of asset objects unloaded after import = 1
========================================================================
Received Import Request.
  Time since last request: 0.000073 seconds.
  path: Assets/PlayMaker/Editor/PlayMakerAddonManager.cs
  artifactKey: Guid(bce1de5ad847f6f4f901a5a40c7285a3) Importer(2089858483,0ecaa5967403d082aa24f35e1b516d23)
Start importing Assets/PlayMaker/Editor/PlayMakerAddonManager.cs using Guid(bce1de5ad847f6f4f901a5a40c7285a3) Importer(2089858483,0ecaa5967403d082aa24f35e1b516d23)  -> (artifact id: '7fcd39a34c13421c8c3fe6c1d9542d3a') in 0.015585 seconds
Number of updated asset objects reloaded before import = 0
Number of asset objects unloaded after import = 1
========================================================================
Received Import Request.
  Time since last request: 0.000009 seconds.
  path: Assets/Fishing Docks and Boats/Textures/TX_Tyre_NRM.TGA
  artifactKey: Guid(573e04bc268b92b419e27453fb85693e) Importer(2089858483,0ecaa5967403d082aa24f35e1b516d23)
Start importing Assets/Fishing Docks and Boats/Textures/TX_Tyre_NRM.TGA using Guid(573e04bc268b92b419e27453fb85693e) Importer(2089858483,0ecaa5967403d082aa24f35e1b516d23)  -> (artifact id: '6b245fdd483c02f6c7ab4b346c30424e') in 0.019129 seconds
Number of updated asset objects reloaded before import = 0
Number of asset objects unloaded after import = 1
========================================================================
Received Import Request.
  Time since last request: 0.000011 seconds.
  path: Assets/PlayMaker/Editor/FsmComponentInspector.cs
  artifactKey: Guid(9306c4050cc990b469e6ae598fec8935) Importer(2089858483,0ecaa5967403d082aa24f35e1b516d23)
Start importing Assets/PlayMaker/Editor/FsmComponentInspector.cs using Guid(9306c4050cc990b469e6ae598fec8935) Importer(2089858483,0ecaa5967403d082aa24f35e1b516d23)  -> (artifact id: '83265167f1a45e2719eb098361351b84') in 0.012701 seconds
Number of updated asset objects reloaded before import = 0
Number of asset objects unloaded after import = 1
========================================================================
Received Import Request.
  Time since last request: 0.000016 seconds.
  path: Assets/STYLY_Plugin/STYLY_InteractionSDK/README.md
  artifactKey: Guid(e29bf74ed87c6eb4da16ecbda24e8bac) Importer(2089858483,0ecaa5967403d082aa24f35e1b516d23)
Start importing Assets/STYLY_Plugin/STYLY_InteractionSDK/README.md using Guid(e29bf74ed87c6eb4da16ecbda24e8bac) Importer(2089858483,0ecaa5967403d082aa24f35e1b516d23)  -> (artifact id: 'fc9f7d7ade7e3f009450e49c80612485') in 0.015990 seconds
Number of updated asset objects reloaded before import = 0
Number of asset objects unloaded after import = 1
========================================================================
Received Import Request.
  Time since last request: 0.000011 seconds.
  path: Assets/3D/sion/primitives/tri.fbx
  artifactKey: Guid(d96baf8cf1e082e4ba7b8f2b1d1ce26b) Importer(2089858483,0ecaa5967403d082aa24f35e1b516d23)
Start importing Assets/3D/sion/primitives/tri.fbx using Guid(d96baf8cf1e082e4ba7b8f2b1d1ce26b) Importer(2089858483,0ecaa5967403d082aa24f35e1b516d23)  -> (artifact id: '422a46785c449a1f6bc2fb337e948eeb') in 0.019294 seconds
Number of updated asset objects reloaded before import = 0
Number of asset objects unloaded after import = 7
========================================================================
Received Import Request.
  Time since last request: 1.405532 seconds.
  path: Assets/Alstra Infinite/Fish - PolyPack/Prefabs/FishV4.prefab
  artifactKey: Guid(a05072560c3476b4cb8dddf22f697392) Importer(2089858483,0ecaa5967403d082aa24f35e1b516d23)
Start importing Assets/Alstra Infinite/Fish - PolyPack/Prefabs/FishV4.prefab using Guid(a05072560c3476b4cb8dddf22f697392) Importer(2089858483,0ecaa5967403d082aa24f35e1b516d23)  -> (artifact id: 'f885ac96aaaf0f75f1490d5e0ea9495e') in 0.027688 seconds
Number of updated asset objects reloaded before import = 0
Number of asset objects unloaded after import = 8
========================================================================
Received Import Request.
  Time since last request: 0.000013 seconds.
  path: Assets/Fishing Docks and Boats/Scenes/Example/Lightmap-2_comp_light.exr
  artifactKey: Guid(64d7fbeb670e6884f829bc1b8f238086) Importer(2089858483,0ecaa5967403d082aa24f35e1b516d23)
Start importing Assets/Fishing Docks and Boats/Scenes/Example/Lightmap-2_comp_light.exr using Guid(64d7fbeb670e6884f829bc1b8f238086) Importer(2089858483,0ecaa5967403d082aa24f35e1b516d23)  -> (artifact id: '63dfcdb4238a32605732e3c10273daa3') in 0.038882 seconds
Number of updated asset objects reloaded before import = 0
Number of asset objects unloaded after import = 1
========================================================================
Received Import Request.
  Time since last request: 0.000009 seconds.
  path: Assets/PlayMaker/Actions/Array/ArrayShuffle.cs
  artifactKey: Guid(ee06ffed02f3bbd4682befa29dfb5ab2) Importer(2089858483,0ecaa5967403d082aa24f35e1b516d23)
Start importing Assets/PlayMaker/Actions/Array/ArrayShuffle.cs using Guid(ee06ffed02f3bbd4682befa29dfb5ab2) Importer(2089858483,0ecaa5967403d082aa24f35e1b516d23)  -> (artifact id: '7a692d7a97fb7ee5b565f8dbf81b34c6') in 0.037537 seconds
Number of updated asset objects reloaded before import = 0
Number of asset objects unloaded after import = 1
========================================================================
Received Import Request.
  Time since last request: 0.000015 seconds.
  path: Assets/PlayMaker/Actions/Array/FsmArraySet.cs
  artifactKey: Guid(05ff3fe206f2df14a97c72576c1a36f9) Importer(2089858483,0ecaa5967403d082aa24f35e1b516d23)
Start importing Assets/PlayMaker/Actions/Array/FsmArraySet.cs using Guid(05ff3fe206f2df14a97c72576c1a36f9) Importer(2089858483,0ecaa5967403d082aa24f35e1b516d23)  -> (artifact id: '380d037fd52cab12e2f3dae335f38e26') in 0.012107 seconds
Number of updated asset objects reloaded before import = 0
Number of asset objects unloaded after import = 1
========================================================================
Received Import Request.
  Time since last request: 0.000009 seconds.
  path: Assets/PlayMaker/Actions/AnimateVariables/AnimateFloat.cs
  artifactKey: Guid(5e775993337e0034e97e098d6575306c) Importer(2089858483,0ecaa5967403d082aa24f35e1b516d23)
Start importing Assets/PlayMaker/Actions/AnimateVariables/AnimateFloat.cs using Guid(5e775993337e0034e97e098d6575306c) Importer(2089858483,0ecaa5967403d082aa24f35e1b516d23)  -> (artifact id: '790ed5587755b7952984869073d5a930') in 0.016973 seconds
Number of updated asset objects reloaded before import = 0
Number of asset objects unloaded after import = 1
========================================================================
Received Import Request.
  Time since last request: 0.000011 seconds.
  path: Assets/PlayMaker/Actions/Animator/GetAnimatorCurrentTransitionInfo.cs
  artifactKey: Guid(0fe9a3bd420ec47b2bc6bdae6cdaa4ab) Importer(2089858483,0ecaa5967403d082aa24f35e1b516d23)
Start importing Assets/PlayMaker/Actions/Animator/GetAnimatorCurrentTransitionInfo.cs using Guid(0fe9a3bd420ec47b2bc6bdae6cdaa4ab) Importer(2089858483,0ecaa5967403d082aa24f35e1b516d23)  -> (artifact id: 'b331c2a5cd62b0d0d7230d466c4d5a86') in 0.017333 seconds
Number of updated asset objects reloaded before import = 0
Number of asset objects unloaded after import = 1
========================================================================
Received Import Request.
  Time since last request: 0.000010 seconds.
  path: Assets/PlayMaker/Actions/Animation/EnableAnimation.cs
  artifactKey: Guid(4e18e42fb3afda04aa50874569cb30f1) Importer(2089858483,0ecaa5967403d082aa24f35e1b516d23)
Start importing Assets/PlayMaker/Actions/Animation/EnableAnimation.cs using Guid(4e18e42fb3afda04aa50874569cb30f1) Importer(2089858483,0ecaa5967403d082aa24f35e1b516d23)  -> (artifact id: 'e76de3f4c38560844ad4d07a292d76f5') in 0.016046 seconds
Number of updated asset objects reloaded before import = 0
Number of asset objects unloaded after import = 1
========================================================================
Received Import Request.
  Time since last request: 0.000017 seconds.
  path: Assets/PlayMaker/Actions/Array/ArrayCompare.cs
  artifactKey: Guid(8f617d80a5e404e479b3556a2fd5a718) Importer(2089858483,0ecaa5967403d082aa24f35e1b516d23)
Start importing Assets/PlayMaker/Actions/Array/ArrayCompare.cs using Guid(8f617d80a5e404e479b3556a2fd5a718) Importer(2089858483,0ecaa5967403d082aa24f35e1b516d23)  -> (artifact id: '7444e592ec076213df48ca788471078b') in 0.017655 seconds
Number of updated asset objects reloaded before import = 0
Number of asset objects unloaded after import = 1
========================================================================
Received Import Request.
  Time since last request: 0.000010 seconds.
  path: Assets/PlayMaker/Actions/Animator/SyncAnimatorBoolToState.cs
  artifactKey: Guid(9e2bff5270109a043b23a5cdf29852d4) Importer(2089858483,0ecaa5967403d082aa24f35e1b516d23)
Start importing Assets/PlayMaker/Actions/Animator/SyncAnimatorBoolToState.cs using Guid(9e2bff5270109a043b23a5cdf29852d4) Importer(2089858483,0ecaa5967403d082aa24f35e1b516d23)  -> (artifact id: '5c548b8c08dcbe91d197dee817109d2b') in 0.015726 seconds
Number of updated asset objects reloaded before import = 0
Number of asset objects unloaded after import = 1
========================================================================
Received Import Request.
  Time since last request: 0.000051 seconds.
  path: Assets/PlayMaker/Actions/AnimateVariables/AnimateRect.cs
  artifactKey: Guid(4683a6d913750504f830330947fddac8) Importer(2089858483,0ecaa5967403d082aa24f35e1b516d23)
Start importing Assets/PlayMaker/Actions/AnimateVariables/AnimateRect.cs using Guid(4683a6d913750504f830330947fddac8) Importer(2089858483,0ecaa5967403d082aa24f35e1b516d23)  -> (artifact id: '5ad5e62fb777ffa7bbfff7a43437beb9') in 0.014461 seconds
Number of updated asset objects reloaded before import = 0
Number of asset objects unloaded after import = 1
========================================================================
Received Import Request.
  Time since last request: 0.000010 seconds.
  path: Assets/PlayMaker/Actions/Animation/RewindAnimation.cs
  artifactKey: Guid(df5af008ae532374aa35afd9bfd06177) Importer(2089858483,0ecaa5967403d082aa24f35e1b516d23)
Start importing Assets/PlayMaker/Actions/Animation/RewindAnimation.cs using Guid(df5af008ae532374aa35afd9bfd06177) Importer(2089858483,0ecaa5967403d082aa24f35e1b516d23)  -> (artifact id: '80b25f294c857a4ea1429027758fd668') in 0.016119 seconds
Number of updated asset objects reloaded before import = 0
Number of asset objects unloaded after import = 1
========================================================================
Received Import Request.
  Time since last request: 0.000010 seconds.
  path: Assets/PlayMaker/Actions/Animator/GetAnimatorCullingMode.cs
  artifactKey: Guid(ca51ebe2658064289907fa675fcd5b5e) Importer(2089858483,0ecaa5967403d082aa24f35e1b516d23)
Start importing Assets/PlayMaker/Actions/Animator/GetAnimatorCullingMode.cs using Guid(ca51ebe2658064289907fa675fcd5b5e) Importer(2089858483,0ecaa5967403d082aa24f35e1b516d23)  -> (artifact id: '87e9859380ed63504587c1527c6af0e6') in 0.040473 seconds
Number of updated asset objects reloaded before import = 0
Number of asset objects unloaded after import = 1
========================================================================
Received Import Request.
  Time since last request: 0.000014 seconds.
  path: Assets/PlayMaker/Actions/Animation/BaseAnimationAction.cs
  artifactKey: Guid(ce8daff68704b6449ae96e8e79b6fc18) Importer(2089858483,0ecaa5967403d082aa24f35e1b516d23)
Start importing Assets/PlayMaker/Actions/Animation/BaseAnimationAction.cs using Guid(ce8daff68704b6449ae96e8e79b6fc18) Importer(2089858483,0ecaa5967403d082aa24f35e1b516d23)  -> (artifact id: 'aad2283de1f38f179d4b2c254a0fcd18') in 0.016153 seconds
Number of updated asset objects reloaded before import = 0
Number of asset objects unloaded after import = 1
========================================================================
Received Import Request.
  Time since last request: 0.000010 seconds.
  path: Assets/PlayMaker/Actions/Animator/GetAnimatorTarget.cs
  artifactKey: Guid(dc36092a0e28842d4bd974422ff9b206) Importer(2089858483,0ecaa5967403d082aa24f35e1b516d23)
Start importing Assets/PlayMaker/Actions/Animator/GetAnimatorTarget.cs using Guid(dc36092a0e28842d4bd974422ff9b206) Importer(2089858483,0ecaa5967403d082aa24f35e1b516d23)  -> (artifact id: '9361997b807d292f0a374640da7c4c65') in 0.016159 seconds
Number of updated asset objects reloaded before import = 0
Number of asset objects unloaded after import = 1
========================================================================
Received Import Request.
  Time since last request: 0.000010 seconds.
  path: Assets/PlayMaker/Actions/Animator/AnimatorStartPlayback.cs
  artifactKey: Guid(57b6a2622136741beb45f95f75cf1433) Importer(2089858483,0ecaa5967403d082aa24f35e1b516d23)
Start importing Assets/PlayMaker/Actions/Animator/AnimatorStartPlayback.cs using Guid(57b6a2622136741beb45f95f75cf1433) Importer(2089858483,0ecaa5967403d082aa24f35e1b516d23)  -> (artifact id: '3c8ffac31f9804833b99ced865416b54') in 0.018355 seconds
Number of updated asset objects reloaded before import = 0
Number of asset objects unloaded after import = 1
========================================================================
Received Import Request.
  Time since last request: 0.000011 seconds.
  path: Assets/PlayMaker/Actions/Animator/SetAnimatorStabilizeFeet.cs
  artifactKey: Guid(5ca00c3f794764e0884a2e7e8bcb99fb) Importer(2089858483,0ecaa5967403d082aa24f35e1b516d23)
Start importing Assets/PlayMaker/Actions/Animator/SetAnimatorStabilizeFeet.cs using Guid(5ca00c3f794764e0884a2e7e8bcb99fb) Importer(2089858483,0ecaa5967403d082aa24f35e1b516d23)  -> (artifact id: '2619263ba9547b86b8c697d4183103ce') in 0.013782 seconds
Number of updated asset objects reloaded before import = 0
Number of asset objects unloaded after import = 1
========================================================================
Received Import Request.
  Time since last request: 0.000011 seconds.
  path: Assets/PlayMaker/Actions/Array/ArrayLength.cs
  artifactKey: Guid(bdba2552ffbbbc74b9d67cb2b54e1324) Importer(2089858483,0ecaa5967403d082aa24f35e1b516d23)
Start importing Assets/PlayMaker/Actions/Array/ArrayLength.cs using Guid(bdba2552ffbbbc74b9d67cb2b54e1324) Importer(2089858483,0ecaa5967403d082aa24f35e1b516d23)  -> (artifact id: '65d2681a02e9fea49e5df193c267caa0') in 0.014764 seconds
Number of updated asset objects reloaded before import = 0
Number of asset objects unloaded after import = 1
========================================================================
Received Import Request.
  Time since last request: 0.000018 seconds.
  path: Assets/PlayMaker/Actions/Animation/PlayRandomAnimation.cs
  artifactKey: Guid(c17b3e1c679e6aa4589c924799fb14fa) Importer(2089858483,0ecaa5967403d082aa24f35e1b516d23)
Start importing Assets/PlayMaker/Actions/Animation/PlayRandomAnimation.cs using Guid(c17b3e1c679e6aa4589c924799fb14fa) Importer(2089858483,0ecaa5967403d082aa24f35e1b516d23)  -> (artifact id: '59f39318da858e1bd44ebdc75c9c4818') in 0.022182 seconds
Number of updated asset objects reloaded before import = 0
Number of asset objects unloaded after import = 1
========================================================================
Received Import Request.
  Time since last request: 1.311135 seconds.
  path: Assets/PlayMaker/Actions/Audio/PlayRandomSound.cs
  artifactKey: Guid(c3b74a4cd320a6e43a7fa4a99b4b6d8c) Importer(2089858483,0ecaa5967403d082aa24f35e1b516d23)
Start importing Assets/PlayMaker/Actions/Audio/PlayRandomSound.cs using Guid(c3b74a4cd320a6e43a7fa4a99b4b6d8c) Importer(2089858483,0ecaa5967403d082aa24f35e1b516d23)  -> (artifact id: '0ebcdcc86c2c7985965d8a1617b6b2a7') in 0.028440 seconds
Number of updated asset objects reloaded before import = 0
Number of asset objects unloaded after import = 1
========================================================================
Received Import Request.
  Time since last request: 0.000022 seconds.
  path: Assets/PlayMaker/Actions/GameObject/DetachChildren.cs
  artifactKey: Guid(0d294200b68c2f940b889d6def70521a) Importer(2089858483,0ecaa5967403d082aa24f35e1b516d23)
Start importing Assets/PlayMaker/Actions/GameObject/DetachChildren.cs using Guid(0d294200b68c2f940b889d6def70521a) Importer(2089858483,0ecaa5967403d082aa24f35e1b516d23)  -> (artifact id: '8889115fe5ceb17b846e67e5cc8302e2') in 0.012840 seconds
Number of updated asset objects reloaded before import = 0
Number of asset objects unloaded after import = 1
========================================================================
Received Import Request.
  Time since last request: 0.000010 seconds.
  path: Assets/PlayMaker/Actions/Gamepad/GamepadReadStickValue.cs
  artifactKey: Guid(e0e68f26cf4edef41acf456ad70b4403) Importer(2089858483,0ecaa5967403d082aa24f35e1b516d23)
Start importing Assets/PlayMaker/Actions/Gamepad/GamepadReadStickValue.cs using Guid(e0e68f26cf4edef41acf456ad70b4403) Importer(2089858483,0ecaa5967403d082aa24f35e1b516d23)  -> (artifact id: 'e9a97e3cf62b296975b67a8e3024fe76') in 0.016635 seconds
Number of updated asset objects reloaded before import = 0
Number of asset objects unloaded after import = 1
========================================================================
Received Import Request.
  Time since last request: 0.000010 seconds.
  path: Assets/PlayMaker/Actions/GUILayout/GUILayoutTextLabel.cs
  artifactKey: Guid(c4ce0c89f6af5a6409cb7b0a80d27ceb) Importer(2089858483,0ecaa5967403d082aa24f35e1b516d23)
Start importing Assets/PlayMaker/Actions/GUILayout/GUILayoutTextLabel.cs using Guid(c4ce0c89f6af5a6409cb7b0a80d27ceb) Importer(2089858483,0ecaa5967403d082aa24f35e1b516d23)  -> (artifact id: '69b3649040ecf1f88c3cc76982ba475f') in 0.015078 seconds
Number of updated asset objects reloaded before import = 0
Number of asset objects unloaded after import = 1
========================================================================
Received Import Request.
  Time since last request: 0.000038 seconds.
  path: Assets/PlayMaker/Actions/Debug/DrawDebugLine.cs
  artifactKey: Guid(18bfd2197dc13c44c81ae8f279f87a21) Importer(2089858483,0ecaa5967403d082aa24f35e1b516d23)
Start importing Assets/PlayMaker/Actions/Debug/DrawDebugLine.cs using Guid(18bfd2197dc13c44c81ae8f279f87a21) Importer(2089858483,0ecaa5967403d082aa24f35e1b516d23)  -> (artifact id: 'f63a7202288780e3cf3856e18facfbd6') in 0.014623 seconds
Number of updated asset objects reloaded before import = 0
Number of asset objects unloaded after import = 1
========================================================================
Received Import Request.
  Time since last request: 0.000010 seconds.
  path: Assets/PlayMaker/Actions/Editor/RunFsmEditor.cs
  artifactKey: Guid(8b8bff15141490642ae4a9c182e2a112) Importer(2089858483,0ecaa5967403d082aa24f35e1b516d23)
Start importing Assets/PlayMaker/Actions/Editor/RunFsmEditor.cs using Guid(8b8bff15141490642ae4a9c182e2a112) Importer(2089858483,0ecaa5967403d082aa24f35e1b516d23)  -> (artifact id: 'a49b9515b5933aa6efb5d7b27e88e122') in 0.016292 seconds
Number of updated asset objects reloaded before import = 0
Number of asset objects unloaded after import = 1
========================================================================
Received Import Request.
  Time since last request: 0.000013 seconds.
  path: Assets/PlayMaker/Actions/Gamepad/GamepadButtonEvents.cs
  artifactKey: Guid(d668c292cece3114c800b8cf3efbe6ec) Importer(2089858483,0ecaa5967403d082aa24f35e1b516d23)
Start importing Assets/PlayMaker/Actions/Gamepad/GamepadButtonEvents.cs using Guid(d668c292cece3114c800b8cf3efbe6ec) Importer(2089858483,0ecaa5967403d082aa24f35e1b516d23)  -> (artifact id: 'c0be1b9a0db9f6aff7a691db29eefae1') in 0.016095 seconds
Number of updated asset objects reloaded before import = 0
Number of asset objects unloaded after import = 1
========================================================================
Received Import Request.
  Time since last request: 0.000016 seconds.
  path: Assets/PlayMaker/Actions/GUI/GUIElementHitTest.cs
  artifactKey: Guid(245d4ced7ea5e644caa802866b4057b1) Importer(2089858483,0ecaa5967403d082aa24f35e1b516d23)
Start importing Assets/PlayMaker/Actions/GUI/GUIElementHitTest.cs using Guid(245d4ced7ea5e644caa802866b4057b1) Importer(2089858483,0ecaa5967403d082aa24f35e1b516d23)  -> (artifact id: '003b8cc1e70b4f792e705864218342cc') in 0.016633 seconds
Number of updated asset objects reloaded before import = 0
Number of asset objects unloaded after import = 1
========================================================================
Received Import Request.
  Time since last request: 0.000008 seconds.
  path: Assets/PlayMaker/Actions/GUI/RotateGUI.cs
  artifactKey: Guid(c3eee34a1e1638a438487dcbdb4616ef) Importer(2089858483,0ecaa5967403d082aa24f35e1b516d23)
Start importing Assets/PlayMaker/Actions/GUI/RotateGUI.cs using Guid(c3eee34a1e1638a438487dcbdb4616ef) Importer(2089858483,0ecaa5967403d082aa24f35e1b516d23)  -> (artifact id: '8c6cbc0c8a181579f32eab9118f9b4d4') in 0.014229 seconds
Number of updated asset objects reloaded before import = 0
Number of asset objects unloaded after import = 1
========================================================================
Received Import Request.
  Time since last request: 0.000009 seconds.
  path: Assets/PlayMaker/Actions/Editor/LookAtActionEditor.cs
  artifactKey: Guid(8f2a69e5a6699e64ca61a6e6effee186) Importer(2089858483,0ecaa5967403d082aa24f35e1b516d23)
Start importing Assets/PlayMaker/Actions/Editor/LookAtActionEditor.cs using Guid(8f2a69e5a6699e64ca61a6e6effee186) Importer(2089858483,0ecaa5967403d082aa24f35e1b516d23)  -> (artifact id: 'eb0682c079dcb392f540eeb794b2bf11') in 0.014308 seconds
Number of updated asset objects reloaded before import = 0
Number of asset objects unloaded after import = 1
========================================================================
Received Import Request.
  Time since last request: 0.000011 seconds.
  path: Assets/PlayMaker/Actions/Debug/BaseLogAction.cs
  artifactKey: Guid(e7bb225a384e052488dbd18116e55f54) Importer(2089858483,0ecaa5967403d082aa24f35e1b516d23)
Start importing Assets/PlayMaker/Actions/Debug/BaseLogAction.cs using Guid(e7bb225a384e052488dbd18116e55f54) Importer(2089858483,0ecaa5967403d082aa24f35e1b516d23)  -> (artifact id: 'bcab6a902d392c15f04de37a7dce2ac7') in 0.016251 seconds
Number of updated asset objects reloaded before import = 0
Number of asset objects unloaded after import = 1
========================================================================
Received Import Request.
  Time since last request: 0.000016 seconds.
  path: Assets/PlayMaker/Actions/Debug/DebugDrawShape.cs
  artifactKey: Guid(8631f4b0c29b45e4ab58995114fa2ad2) Importer(2089858483,0ecaa5967403d082aa24f35e1b516d23)
Start importing Assets/PlayMaker/Actions/Debug/DebugDrawShape.cs using Guid(8631f4b0c29b45e4ab58995114fa2ad2) Importer(2089858483,0ecaa5967403d082aa24f35e1b516d23)  -> (artifact id: 'be4ed79a102ed6a101b180403fca596b') in 0.015433 seconds
Number of updated asset objects reloaded before import = 0
Number of asset objects unloaded after import = 1
========================================================================
Received Import Request.
  Time since last request: 0.000010 seconds.
  path: Assets/PlayMaker/Actions/Input/MouseLook.cs
  artifactKey: Guid(9cb5ef034cae1a047b7cc81407619144) Importer(2089858483,0ecaa5967403d082aa24f35e1b516d23)
Start importing Assets/PlayMaker/Actions/Input/MouseLook.cs using Guid(9cb5ef034cae1a047b7cc81407619144) Importer(2089858483,0ecaa5967403d082aa24f35e1b516d23)  -> (artifact id: '6c4c1a83ff8ed90db7f3ac0d9ed810fb') in 0.016063 seconds
Number of updated asset objects reloaded before import = 0
Number of asset objects unloaded after import = 1
========================================================================
Received Import Request.
  Time since last request: 0.000013 seconds.
  path: Assets/PlayMaker/Actions/Audio/SetAudioPitch.cs
  artifactKey: Guid(bcee416ff0c12e34f94c8f3552122e6c) Importer(2089858483,0ecaa5967403d082aa24f35e1b516d23)
Start importing Assets/PlayMaker/Actions/Audio/SetAudioPitch.cs using Guid(bcee416ff0c12e34f94c8f3552122e6c) Importer(2089858483,0ecaa5967403d082aa24f35e1b516d23)  -> (artifact id: '10a1f5d70fbb12bd0acb5287ac5679ec') in 0.016670 seconds
Number of updated asset objects reloaded before import = 0
Number of asset objects unloaded after import = 1
========================================================================
Received Import Request.
  Time since last request: 0.000015 seconds.
  path: Assets/PlayMaker/Actions/GUIElement/SetGUITexture.cs
  artifactKey: Guid(983d4f76436f46b4bbff9fd836a5f482) Importer(2089858483,0ecaa5967403d082aa24f35e1b516d23)
Start importing Assets/PlayMaker/Actions/GUIElement/SetGUITexture.cs using Guid(983d4f76436f46b4bbff9fd836a5f482) Importer(2089858483,0ecaa5967403d082aa24f35e1b516d23)  -> (artifact id: '7bfd342680b70e9abf7d4600a9c93fb8') in 0.013097 seconds
Number of updated asset objects reloaded before import = 0
Number of asset objects unloaded after import = 1
========================================================================
Received Import Request.
  Time since last request: 0.000011 seconds.
  path: Assets/PlayMaker/Actions/Debug/DebugInt.cs
  artifactKey: Guid(dd0da7275cd2ad74b890f9acc2fe1918) Importer(2089858483,0ecaa5967403d082aa24f35e1b516d23)
Start importing Assets/PlayMaker/Actions/Debug/DebugInt.cs using Guid(dd0da7275cd2ad74b890f9acc2fe1918) Importer(2089858483,0ecaa5967403d082aa24f35e1b516d23)  -> (artifact id: 'a6982f468d81c2e955b87c29e1102518') in 0.014738 seconds
Number of updated asset objects reloaded before import = 0
Number of asset objects unloaded after import = 1
========================================================================
Received Import Request.
  Time since last request: 0.000014 seconds.
  path: Assets/PlayMaker/Actions/Camera/GetMainCamera.cs
  artifactKey: Guid(c85da2b6adfa49441ad3f64fb7ecbc3b) Importer(2089858483,0ecaa5967403d082aa24f35e1b516d23)
Start importing Assets/PlayMaker/Actions/Camera/GetMainCamera.cs using Guid(c85da2b6adfa49441ad3f64fb7ecbc3b) Importer(2089858483,0ecaa5967403d082aa24f35e1b516d23)  -> (artifact id: '79843bea6716d9f3571a4600f0f85924') in 0.014394 seconds
Number of updated asset objects reloaded before import = 0
Number of asset objects unloaded after import = 1
========================================================================
Received Import Request.
  Time since last request: 0.000009 seconds.
  path: Assets/PlayMaker/Actions/Gamepad/GamepadActionBase.cs
  artifactKey: Guid(90edd0e7fd7720b449daba515b24eda8) Importer(2089858483,0ecaa5967403d082aa24f35e1b516d23)
Start importing Assets/PlayMaker/Actions/Gamepad/GamepadActionBase.cs using Guid(90edd0e7fd7720b449daba515b24eda8) Importer(2089858483,0ecaa5967403d082aa24f35e1b516d23)  -> (artifact id: '784db30b81f6d0b29da78692158e22f1') in 0.016487 seconds
Number of updated asset objects reloaded before import = 0
Number of asset objects unloaded after import = 1
========================================================================
Received Import Request.
  Time since last request: 0.000010 seconds.
  path: Assets/PlayMaker/Actions/GameObject/CreateNewGameObject.cs
  artifactKey: Guid(d7946256d0be1714ca4e44afb546ad37) Importer(2089858483,0ecaa5967403d082aa24f35e1b516d23)
Start importing Assets/PlayMaker/Actions/GameObject/CreateNewGameObject.cs using Guid(d7946256d0be1714ca4e44afb546ad37) Importer(2089858483,0ecaa5967403d082aa24f35e1b516d23)  -> (artifact id: '468255586132dae3522cd080faf293fc') in 0.015029 seconds
Number of updated asset objects reloaded before import = 0
Number of asset objects unloaded after import = 1
========================================================================
Received Import Request.
  Time since last request: 0.000008 seconds.
  path: Assets/PlayMaker/Actions/Device/DetectDeviceOrientation.cs
  artifactKey: Guid(ee9fdab5d94faa74199212719ee63055) Importer(2089858483,0ecaa5967403d082aa24f35e1b516d23)
Start importing Assets/PlayMaker/Actions/Device/DetectDeviceOrientation.cs using Guid(ee9fdab5d94faa74199212719ee63055) Importer(2089858483,0ecaa5967403d082aa24f35e1b516d23)  -> (artifact id: '3acd4595ef51268510d75f1bcfcb2fc6') in 0.014972 seconds
Number of updated asset objects reloaded before import = 0
Number of asset objects unloaded after import = 1
========================================================================
Received Import Request.
  Time since last request: 0.000012 seconds.
  path: Assets/PlayMaker/Actions/Editor/MoveTowardsActionEditor.cs
  artifactKey: Guid(45c59c6d5dd951b4f9ff008c28d50fc4) Importer(2089858483,0ecaa5967403d082aa24f35e1b516d23)
Start importing Assets/PlayMaker/Actions/Editor/MoveTowardsActionEditor.cs using Guid(45c59c6d5dd951b4f9ff008c28d50fc4) Importer(2089858483,0ecaa5967403d082aa24f35e1b516d23)  -> (artifact id: '37d2e1e42403168c5c77bf6b2a845312') in 0.016835 seconds
Number of updated asset objects reloaded before import = 0
Number of asset objects unloaded after import = 1
========================================================================
Received Import Request.
  Time since last request: 0.000024 seconds.
  path: Assets/PlayMaker/Actions/GUIElement/SetGUIText.cs
  artifactKey: Guid(df24cbf936769a341b29239c83db2386) Importer(2089858483,0ecaa5967403d082aa24f35e1b516d23)
Start importing Assets/PlayMaker/Actions/GUIElement/SetGUIText.cs using Guid(df24cbf936769a341b29239c83db2386) Importer(2089858483,0ecaa5967403d082aa24f35e1b516d23)  -> (artifact id: 'c737dcb1bc40b12255a55feb10427114') in 0.013775 seconds
Number of updated asset objects reloaded before import = 0
Number of asset objects unloaded after import = 1
========================================================================
Received Import Request.
  Time since last request: 0.000009 seconds.
  path: Assets/PlayMaker/Actions/Debug/DebugObject.cs
  artifactKey: Guid(2b0f9963f42fa364a8b2ac7110f32fb0) Importer(2089858483,0ecaa5967403d082aa24f35e1b516d23)
Start importing Assets/PlayMaker/Actions/Debug/DebugObject.cs using Guid(2b0f9963f42fa364a8b2ac7110f32fb0) Importer(2089858483,0ecaa5967403d082aa24f35e1b516d23)  -> (artifact id: '3e5c69aa6b03de2fa2e01301e69cb5cf') in 0.013678 seconds
Number of updated asset objects reloaded before import = 0
Number of asset objects unloaded after import = 1
========================================================================
Received Import Request.
  Time since last request: 0.000017 seconds.
  path: Assets/PlayMaker/Actions/Camera/ClampOrthographicView.cs
  artifactKey: Guid(6c5552f88da85044888b8a1012e9a30a) Importer(2089858483,0ecaa5967403d082aa24f35e1b516d23)
Start importing Assets/PlayMaker/Actions/Camera/ClampOrthographicView.cs using Guid(6c5552f88da85044888b8a1012e9a30a) Importer(2089858483,0ecaa5967403d082aa24f35e1b516d23)  -> (artifact id: '78c0bf71b3281e06133b2bed538bc512') in 0.015363 seconds
Number of updated asset objects reloaded before import = 0
Number of asset objects unloaded after import = 1
========================================================================
Received Import Request.
  Time since last request: 0.000010 seconds.
  path: Assets/PlayMaker/Actions/GameObject/GetNextChild.cs
  artifactKey: Guid(2750bf7d1d5757341ac1d3b3934ba848) Importer(2089858483,0ecaa5967403d082aa24f35e1b516d23)
Start importing Assets/PlayMaker/Actions/GameObject/GetNextChild.cs using Guid(2750bf7d1d5757341ac1d3b3934ba848) Importer(2089858483,0ecaa5967403d082aa24f35e1b516d23)  -> (artifact id: '443d7b768453dce782f5c30ce38ca158') in 0.013274 seconds
Number of updated asset objects reloaded before import = 0
Number of asset objects unloaded after import = 1
========================================================================
Received Import Request.
  Time since last request: 0.000013 seconds.
  path: Assets/PlayMaker/Actions/Input/GetKeyUp.cs
  artifactKey: Guid(b6f54ffcea7679849b1fc474dab578c7) Importer(2089858483,0ecaa5967403d082aa24f35e1b516d23)
Start importing Assets/PlayMaker/Actions/Input/GetKeyUp.cs using Guid(b6f54ffcea7679849b1fc474dab578c7) Importer(2089858483,0ecaa5967403d082aa24f35e1b516d23)  -> (artifact id: 'd900d2a86fd4e2f7a4826a974a4fa4e9') in 0.016039 seconds
Number of updated asset objects reloaded before import = 0
Number of asset objects unloaded after import = 1
========================================================================
Received Import Request.
  Time since last request: 0.000011 seconds.
  path: Assets/PlayMaker/Actions/Camera/SetCameraFOV.cs
  artifactKey: Guid(b064faf20b4b8814c9bc8ed1f043f6e1) Importer(2089858483,0ecaa5967403d082aa24f35e1b516d23)
Start importing Assets/PlayMaker/Actions/Camera/SetCameraFOV.cs using Guid(b064faf20b4b8814c9bc8ed1f043f6e1) Importer(2089858483,0ecaa5967403d082aa24f35e1b516d23)  -> (artifact id: '7c3594e5e4fc51da40a1872e55af0262') in 0.016268 seconds
Number of updated asset objects reloaded before import = 0
Number of asset objects unloaded after import = 1
========================================================================
Received Import Request.
  Time since last request: 1.117065 seconds.
  path: Assets/PlayMaker/Actions/Level/LoadLevel.cs
  artifactKey: Guid(30fcd7ba76646434b8562f5b8d7b10d6) Importer(2089858483,0ecaa5967403d082aa24f35e1b516d23)
Start importing Assets/PlayMaker/Actions/Level/LoadLevel.cs using Guid(30fcd7ba76646434b8562f5b8d7b10d6) Importer(2089858483,0ecaa5967403d082aa24f35e1b516d23)  -> (artifact id: '26bcc9489a0a27af4a907df0728a1ff4') in 0.026707 seconds
Number of updated asset objects reloaded before import = 0
Number of asset objects unloaded after import = 1
========================================================================
Received Import Request.
  Time since last request: 0.000013 seconds.
  path: Assets/PlayMaker/Actions/Quaternion/QuaternionSlerp.cs
  artifactKey: Guid(4f3507d7651cd4beab8dfd4bf8a35aa8) Importer(2089858483,0ecaa5967403d082aa24f35e1b516d23)
Start importing Assets/PlayMaker/Actions/Quaternion/QuaternionSlerp.cs using Guid(4f3507d7651cd4beab8dfd4bf8a35aa8) Importer(2089858483,0ecaa5967403d082aa24f35e1b516d23)  -> (artifact id: 'c8e9fda590ee1ee5d4618446839e138b') in 0.014840 seconds
Number of updated asset objects reloaded before import = 0
Number of asset objects unloaded after import = 1
========================================================================
Received Import Request.
  Time since last request: 0.000015 seconds.
  path: Assets/PlayMaker/Actions/Physics2D/MousePick2d.cs
  artifactKey: Guid(da62defbd3fe34f0d979fbf900a1a9ba) Importer(2089858483,0ecaa5967403d082aa24f35e1b516d23)
Start importing Assets/PlayMaker/Actions/Physics2D/MousePick2d.cs using Guid(da62defbd3fe34f0d979fbf900a1a9ba) Importer(2089858483,0ecaa5967403d082aa24f35e1b516d23)  -> (artifact id: 'c04a1772a720b23eadf6025c896afb2b') in 0.014984 seconds
Number of updated asset objects reloaded before import = 0
Number of asset objects unloaded after import = 1
========================================================================
Received Import Request.
  Time since last request: 0.000009 seconds.
  path: Assets/PlayMaker/Actions/Logic/BoolNoneTrue.cs
  artifactKey: Guid(b3cd57e7754145e4298aa8bbb8cb0ad4) Importer(2089858483,0ecaa5967403d082aa24f35e1b516d23)
Start importing Assets/PlayMaker/Actions/Logic/BoolNoneTrue.cs using Guid(b3cd57e7754145e4298aa8bbb8cb0ad4) Importer(2089858483,0ecaa5967403d082aa24f35e1b516d23)  -> (artifact id: '7a3e6be52fcb625918bc14b6d99d7ee1') in 0.016115 seconds
Number of updated asset objects reloaded before import = 0
Number of asset objects unloaded after import = 1
========================================================================
Received Import Request.
  Time since last request: 0.000010 seconds.
  path: Assets/PlayMaker/Actions/Math/FloatInterpolate.cs
  artifactKey: Guid(da7a2fec57b3dc14c9acf45e26522b9f) Importer(2089858483,0ecaa5967403d082aa24f35e1b516d23)
Start importing Assets/PlayMaker/Actions/Math/FloatInterpolate.cs using Guid(da7a2fec57b3dc14c9acf45e26522b9f) Importer(2089858483,0ecaa5967403d082aa24f35e1b516d23)  -> (artifact id: '7d3b394dbb5f66b53e352fc347dfb358') in 0.013887 seconds
Number of updated asset objects reloaded before import = 0
Number of asset objects unloaded after import = 1
========================================================================
Received Import Request.
  Time since last request: 0.000015 seconds.
  path: Assets/PlayMaker/Actions/Physics/AddForce.cs
  artifactKey: Guid(58ff055ba918aaa48b2f142ed5b7a00e) Importer(2089858483,0ecaa5967403d082aa24f35e1b516d23)
Start importing Assets/PlayMaker/Actions/Physics/AddForce.cs using Guid(58ff055ba918aaa48b2f142ed5b7a00e) Importer(2089858483,0ecaa5967403d082aa24f35e1b516d23)  -> (artifact id: '58ae496a257bbff8f222a8cc12451eb3') in 0.014610 seconds
Number of updated asset objects reloaded before import = 0
Number of asset objects unloaded after import = 1
========================================================================
Received Import Request.
  Time since last request: 0.000014 seconds.
  path: Assets/PlayMaker/Actions/Physics/FindOverlaps.cs
  artifactKey: Guid(863e945efe280f8469ee53bbd0cf8096) Importer(2089858483,0ecaa5967403d082aa24f35e1b516d23)
Start importing Assets/PlayMaker/Actions/Physics/FindOverlaps.cs using Guid(863e945efe280f8469ee53bbd0cf8096) Importer(2089858483,0ecaa5967403d082aa24f35e1b516d23)  -> (artifact id: '51be131712beeb1f468c4d57c20cb095') in 0.009668 seconds
Number of updated asset objects reloaded before import = 0
Number of asset objects unloaded after import = 1
========================================================================
Received Import Request.
  Time since last request: 0.000009 seconds.
  path: Assets/PlayMaker/Actions/Physics2D/LookAt2dGameObject.cs
  artifactKey: Guid(15bd8590a698546aab33e8cd4ec9006b) Importer(2089858483,0ecaa5967403d082aa24f35e1b516d23)
Start importing Assets/PlayMaker/Actions/Physics2D/LookAt2dGameObject.cs using Guid(15bd8590a698546aab33e8cd4ec9006b) Importer(2089858483,0ecaa5967403d082aa24f35e1b516d23)  -> (artifact id: '92a91f1958a488e42d1c23fe78061050') in 0.013942 seconds
Number of updated asset objects reloaded before import = 0
Number of asset objects unloaded after import = 1
========================================================================
Received Import Request.
  Time since last request: 0.000008 seconds.
  path: Assets/PlayMaker/Actions/Quaternion/QuaternionInverse.cs
  artifactKey: Guid(d981ac06313624fb3a1002f6e2b6af5f) Importer(2089858483,0ecaa5967403d082aa24f35e1b516d23)
Start importing Assets/PlayMaker/Actions/Quaternion/QuaternionInverse.cs using Guid(d981ac06313624fb3a1002f6e2b6af5f) Importer(2089858483,0ecaa5967403d082aa24f35e1b516d23)  -> (artifact id: '268a22c40419c23c74cd7ea7d4413625') in 0.012646 seconds
Number of updated asset objects reloaded before import = 0
Number of asset objects unloaded after import = 1
========================================================================
Received Import Request.
  Time since last request: 0.000009 seconds.
  path: Assets/PlayMaker/Actions/Physics/TriggerEvent.cs
  artifactKey: Guid(f9b2aeda5f6da8e449f7450fcb104bfd) Importer(2089858483,0ecaa5967403d082aa24f35e1b516d23)
Start importing Assets/PlayMaker/Actions/Physics/TriggerEvent.cs using Guid(f9b2aeda5f6da8e449f7450fcb104bfd) Importer(2089858483,0ecaa5967403d082aa24f35e1b516d23)  -> (artifact id: 'a42ce16e8558541c47c41d8088b68ab8') in 0.015046 seconds
Number of updated asset objects reloaded before import = 0
Number of asset objects unloaded after import = 1
========================================================================
Received Import Request.
  Time since last request: 0.000008 seconds.
  path: Assets/PlayMaker/Actions/Mesh/GetVertexPosition.cs
  artifactKey: Guid(b45c4d3e58758da40900db1acddb5dd0) Importer(2089858483,0ecaa5967403d082aa24f35e1b516d23)
Start importing Assets/PlayMaker/Actions/Mesh/GetVertexPosition.cs using Guid(b45c4d3e58758da40900db1acddb5dd0) Importer(2089858483,0ecaa5967403d082aa24f35e1b516d23)  -> (artifact id: '1006cf0d38dc53d9d7cbaaa92055a5e7') in 0.014553 seconds
Number of updated asset objects reloaded before import = 0
Number of asset objects unloaded after import = 1
========================================================================
Received Import Request.
  Time since last request: 0.000048 seconds.
  path: Assets/PlayMaker/Actions/Physics2D/GetNextOverlapCircle2d.cs
  artifactKey: Guid(53e4c920ba9794755b18dd5cca83846b) Importer(2089858483,0ecaa5967403d082aa24f35e1b516d23)
Start importing Assets/PlayMaker/Actions/Physics2D/GetNextOverlapCircle2d.cs using Guid(53e4c920ba9794755b18dd5cca83846b) Importer(2089858483,0ecaa5967403d082aa24f35e1b516d23)  -> (artifact id: 'b10c41876b2112154b29cd0a4a5f853c') in 0.014743 seconds
Number of updated asset objects reloaded before import = 0
Number of asset objects unloaded after import = 1
========================================================================
Received Import Request.
  Time since last request: 0.000010 seconds.
  path: Assets/PlayMaker/Actions/Lights/SetLightFlare.cs
  artifactKey: Guid(df69e1a8bc949e44da6851cbaa2f8a8c) Importer(2089858483,0ecaa5967403d082aa24f35e1b516d23)
Start importing Assets/PlayMaker/Actions/Lights/SetLightFlare.cs using Guid(df69e1a8bc949e44da6851cbaa2f8a8c) Importer(2089858483,0ecaa5967403d082aa24f35e1b516d23)  -> (artifact id: 'cfc35feb1ad1b76e0b23400591ad9051') in 0.014846 seconds
Number of updated asset objects reloaded before import = 0
Number of asset objects unloaded after import = 1
========================================================================
Received Import Request.
  Time since last request: 0.000010 seconds.
  path: Assets/PlayMaker/Actions/Physics2D/SetVelocity2d.cs
  artifactKey: Guid(58252178b9646486b9dda57c812ce9e1) Importer(2089858483,0ecaa5967403d082aa24f35e1b516d23)
Start importing Assets/PlayMaker/Actions/Physics2D/SetVelocity2d.cs using Guid(58252178b9646486b9dda57c812ce9e1) Importer(2089858483,0ecaa5967403d082aa24f35e1b516d23)  -> (artifact id: '8297a792212bc6038527ac6cbb00abf8') in 0.017126 seconds
Number of updated asset objects reloaded before import = 0
Number of asset objects unloaded after import = 1
========================================================================
Received Import Request.
  Time since last request: 0.000010 seconds.
  path: Assets/PlayMaker/Actions/Physics2D/SmoothLookAt2d.cs
  artifactKey: Guid(d6a02eab34e764d49930524cabac32c6) Importer(2089858483,0ecaa5967403d082aa24f35e1b516d23)
Start importing Assets/PlayMaker/Actions/Physics2D/SmoothLookAt2d.cs using Guid(d6a02eab34e764d49930524cabac32c6) Importer(2089858483,0ecaa5967403d082aa24f35e1b516d23)  -> (artifact id: '5f6ce263036983afdfdbc2c6d060545f') in 0.015465 seconds
Number of updated asset objects reloaded before import = 0
Number of asset objects unloaded after import = 1
========================================================================
Received Import Request.
  Time since last request: 0.000009 seconds.
  path: Assets/PlayMaker/Actions/Rect/RectContains.cs
  artifactKey: Guid(3879258ccc484f541aa411a7b6a16cc3) Importer(2089858483,0ecaa5967403d082aa24f35e1b516d23)
Start importing Assets/PlayMaker/Actions/Rect/RectContains.cs using Guid(3879258ccc484f541aa411a7b6a16cc3) Importer(2089858483,0ecaa5967403d082aa24f35e1b516d23)  -> (artifact id: '9936245bf1efd67756a70b5b11526339') in 0.014829 seconds
Number of updated asset objects reloaded before import = 0
Number of asset objects unloaded after import = 1
========================================================================
Received Import Request.
  Time since last request: 0.000019 seconds.
  path: Assets/PlayMaker/Actions/Rect/GetRectFields.cs
  artifactKey: Guid(6d1407ee3c78d9f46b206f60ca49806a) Importer(2089858483,0ecaa5967403d082aa24f35e1b516d23)
Start importing Assets/PlayMaker/Actions/Rect/GetRectFields.cs using Guid(6d1407ee3c78d9f46b206f60ca49806a) Importer(2089858483,0ecaa5967403d082aa24f35e1b516d23)  -> (artifact id: '09c0e023f0c4d0a4035376a4dd56374d') in 0.013854 seconds
Number of updated asset objects reloaded before import = 0
Number of asset objects unloaded after import = 1
========================================================================
Received Import Request.
  Time since last request: 0.000014 seconds.
  path: Assets/PlayMaker/Actions/Lights/SetLightIntensity.cs
  artifactKey: Guid(4a55f9d629330ab418370b0e5228b3d9) Importer(2089858483,0ecaa5967403d082aa24f35e1b516d23)
Start importing Assets/PlayMaker/Actions/Lights/SetLightIntensity.cs using Guid(4a55f9d629330ab418370b0e5228b3d9) Importer(2089858483,0ecaa5967403d082aa24f35e1b516d23)  -> (artifact id: '906a4915755edc733e1ad76270db26a4') in 0.015471 seconds
Number of updated asset objects reloaded before import = 0
Number of asset objects unloaded after import = 1
========================================================================
Received Import Request.
  Time since last request: 0.000016 seconds.
  path: Assets/PlayMaker/Actions/Physics/GetParticleCollisionInfo.cs
  artifactKey: Guid(b6a2db5246415d044a8274bff429538d) Importer(2089858483,0ecaa5967403d082aa24f35e1b516d23)
Start importing Assets/PlayMaker/Actions/Physics/GetParticleCollisionInfo.cs using Guid(b6a2db5246415d044a8274bff429538d) Importer(2089858483,0ecaa5967403d082aa24f35e1b516d23)  -> (artifact id: 'd836cef57b7bb7d6ce8b566301d1e15d') in 0.015120 seconds
Number of updated asset objects reloaded before import = 0
Number of asset objects unloaded after import = 1
========================================================================
Received Import Request.
  Time since last request: 0.000010 seconds.
  path: Assets/PlayMaker/Actions/Material/SetVisibility.cs
  artifactKey: Guid(273f126d8ce4d96439b1cf9a1066c453) Importer(2089858483,0ecaa5967403d082aa24f35e1b516d23)
Start importing Assets/PlayMaker/Actions/Material/SetVisibility.cs using Guid(273f126d8ce4d96439b1cf9a1066c453) Importer(2089858483,0ecaa5967403d082aa24f35e1b516d23)  -> (artifact id: '161aa2981c3f9f95eb1de9aa7b9c2a84') in 0.014370 seconds
Number of updated asset objects reloaded before import = 0
Number of asset objects unloaded after import = 1
========================================================================
Received Import Request.
  Time since last request: 0.000010 seconds.
  path: Assets/PlayMaker/Actions/Physics/SetControllerVelocity.cs
  artifactKey: Guid(376538c583f60ba43877c20db60a5ce5) Importer(2089858483,0ecaa5967403d082aa24f35e1b516d23)
Start importing Assets/PlayMaker/Actions/Physics/SetControllerVelocity.cs using Guid(376538c583f60ba43877c20db60a5ce5) Importer(2089858483,0ecaa5967403d082aa24f35e1b516d23)  -> (artifact id: '2a9b4acafa4b82e6476f86990ec5327a') in 0.014607 seconds
Number of updated asset objects reloaded before import = 0
Number of asset objects unloaded after import = 1
========================================================================
Received Import Request.
  Time since last request: 0.000023 seconds.
  path: Assets/PlayMaker/Actions/PlayerInput/PlayerInputTriggeredEvent.cs
  artifactKey: Guid(349afd7db320df740a35d0f01e45a340) Importer(2089858483,0ecaa5967403d082aa24f35e1b516d23)
Start importing Assets/PlayMaker/Actions/PlayerInput/PlayerInputTriggeredEvent.cs using Guid(349afd7db320df740a35d0f01e45a340) Importer(2089858483,0ecaa5967403d082aa24f35e1b516d23)  -> (artifact id: '77e19a6b86f1f3ccb0767c2100a61feb') in 0.016643 seconds
Number of updated asset objects reloaded before import = 0
Number of asset objects unloaded after import = 1
========================================================================
Received Import Request.
  Time since last request: 0.000009 seconds.
  path: Assets/PlayMaker/Actions/Logic/GameObjectIsVisible.cs
  artifactKey: Guid(3dfbe4a6cf9612c458b56236e4da4893) Importer(2089858483,0ecaa5967403d082aa24f35e1b516d23)
Start importing Assets/PlayMaker/Actions/Logic/GameObjectIsVisible.cs using Guid(3dfbe4a6cf9612c458b56236e4da4893) Importer(2089858483,0ecaa5967403d082aa24f35e1b516d23)  -> (artifact id: '14b9e99a410e05d3d81f7fb4f316b818') in 0.014665 seconds
Number of updated asset objects reloaded before import = 0
Number of asset objects unloaded after import = 1
========================================================================
Received Import Request.
  Time since last request: 0.000028 seconds.
  path: Assets/PlayMaker/Actions/Physics2D/SetMass2d.cs
  artifactKey: Guid(6b165ecceb37e450e82a58ba6bd21853) Importer(2089858483,0ecaa5967403d082aa24f35e1b516d23)
Start importing Assets/PlayMaker/Actions/Physics2D/SetMass2d.cs using Guid(6b165ecceb37e450e82a58ba6bd21853) Importer(2089858483,0ecaa5967403d082aa24f35e1b516d23)  -> (artifact id: 'ad18efe81be7ef5d72e451949b54d15a') in 0.017399 seconds
Number of updated asset objects reloaded before import = 0
Number of asset objects unloaded after import = 1
========================================================================
Received Import Request.
  Time since last request: 0.000010 seconds.
  path: Assets/PlayMaker/Actions/Physics2D/GetNextRayCast2d.cs
  artifactKey: Guid(58c2549eaa2174377a282d8c32fc1a35) Importer(2089858483,0ecaa5967403d082aa24f35e1b516d23)
Start importing Assets/PlayMaker/Actions/Physics2D/GetNextRayCast2d.cs using Guid(58c2549eaa2174377a282d8c32fc1a35) Importer(2089858483,0ecaa5967403d082aa24f35e1b516d23)  -> (artifact id: '3bf9632fe162fda6c978aa31cddff24a') in 0.016289 seconds
Number of updated asset objects reloaded before import = 0
Number of asset objects unloaded after import = 1
========================================================================
Received Import Request.
  Time since last request: 0.000009 seconds.
  path: Assets/PlayMaker/Actions/Movie/MovieTextureAudioSettings.cs
  artifactKey: Guid(7aa1526fff0dd6849a045425bad3900f) Importer(2089858483,0ecaa5967403d082aa24f35e1b516d23)
Start importing Assets/PlayMaker/Actions/Movie/MovieTextureAudioSettings.cs using Guid(7aa1526fff0dd6849a045425bad3900f) Importer(2089858483,0ecaa5967403d082aa24f35e1b516d23)  -> (artifact id: 'bab35c608b4b45da62269b0c473cbe54') in 0.015535 seconds
Number of updated asset objects reloaded before import = 0
Number of asset objects unloaded after import = 1
========================================================================
Received Import Request.
  Time since last request: 0.000010 seconds.
  path: Assets/PlayMaker/Actions/Logic/ObjectCompare.cs
  artifactKey: Guid(d4f8559eb0834134795f61474b7610ef) Importer(2089858483,0ecaa5967403d082aa24f35e1b516d23)
Start importing Assets/PlayMaker/Actions/Logic/ObjectCompare.cs using Guid(d4f8559eb0834134795f61474b7610ef) Importer(2089858483,0ecaa5967403d082aa24f35e1b516d23)  -> (artifact id: 'f70be535c14f43a5886c43dc769a6630') in 0.017044 seconds
Number of updated asset objects reloaded before import = 0
Number of asset objects unloaded after import = 1
========================================================================
Received Import Request.
  Time since last request: 0.000010 seconds.
  path: Assets/PlayMaker/Actions/Physics2D/IsKinematic2d.cs
  artifactKey: Guid(3326f7bf3c61f489ba5b2a7a817bd9bd) Importer(2089858483,0ecaa5967403d082aa24f35e1b516d23)
Start importing Assets/PlayMaker/Actions/Physics2D/IsKinematic2d.cs using Guid(3326f7bf3c61f489ba5b2a7a817bd9bd) Importer(2089858483,0ecaa5967403d082aa24f35e1b516d23)  -> (artifact id: '22b482e46747fc8d5d8017a329f780f6') in 0.013749 seconds
Number of updated asset objects reloaded before import = 0
Number of asset objects unloaded after import = 1
========================================================================
Received Import Request.
  Time since last request: 0.881064 seconds.
  path: Assets/PlayMaker/Actions/RectTransform/RectTransformGetAnchorMin.cs
  artifactKey: Guid(69084d4ee3ae142ac97b27c960de5ebb) Importer(2089858483,0ecaa5967403d082aa24f35e1b516d23)
Start importing Assets/PlayMaker/Actions/RectTransform/RectTransformGetAnchorMin.cs using Guid(69084d4ee3ae142ac97b27c960de5ebb) Importer(2089858483,0ecaa5967403d082aa24f35e1b516d23)  -> (artifact id: 'b1c020ec7823e05c793a1c567851579d') in 0.028985 seconds
Number of updated asset objects reloaded before import = 0
Number of asset objects unloaded after import = 1
========================================================================
Received Import Request.
  Time since last request: 0.000010 seconds.
  path: Assets/PlayMaker/Actions/UI/UiInputfieldSetCaretBlinkRate.cs
  artifactKey: Guid(ef7c5c940306ada4bae2f645f5fb7052) Importer(2089858483,0ecaa5967403d082aa24f35e1b516d23)
Start importing Assets/PlayMaker/Actions/UI/UiInputfieldSetCaretBlinkRate.cs using Guid(ef7c5c940306ada4bae2f645f5fb7052) Importer(2089858483,0ecaa5967403d082aa24f35e1b516d23)  -> (artifact id: '984987a9a7e4867e625eb9168f802527') in 0.010735 seconds
Number of updated asset objects reloaded before import = 0
Number of asset objects unloaded after import = 1
========================================================================
Received Import Request.
  Time since last request: 0.000009 seconds.
  path: Assets/PlayMaker/Actions/UI/UiTextGetText.cs
  artifactKey: Guid(23aa259343155514da5372771520845f) Importer(2089858483,0ecaa5967403d082aa24f35e1b516d23)
Start importing Assets/PlayMaker/Actions/UI/UiTextGetText.cs using Guid(23aa259343155514da5372771520845f) Importer(2089858483,0ecaa5967403d082aa24f35e1b516d23)  -> (artifact id: 'fd30b8955dde97f7caf9a22d9b9beab9') in 0.012475 seconds
Number of updated asset objects reloaded before import = 0
Number of asset objects unloaded after import = 1
========================================================================
Received Import Request.
  Time since last request: 0.000010 seconds.
  path: Assets/PlayMaker/Actions/UI/UiSliderSetWholeNumbers.cs
  artifactKey: Guid(71a8b9425897e614b8cc1a1033fffba7) Importer(2089858483,0ecaa5967403d082aa24f35e1b516d23)
Start importing Assets/PlayMaker/Actions/UI/UiSliderSetWholeNumbers.cs using Guid(71a8b9425897e614b8cc1a1033fffba7) Importer(2089858483,0ecaa5967403d082aa24f35e1b516d23)  -> (artifact id: '2bfaea8e359c3998d0bfe72899434d72') in 0.015256 seconds
Number of updated asset objects reloaded before import = 0
Number of asset objects unloaded after import = 1
========================================================================
Received Import Request.
  Time since last request: 0.000012 seconds.
  path: Assets/PlayMaker/Actions/Transform/SetPosition2d.cs
  artifactKey: Guid(cfc739006359cd24ba1ad9ee7b4057ba) Importer(2089858483,0ecaa5967403d082aa24f35e1b516d23)
Start importing Assets/PlayMaker/Actions/Transform/SetPosition2d.cs using Guid(cfc739006359cd24ba1ad9ee7b4057ba) Importer(2089858483,0ecaa5967403d082aa24f35e1b516d23)  -> (artifact id: '1bb118490b47debdaee231992141d477') in 0.014530 seconds
Number of updated asset objects reloaded before import = 0
Number of asset objects unloaded after import = 1
========================================================================
Received Import Request.
  Time since last request: 0.000010 seconds.
  path: Assets/PlayMaker/Actions/UI/UiInputFieldSetText.cs
  artifactKey: Guid(5a2b173a68944cf48ac920bf236986c6) Importer(2089858483,0ecaa5967403d082aa24f35e1b516d23)
Start importing Assets/PlayMaker/Actions/UI/UiInputFieldSetText.cs using Guid(5a2b173a68944cf48ac920bf236986c6) Importer(2089858483,0ecaa5967403d082aa24f35e1b516d23)  -> (artifact id: '034ac280669c120cf27612222fc769f7') in 0.014230 seconds
Number of updated asset objects reloaded before import = 0
Number of asset objects unloaded after import = 1
========================================================================
Received Import Request.
  Time since last request: 0.000009 seconds.
  path: Assets/PlayMaker/Actions/SceneManager/MoveGameObjectToScene.cs
  artifactKey: Guid(339398fa2a45746088e98779a6dd028f) Importer(2089858483,0ecaa5967403d082aa24f35e1b516d23)
Start importing Assets/PlayMaker/Actions/SceneManager/MoveGameObjectToScene.cs using Guid(339398fa2a45746088e98779a6dd028f) Importer(2089858483,0ecaa5967403d082aa24f35e1b516d23)  -> (artifact id: 'ec2979f095e4fa737d7a39aeda5fb99d') in 0.012844 seconds
Number of updated asset objects reloaded before import = 0
Number of asset objects unloaded after import = 1
========================================================================
Received Import Request.
  Time since last request: 0.000010 seconds.
  path: Assets/PlayMaker/Actions/RectTransform/RectTransformGetOffsetMin.cs
  artifactKey: Guid(5d2bd73c15cbb4bec873a6d6a9c94485) Importer(2089858483,0ecaa5967403d082aa24f35e1b516d23)
Start importing Assets/PlayMaker/Actions/RectTransform/RectTransformGetOffsetMin.cs using Guid(5d2bd73c15cbb4bec873a6d6a9c94485) Importer(2089858483,0ecaa5967403d082aa24f35e1b516d23)  -> (artifact id: 'e28026ec638eb9803c7cc13eb0cdceda') in 0.013660 seconds
Number of updated asset objects reloaded before import = 0
Number of asset objects unloaded after import = 1
========================================================================
Received Import Request.
  Time since last request: 0.000012 seconds.
  path: Assets/PlayMaker/Actions/Transform/GetRotation.cs
  artifactKey: Guid(11568980f96e6354cb11a621656a449c) Importer(2089858483,0ecaa5967403d082aa24f35e1b516d23)
Start importing Assets/PlayMaker/Actions/Transform/GetRotation.cs using Guid(11568980f96e6354cb11a621656a449c) Importer(2089858483,0ecaa5967403d082aa24f35e1b516d23)  -> (artifact id: '8d5d629acac100ffb8d5dca45a55622d') in 0.011992 seconds
Number of updated asset objects reloaded before import = 0
Number of asset objects unloaded after import = 1
========================================================================
Received Import Request.
  Time since last request: 0.000010 seconds.
  path: Assets/PlayMaker/Actions/RenderSettings/SetHaloStrength.cs
  artifactKey: Guid(dfa3230224ccfea46b26c5cba7cbea76) Importer(2089858483,0ecaa5967403d082aa24f35e1b516d23)
Start importing Assets/PlayMaker/Actions/RenderSettings/SetHaloStrength.cs using Guid(dfa3230224ccfea46b26c5cba7cbea76) Importer(2089858483,0ecaa5967403d082aa24f35e1b516d23)  -> (artifact id: '7402a1030df51bae063106af74242fa9') in 0.012797 seconds
Number of updated asset objects reloaded before import = 0
Number of asset objects unloaded after import = 1
========================================================================
Received Import Request.
  Time since last request: 0.000010 seconds.
  path: Assets/PlayMaker/Actions/Transform/SimpleLook.cs
  artifactKey: Guid(9ddcc8440a7289e4e8ca97b55e9150b1) Importer(2089858483,0ecaa5967403d082aa24f35e1b516d23)
Start importing Assets/PlayMaker/Actions/Transform/SimpleLook.cs using Guid(9ddcc8440a7289e4e8ca97b55e9150b1) Importer(2089858483,0ecaa5967403d082aa24f35e1b516d23)  -> (artifact id: '38874b13f3f2bef2e0b927c1fce29538') in 0.016711 seconds
Number of updated asset objects reloaded before import = 0
Number of asset objects unloaded after import = 1
========================================================================
Received Import Request.
  Time since last request: 0.000009 seconds.
  path: Assets/PlayMaker/Actions/Trigonometry/GetCosine.cs
  artifactKey: Guid(8ca5ca87ca84c4a94a2112392a257755) Importer(2089858483,0ecaa5967403d082aa24f35e1b516d23)
Start importing Assets/PlayMaker/Actions/Trigonometry/GetCosine.cs using Guid(8ca5ca87ca84c4a94a2112392a257755) Importer(2089858483,0ecaa5967403d082aa24f35e1b516d23)  -> (artifact id: '2f4f1b3dbfdb4c3408dba5c7d164dace') in 0.017036 seconds
Number of updated asset objects reloaded before import = 0
Number of asset objects unloaded after import = 1
========================================================================
Received Import Request.
  Time since last request: 0.000010 seconds.
  path: Assets/PlayMaker/Actions/Vector2/Vector2SnapToAngle.cs
  artifactKey: Guid(4a5e8a695ca5e4f4993e1aa9842c17ba) Importer(2089858483,0ecaa5967403d082aa24f35e1b516d23)
Start importing Assets/PlayMaker/Actions/Vector2/Vector2SnapToAngle.cs using Guid(4a5e8a695ca5e4f4993e1aa9842c17ba) Importer(2089858483,0ecaa5967403d082aa24f35e1b516d23)  -> (artifact id: '06f1d22d65fa811700521d6375e1fc99') in 0.015243 seconds
Number of updated asset objects reloaded before import = 0
Number of asset objects unloaded after import = 1
========================================================================
Received Import Request.
  Time since last request: 0.000014 seconds.
  path: Assets/PlayMaker/Actions/UI/UiInputFieldGetCaretBlinkRate.cs
  artifactKey: Guid(d7ccc18cd036541419d13964b8f3a8a2) Importer(2089858483,0ecaa5967403d082aa24f35e1b516d23)
Start importing Assets/PlayMaker/Actions/UI/UiInputFieldGetCaretBlinkRate.cs using Guid(d7ccc18cd036541419d13964b8f3a8a2) Importer(2089858483,0ecaa5967403d082aa24f35e1b516d23)  -> (artifact id: '84cd1ab12066fa85c98eb528afb0d124') in 0.015510 seconds
Number of updated asset objects reloaded before import = 0
Number of asset objects unloaded after import = 1
========================================================================
Received Import Request.
  Time since last request: 0.000010 seconds.
  path: Assets/PlayMaker/Actions/StateMachine/GetFsmBool.cs
  artifactKey: Guid(cd9621abe3cb4f14a975ab66a1d89703) Importer(2089858483,0ecaa5967403d082aa24f35e1b516d23)
Start importing Assets/PlayMaker/Actions/StateMachine/GetFsmBool.cs using Guid(cd9621abe3cb4f14a975ab66a1d89703) Importer(2089858483,0ecaa5967403d082aa24f35e1b516d23)  -> (artifact id: '160cdf17f0999711b0a2ac02c6733ceb') in 0.015856 seconds
Number of updated asset objects reloaded before import = 0
Number of asset objects unloaded after import = 1
========================================================================
Received Import Request.
  Time since last request: 0.000009 seconds.
  path: Assets/PlayMaker/Actions/RectTransform/RectTransformGetLocalRotation.cs
  artifactKey: Guid(fd1549d63863d4d77850ec8fd09ead7d) Importer(2089858483,0ecaa5967403d082aa24f35e1b516d23)
Start importing Assets/PlayMaker/Actions/RectTransform/RectTransformGetLocalRotation.cs using Guid(fd1549d63863d4d77850ec8fd09ead7d) Importer(2089858483,0ecaa5967403d082aa24f35e1b516d23)  -> (artifact id: '9f714f87c611c75343665afc26b31be2') in 0.015706 seconds
Number of updated asset objects reloaded before import = 0
Number of asset objects unloaded after import = 1
========================================================================
Received Import Request.
  Time since last request: 0.000010 seconds.
  path: Assets/PlayMaker/Actions/UI/UiInputFieldActivate.cs
  artifactKey: Guid(2836cce69ae952a46aac9aef82658027) Importer(2089858483,0ecaa5967403d082aa24f35e1b516d23)
Start importing Assets/PlayMaker/Actions/UI/UiInputFieldActivate.cs using Guid(2836cce69ae952a46aac9aef82658027) Importer(2089858483,0ecaa5967403d082aa24f35e1b516d23)  -> (artifact id: '02a1f150813483693dcb959c3fd8edf5') in 0.014030 seconds
Number of updated asset objects reloaded before import = 0
Number of asset objects unloaded after import = 1
========================================================================
Received Import Request.
  Time since last request: 0.000011 seconds.
  path: Assets/PlayMaker/Actions/StateMachine/NextFrameEvent.cs
  artifactKey: Guid(f7d49062dd8a28443badc6155f4a1c1c) Importer(2089858483,0ecaa5967403d082aa24f35e1b516d23)
Start importing Assets/PlayMaker/Actions/StateMachine/NextFrameEvent.cs using Guid(f7d49062dd8a28443badc6155f4a1c1c) Importer(2089858483,0ecaa5967403d082aa24f35e1b516d23)  -> (artifact id: '94ec15aec6534a54a2f0d3955472a7cd') in 0.012547 seconds
Number of updated asset objects reloaded before import = 0
Number of asset objects unloaded after import = 0
========================================================================
Received Import Request.
  Time since last request: 0.000082 seconds.
  path: Assets/PlayMaker/Actions/UI/UiInputFieldOnValueChangeEvent.cs
  artifactKey: Guid(21176bf84b642c943bdbbca3bf927c82) Importer(2089858483,0ecaa5967403d082aa24f35e1b516d23)
Start importing Assets/PlayMaker/Actions/UI/UiInputFieldOnValueChangeEvent.cs using Guid(21176bf84b642c943bdbbca3bf927c82) Importer(2089858483,0ecaa5967403d082aa24f35e1b516d23)  -> (artifact id: '049a54eddd29c876fbd5ff134d0cf512') in 0.015011 seconds
Number of updated asset objects reloaded before import = 0
Number of asset objects unloaded after import = 1
========================================================================
Received Import Request.
  Time since last request: 0.000021 seconds.
  path: Assets/PlayMaker/Actions/StateMachine/SetFsmVector2.cs
  artifactKey: Guid(8fd65fb1221e17743af069372ff874d6) Importer(2089858483,0ecaa5967403d082aa24f35e1b516d23)
Start importing Assets/PlayMaker/Actions/StateMachine/SetFsmVector2.cs using Guid(8fd65fb1221e17743af069372ff874d6) Importer(2089858483,0ecaa5967403d082aa24f35e1b516d23)  -> (artifact id: '41fcc192c1edd24e79ff44775bba9e8d') in 0.017798 seconds
Number of updated asset objects reloaded before import = 0
Number of asset objects unloaded after import = 1
========================================================================
Received Import Request.
  Time since last request: 0.000010 seconds.
  path: Assets/PlayMaker/Actions/ScriptControl/StartCoroutine.cs
  artifactKey: Guid(842057c7f39d18e409aa991699964102) Importer(2089858483,0ecaa5967403d082aa24f35e1b516d23)
Start importing Assets/PlayMaker/Actions/ScriptControl/StartCoroutine.cs using Guid(842057c7f39d18e409aa991699964102) Importer(2089858483,0ecaa5967403d082aa24f35e1b516d23)  -> (artifact id: 'c973b6495cfb9a68e68be2f591a66648') in 0.014123 seconds
Number of updated asset objects reloaded before import = 0
Number of asset objects unloaded after import = 1
========================================================================
Received Import Request.
  Time since last request: 0.000010 seconds.
  path: Assets/PlayMaker/Actions/StateMachine/GetFsmEnum.cs
  artifactKey: Guid(c87a739e8b72e6e4e99aa78a2427fd03) Importer(2089858483,0ecaa5967403d082aa24f35e1b516d23)
Start importing Assets/PlayMaker/Actions/StateMachine/GetFsmEnum.cs using Guid(c87a739e8b72e6e4e99aa78a2427fd03) Importer(2089858483,0ecaa5967403d082aa24f35e1b516d23)  -> (artifact id: 'e588af0b7718da720ee1f5f4c101a251') in 0.013500 seconds
Number of updated asset objects reloaded before import = 0
Number of asset objects unloaded after import = 1
========================================================================
Received Import Request.
  Time since last request: 0.000055 seconds.
  path: Assets/PlayMaker/Actions/StateMachine/GetEventStringData.cs
  artifactKey: Guid(262543605090ec648a26cb34d45455f0) Importer(2089858483,0ecaa5967403d082aa24f35e1b516d23)
Start importing Assets/PlayMaker/Actions/StateMachine/GetEventStringData.cs using Guid(262543605090ec648a26cb34d45455f0) Importer(2089858483,0ecaa5967403d082aa24f35e1b516d23)  -> (artifact id: '9f7a0fcd7aeea7924b7b1abebb102e25') in 0.015263 seconds
Number of updated asset objects reloaded before import = 0
Number of asset objects unloaded after import = 1
========================================================================
Received Import Request.
  Time since last request: 0.000010 seconds.
  path: Assets/PlayMaker/Actions/UnityObject/SetProperty.cs
  artifactKey: Guid(befa8ae3e14b68044aaf1c7ab7a9d974) Importer(2089858483,0ecaa5967403d082aa24f35e1b516d23)
Start importing Assets/PlayMaker/Actions/UnityObject/SetProperty.cs using Guid(befa8ae3e14b68044aaf1c7ab7a9d974) Importer(2089858483,0ecaa5967403d082aa24f35e1b516d23)  -> (artifact id: 'beec47dbd7ef05763a2a463fb7cde20a') in 0.015168 seconds
Number of updated asset objects reloaded before import = 0
Number of asset objects unloaded after import = 1
========================================================================
Received Import Request.
  Time since last request: 0.000013 seconds.
  path: Assets/PlayMaker/Actions/RenderSettings/SetFogColor.cs
  artifactKey: Guid(c42fbae9cb61ffa4bbcc4725b19e802e) Importer(2089858483,0ecaa5967403d082aa24f35e1b516d23)
Start importing Assets/PlayMaker/Actions/RenderSettings/SetFogColor.cs using Guid(c42fbae9cb61ffa4bbcc4725b19e802e) Importer(2089858483,0ecaa5967403d082aa24f35e1b516d23)  -> (artifact id: 'cecd90c20b83aa9032d7f920def2fdaf') in 0.017246 seconds
Number of updated asset objects reloaded before import = 0
Number of asset objects unloaded after import = 1
========================================================================
Received Import Request.
  Time since last request: 0.000026 seconds.
  path: Assets/PlayMaker/Actions/UI/UiInputFieldGetTextAsFloat.cs
  artifactKey: Guid(48c419f0c18c52d49bfe531362484724) Importer(2089858483,0ecaa5967403d082aa24f35e1b516d23)
Start importing Assets/PlayMaker/Actions/UI/UiInputFieldGetTextAsFloat.cs using Guid(48c419f0c18c52d49bfe531362484724) Importer(2089858483,0ecaa5967403d082aa24f35e1b516d23)  -> (artifact id: '6c298fb273c07b8c8063d88eb2d8e7c0') in 0.012970 seconds
Number of updated asset objects reloaded before import = 0
Number of asset objects unloaded after import = 1
========================================================================
Received Import Request.
  Time since last request: 0.000010 seconds.
  path: Assets/PlayMaker/Actions/StateMachine/GetFsmState.cs
  artifactKey: Guid(fd5aac683074ad74dbc7b5f19fe2ee26) Importer(2089858483,0ecaa5967403d082aa24f35e1b516d23)
Start importing Assets/PlayMaker/Actions/StateMachine/GetFsmState.cs using Guid(fd5aac683074ad74dbc7b5f19fe2ee26) Importer(2089858483,0ecaa5967403d082aa24f35e1b516d23)  -> (artifact id: '1af9854cdf7ed9b9c9ef8a63e677a663') in 0.013425 seconds
Number of updated asset objects reloaded before import = 0
Number of asset objects unloaded after import = 1
========================================================================
Received Import Request.
  Time since last request: 0.000036 seconds.
  path: Assets/PlayMaker/Actions/Vector2/Vector2PerSecond.cs
  artifactKey: Guid(c6a98fe858b7744a99c35a29a9fbc937) Importer(2089858483,0ecaa5967403d082aa24f35e1b516d23)
Start importing Assets/PlayMaker/Actions/Vector2/Vector2PerSecond.cs using Guid(c6a98fe858b7744a99c35a29a9fbc937) Importer(2089858483,0ecaa5967403d082aa24f35e1b516d23)  -> (artifact id: 'ea170b3d6170958905faadd5e2abdd42') in 0.013907 seconds
Number of updated asset objects reloaded before import = 0
Number of asset objects unloaded after import = 1
========================================================================
Received Import Request.
  Time since last request: 0.000015 seconds.
  path: Assets/PlayMaker/Actions/Time/PerSecond.cs
  artifactKey: Guid(4fb529b5c7a29a045973d621e6d2daaa) Importer(2089858483,0ecaa5967403d082aa24f35e1b516d23)
Start importing Assets/PlayMaker/Actions/Time/PerSecond.cs using Guid(4fb529b5c7a29a045973d621e6d2daaa) Importer(2089858483,0ecaa5967403d082aa24f35e1b516d23)  -> (artifact id: '5224c7c3f281b25947752f14f49d259d') in 0.015188 seconds
Number of updated asset objects reloaded before import = 0
Number of asset objects unloaded after import = 1
========================================================================
Received Import Request.
  Time since last request: 0.000015 seconds.
  path: Assets/PlayMaker/Actions/Transform/InverseTransformPoint.cs
  artifactKey: Guid(e492b8fba7bde334ca5ef87bdad035c1) Importer(2089858483,0ecaa5967403d082aa24f35e1b516d23)
Start importing Assets/PlayMaker/Actions/Transform/InverseTransformPoint.cs using Guid(e492b8fba7bde334ca5ef87bdad035c1) Importer(2089858483,0ecaa5967403d082aa24f35e1b516d23)  -> (artifact id: '9f0745ba52f2f031d488134a9beb0fe9') in 0.015706 seconds
Number of updated asset objects reloaded before import = 0
Number of asset objects unloaded after import = 1
========================================================================
Received Import Request.
  Time since last request: 0.000011 seconds.
  path: Assets/PlayMaker/Actions/StateMachine/GetFsmVariables.cs
  artifactKey: Guid(46663c0db282f7045807d75af544b7f6) Importer(2089858483,0ecaa5967403d082aa24f35e1b516d23)
Start importing Assets/PlayMaker/Actions/StateMachine/GetFsmVariables.cs using Guid(46663c0db282f7045807d75af544b7f6) Importer(2089858483,0ecaa5967403d082aa24f35e1b516d23)  -> (artifact id: '0ba56ed160240b8f9c70f0ee7e43ec0b') in 0.014251 seconds
Number of updated asset objects reloaded before import = 0
Number of asset objects unloaded after import = 1
========================================================================
Received Import Request.
  Time since last request: 0.000011 seconds.
  path: Assets/PlayMaker/Actions/Trigonometry/GetAtan2FromVector3.cs
  artifactKey: Guid(ed68244e96b0a47d7a0f089398480ef7) Importer(2089858483,0ecaa5967403d082aa24f35e1b516d23)
Start importing Assets/PlayMaker/Actions/Trigonometry/GetAtan2FromVector3.cs using Guid(ed68244e96b0a47d7a0f089398480ef7) Importer(2089858483,0ecaa5967403d082aa24f35e1b516d23)  -> (artifact id: '4ec132e767c79ef41c605e3f22ea1e4f') in 0.013606 seconds
Number of updated asset objects reloaded before import = 0
Number of asset objects unloaded after import = 1
========================================================================
Received Import Request.
  Time since last request: 0.000010 seconds.
  path: Assets/PlayMaker/Actions/Trigonometry/GetAtan2.cs
  artifactKey: Guid(2bf63cc97e56e4dcc8d616ebe3a04768) Importer(2089858483,0ecaa5967403d082aa24f35e1b516d23)
Start importing Assets/PlayMaker/Actions/Trigonometry/GetAtan2.cs using Guid(2bf63cc97e56e4dcc8d616ebe3a04768) Importer(2089858483,0ecaa5967403d082aa24f35e1b516d23)  -> (artifact id: '96190271869ee148b5ee0cbe27533b5d') in 0.014086 seconds
Number of updated asset objects reloaded before import = 0
Number of asset objects unloaded after import = 1
========================================================================
Received Import Request.
  Time since last request: 0.000010 seconds.
  path: Assets/PlayMaker/Actions/Vector2/Vector2Lerp.cs
  artifactKey: Guid(dde1f65f330694b05892a2430c3f0617) Importer(2089858483,0ecaa5967403d082aa24f35e1b516d23)
Start importing Assets/PlayMaker/Actions/Vector2/Vector2Lerp.cs using Guid(dde1f65f330694b05892a2430c3f0617) Importer(2089858483,0ecaa5967403d082aa24f35e1b516d23)  -> (artifact id: '2298b6259a92cd7552ff269699a7352e') in 0.014290 seconds
Number of updated asset objects reloaded before import = 0
Number of asset objects unloaded after import = 1
========================================================================
Received Import Request.
  Time since last request: 0.000010 seconds.
  path: Assets/PlayMaker/Actions/SpriteRenderer/SetSpriteSortPoint.cs
  artifactKey: Guid(afc3c1835a85a8e438311871e17f4575) Importer(2089858483,0ecaa5967403d082aa24f35e1b516d23)
Start importing Assets/PlayMaker/Actions/SpriteRenderer/SetSpriteSortPoint.cs using Guid(afc3c1835a85a8e438311871e17f4575) Importer(2089858483,0ecaa5967403d082aa24f35e1b516d23)  -> (artifact id: '61acacc54008fb4978d725d605689888') in 0.014779 seconds
Number of updated asset objects reloaded before import = 0
Number of asset objects unloaded after import = 1
========================================================================
Received Import Request.
  Time since last request: 0.000009 seconds.
  path: Assets/PlayMaker/Actions/SceneManager/GetSceneIsLoaded.cs
  artifactKey: Guid(829eaeecb4f724cfa810169921765a35) Importer(2089858483,0ecaa5967403d082aa24f35e1b516d23)
Start importing Assets/PlayMaker/Actions/SceneManager/GetSceneIsLoaded.cs using Guid(829eaeecb4f724cfa810169921765a35) Importer(2089858483,0ecaa5967403d082aa24f35e1b516d23)  -> (artifact id: '935eed58f00c75dcbfd503135815b5e3') in 0.014243 seconds
Number of updated asset objects reloaded before import = 0
Number of asset objects unloaded after import = 1
========================================================================
Received Import Request.
  Time since last request: 0.000012 seconds.
  path: Assets/PlayMaker/Actions/Vector2/SetVector2XY.cs
  artifactKey: Guid(a42688746f7b64ebab25853041141133) Importer(2089858483,0ecaa5967403d082aa24f35e1b516d23)
Start importing Assets/PlayMaker/Actions/Vector2/SetVector2XY.cs using Guid(a42688746f7b64ebab25853041141133) Importer(2089858483,0ecaa5967403d082aa24f35e1b516d23)  -> (artifact id: '8a0c36eb7ba266ecfa8834c78e459104') in 0.014003 seconds
Number of updated asset objects reloaded before import = 0
Number of asset objects unloaded after import = 1
========================================================================
Received Import Request.
  Time since last request: 0.000010 seconds.
  path: Assets/PlayMaker/Actions/Transform/InverseTransformDirection.cs
  artifactKey: Guid(34aef6d301ba9f640a3e9de22acb6f69) Importer(2089858483,0ecaa5967403d082aa24f35e1b516d23)
Start importing Assets/PlayMaker/Actions/Transform/InverseTransformDirection.cs using Guid(34aef6d301ba9f640a3e9de22acb6f69) Importer(2089858483,0ecaa5967403d082aa24f35e1b516d23)  -> (artifact id: '8719c9d9afb3931eac235dc3aaee397d') in 0.014095 seconds
Number of updated asset objects reloaded before import = 0
Number of asset objects unloaded after import = 1
========================================================================
Received Import Request.
  Time since last request: 0.000014 seconds.
  path: Assets/PlayMaker/Actions/StateMachine/GetEventInfo.cs
  artifactKey: Guid(bdeeb47490bb9e94ca4fcbe9b6be9a75) Importer(2089858483,0ecaa5967403d082aa24f35e1b516d23)
Start importing Assets/PlayMaker/Actions/StateMachine/GetEventInfo.cs using Guid(bdeeb47490bb9e94ca4fcbe9b6be9a75) Importer(2089858483,0ecaa5967403d082aa24f35e1b516d23)  -> (artifact id: '6ba71f59ea508ba83d8d8f364a0cb6fe') in 0.017107 seconds
Number of updated asset objects reloaded before import = 0
Number of asset objects unloaded after import = 1
========================================================================
Received Import Request.
  Time since last request: 0.000010 seconds.
  path: Assets/PlayMaker/Actions/RectTransform/RectTransformScreenPointToWorldPointInRectangle.cs
  artifactKey: Guid(fa9e7f797ef274a9ba6e1f0397bb78c4) Importer(2089858483,0ecaa5967403d082aa24f35e1b516d23)
Start importing Assets/PlayMaker/Actions/RectTransform/RectTransformScreenPointToWorldPointInRectangle.cs using Guid(fa9e7f797ef274a9ba6e1f0397bb78c4) Importer(2089858483,0ecaa5967403d082aa24f35e1b516d23)  -> (artifact id: '0883e3f92a9b1fb7004a6d2db7934295') in 0.017240 seconds
Number of updated asset objects reloaded before import = 0
Number of asset objects unloaded after import = 1
========================================================================
Received Import Request.
  Time since last request: 0.487962 seconds.
  path: Assets/PlayMaker/Actions/Vector3/Vector3Invert.cs
  artifactKey: Guid(160c9235249d02249ae944e0b2523e69) Importer(2089858483,0ecaa5967403d082aa24f35e1b516d23)
Start importing Assets/PlayMaker/Actions/Vector3/Vector3Invert.cs using Guid(160c9235249d02249ae944e0b2523e69) Importer(2089858483,0ecaa5967403d082aa24f35e1b516d23)  -> (artifact id: '063b07566fb1cf4b37c5a46a57ac8574') in 0.020239 seconds
Number of updated asset objects reloaded before import = 0
Number of asset objects unloaded after import = 1
========================================================================
Received Import Request.
  Time since last request: 0.000010 seconds.
  path: Assets/STYLY_Plugin/Scripts/Editor/Converter.cs
  artifactKey: Guid(f9fc45e371fbfea40a754ce1ff225788) Importer(2089858483,0ecaa5967403d082aa24f35e1b516d23)
Start importing Assets/STYLY_Plugin/Scripts/Editor/Converter.cs using Guid(f9fc45e371fbfea40a754ce1ff225788) Importer(2089858483,0ecaa5967403d082aa24f35e1b516d23)  -> (artifact id: '3dab15916d17268fa77f059677f39b3a') in 0.011749 seconds
Number of updated asset objects reloaded before import = 0
Number of asset objects unloaded after import = 1
========================================================================
Received Import Request.
  Time since last request: 0.000010 seconds.
  path: Assets/STYLY_Plugin/Scripts/Editor/Error.cs
  artifactKey: Guid(ad2283b616d1543999aac1df309890e0) Importer(2089858483,0ecaa5967403d082aa24f35e1b516d23)
Start importing Assets/STYLY_Plugin/Scripts/Editor/Error.cs using Guid(ad2283b616d1543999aac1df309890e0) Importer(2089858483,0ecaa5967403d082aa24f35e1b516d23)  -> (artifact id: 'fd37f23e5c61f9ff71f27b44474618c6') in 0.012335 seconds
Number of updated asset objects reloaded before import = 0
Number of asset objects unloaded after import = 1
========================================================================
Received Import Request.
  Time since last request: 0.000011 seconds.
  path: Assets/PlayMaker/Actions/VideoPlayer/VideoPlayerSetTargetTexture.cs
  artifactKey: Guid(db400f5ee9ed74947bee5b1aaa6f440e) Importer(2089858483,0ecaa5967403d082aa24f35e1b516d23)
Start importing Assets/PlayMaker/Actions/VideoPlayer/VideoPlayerSetTargetTexture.cs using Guid(db400f5ee9ed74947bee5b1aaa6f440e) Importer(2089858483,0ecaa5967403d082aa24f35e1b516d23)  -> (artifact id: 'aa40643cacd5f55869fd11bbf9a92f58') in 0.015059 seconds
Number of updated asset objects reloaded before import = 0
Number of asset objects unloaded after import = 1
========================================================================
Received Import Request.
  Time since last request: 0.000010 seconds.
  path: Assets/PlayMaker/Editor/Install/Playmaker.1.9.6.unitypackage
  artifactKey: Guid(368eae1f0540d1e479cef9f883154683) Importer(2089858483,0ecaa5967403d082aa24f35e1b516d23)
Start importing Assets/PlayMaker/Editor/Install/Playmaker.1.9.6.unitypackage using Guid(368eae1f0540d1e479cef9f883154683) Importer(2089858483,0ecaa5967403d082aa24f35e1b516d23)  -> (artifact id: '2d5bf1f8806d9958ec27a213d84babca') in 0.010812 seconds
Number of updated asset objects reloaded before import = 0
Number of asset objects unloaded after import = 1
========================================================================
Received Import Request.
  Time since last request: 0.000010 seconds.
  path: Assets/PlayMaker/Actions/VideoPlayer/VideoPlayerSeekCompletedEvent.cs
  artifactKey: Guid(e3f7530fa64984667893999214731a1a) Importer(2089858483,0ecaa5967403d082aa24f35e1b516d23)
Start importing Assets/PlayMaker/Actions/VideoPlayer/VideoPlayerSeekCompletedEvent.cs using Guid(e3f7530fa64984667893999214731a1a) Importer(2089858483,0ecaa5967403d082aa24f35e1b516d23)  -> (artifact id: 'a27955fe21c72c2ed81aafb303667f2b') in 0.017649 seconds
Number of updated asset objects reloaded before import = 0
Number of asset objects unloaded after import = 1
========================================================================
Received Import Request.
  Time since last request: 0.000009 seconds.
  path: Assets/PlayMaker/Actions/Vector3/Vector3Normalize.cs
  artifactKey: Guid(870da0581c75fe744a3a742d7620ff1a) Importer(2089858483,0ecaa5967403d082aa24f35e1b516d23)
Start importing Assets/PlayMaker/Actions/Vector3/Vector3Normalize.cs using Guid(870da0581c75fe744a3a742d7620ff1a) Importer(2089858483,0ecaa5967403d082aa24f35e1b516d23)  -> (artifact id: 'd282ea5c4ecaa62035ebe8414ad01c1f') in 0.014166 seconds
Number of updated asset objects reloaded before import = 0
Number of asset objects unloaded after import = 1
========================================================================
Received Import Request.
  Time since last request: 0.000016 seconds.
  path: Assets/PlayMaker/Editor/Watermarks/Dazzle.png
  artifactKey: Guid(3e872e3452d8cf04aa5ac4b31e442167) Importer(2089858483,0ecaa5967403d082aa24f35e1b516d23)
Start importing Assets/PlayMaker/Editor/Watermarks/Dazzle.png using Guid(3e872e3452d8cf04aa5ac4b31e442167) Importer(2089858483,0ecaa5967403d082aa24f35e1b516d23)  -> (artifact id: '3d062e1c815a7660183d60a7c91ee20f') in 0.014652 seconds
Number of updated asset objects reloaded before import = 0
Number of asset objects unloaded after import = 1
========================================================================
Received Import Request.
  Time since last request: 0.000068 seconds.
  path: Assets/PlayMaker/Actions/VideoPlayer/VideoPlayerSetTargetMaterialProperty.cs
  artifactKey: Guid(6ca0d3a5289874fd89d16004d12b796d) Importer(2089858483,0ecaa5967403d082aa24f35e1b516d23)
Start importing Assets/PlayMaker/Actions/VideoPlayer/VideoPlayerSetTargetMaterialProperty.cs using Guid(6ca0d3a5289874fd89d16004d12b796d) Importer(2089858483,0ecaa5967403d082aa24f35e1b516d23)  -> (artifact id: '4eef8b25efee3b5f6ec6673aed3ab058') in 0.012295 seconds
Number of updated asset objects reloaded before import = 0
Number of asset objects unloaded after import = 1
========================================================================
Received Import Request.
  Time since last request: 0.000010 seconds.
  path: Assets/PolyTope_VoxelWorld_Animals/Content/Prefabs/prefab_prop_animal_pig.prefab
  artifactKey: Guid(94a9fe51bfbbc1b4795f959450ad523a) Importer(2089858483,0ecaa5967403d082aa24f35e1b516d23)
Start importing Assets/PolyTope_VoxelWorld_Animals/Content/Prefabs/prefab_prop_animal_pig.prefab using Guid(94a9fe51bfbbc1b4795f959450ad523a) Importer(2089858483,0ecaa5967403d082aa24f35e1b516d23)  -> (artifact id: 'afaee45dda2c0a26b08ceadd646e1ed9') in 0.020235 seconds
Number of updated asset objects reloaded before import = 0
Number of asset objects unloaded after import = 9
========================================================================
Received Import Request.
  Time since last request: 0.000012 seconds.
  path: Assets/PlayMaker/Editor/Resources/logoHeader@2x.png
  artifactKey: Guid(b54475dee9a838b4594451ae43b03bf7) Importer(2089858483,0ecaa5967403d082aa24f35e1b516d23)
Start importing Assets/PlayMaker/Editor/Resources/logoHeader@2x.png using Guid(b54475dee9a838b4594451ae43b03bf7) Importer(2089858483,0ecaa5967403d082aa24f35e1b516d23)  -> (artifact id: '88d0b6d9000ea3e6c2c13408aa39d0a5') in 0.015303 seconds
Number of updated asset objects reloaded before import = 0
Number of asset objects unloaded after import = 1
========================================================================
Received Import Request.
  Time since last request: 0.000015 seconds.
  path: Assets/STYLY_Plugin/STYLY_ImmersalUI/FsmTemplates/PageSwitcher.asset
  artifactKey: Guid(7cdb7b32974634f75b6c31a78874afc2) Importer(2089858483,0ecaa5967403d082aa24f35e1b516d23)
Start importing Assets/STYLY_Plugin/STYLY_ImmersalUI/FsmTemplates/PageSwitcher.asset using Guid(7cdb7b32974634f75b6c31a78874afc2) Importer(2089858483,0ecaa5967403d082aa24f35e1b516d23)  -> (artifact id: '4bdd8e26779cf175127bddb188a82b5e') in 0.032779 seconds
Number of updated asset objects reloaded before import = 0
Number of asset objects unloaded after import = 1
========================================================================
Received Import Request.
  Time since last request: 0.000010 seconds.
  path: Assets/STYLY_Plugin/STYLY_ImmersalUI/FsmTemplates/PictureArea.asset
  artifactKey: Guid(7063e02df74897446a66d04e3ca0e35e) Importer(2089858483,0ecaa5967403d082aa24f35e1b516d23)
Start importing Assets/STYLY_Plugin/STYLY_ImmersalUI/FsmTemplates/PictureArea.asset using Guid(7063e02df74897446a66d04e3ca0e35e) Importer(2089858483,0ecaa5967403d082aa24f35e1b516d23)  -> (artifact id: '87a746fe37dd7a9df22aafdd9588dc87') in 0.016640 seconds
Number of updated asset objects reloaded before import = 0
Number of asset objects unloaded after import = 1
========================================================================
Received Import Request.
  Time since last request: 0.000011 seconds.
  path: Assets/STYLY_Plugin/STYLY_ImmersalUI/Sprites/tex_scan_JP.png
  artifactKey: Guid(24bba80bd68567a45a68d5599cd10b04) Importer(2089858483,0ecaa5967403d082aa24f35e1b516d23)
Start importing Assets/STYLY_Plugin/STYLY_ImmersalUI/Sprites/tex_scan_JP.png using Guid(24bba80bd68567a45a68d5599cd10b04) Importer(2089858483,0ecaa5967403d082aa24f35e1b516d23)  -> (artifact id: 'e41c44e3824e388cfe8e4cd81eb18567') in 0.023286 seconds
Number of updated asset objects reloaded before import = 0
Number of asset objects unloaded after import = 3
========================================================================
Received Import Request.
  Time since last request: 0.000013 seconds.
  path: Assets/PolyTope_VoxelWorld_Animals/Content/Prefabs/prefab_prop_animal_dog.prefab
  artifactKey: Guid(667ff611db0598c41aab7e66b9eb99ef) Importer(2089858483,0ecaa5967403d082aa24f35e1b516d23)
Start importing Assets/PolyTope_VoxelWorld_Animals/Content/Prefabs/prefab_prop_animal_dog.prefab using Guid(667ff611db0598c41aab7e66b9eb99ef) Importer(2089858483,0ecaa5967403d082aa24f35e1b516d23)  -> (artifact id: '16f13e5053d7d7911be23646488e7683') in 0.019890 seconds
Number of updated asset objects reloaded before import = 0
Number of asset objects unloaded after import = 9
========================================================================
Received Import Request.
  Time since last request: 0.000011 seconds.
  path: Assets/UniGLTF/UniJSON/Scripts/FormatterExtensions.cs
  artifactKey: Guid(eb87cc122742d7544b818c171b15f746) Importer(2089858483,0ecaa5967403d082aa24f35e1b516d23)
Start importing Assets/UniGLTF/UniJSON/Scripts/FormatterExtensions.cs using Guid(eb87cc122742d7544b818c171b15f746) Importer(2089858483,0ecaa5967403d082aa24f35e1b516d23)  -> (artifact id: '83745b21c95816d81e9d0fa96d976c32') in 0.012092 seconds
Number of updated asset objects reloaded before import = 0
Number of asset objects unloaded after import = 1
========================================================================
Received Import Request.
  Time since last request: 0.000025 seconds.
  path: Assets/UniGLTF/UniUnlit/Editor/UniUnlitEditor.cs
  artifactKey: Guid(4c70714358bb2fb4fa96ef08640763fd) Importer(2089858483,0ecaa5967403d082aa24f35e1b516d23)
Start importing Assets/UniGLTF/UniUnlit/Editor/UniUnlitEditor.cs using Guid(4c70714358bb2fb4fa96ef08640763fd) Importer(2089858483,0ecaa5967403d082aa24f35e1b516d23)  -> (artifact id: 'c7460c45f2ff239f4bc32afeba863dd6') in 0.015454 seconds
Number of updated asset objects reloaded before import = 0
Number of asset objects unloaded after import = 1
========================================================================
Received Import Request.
  Time since last request: 0.000032 seconds.
  path: Assets/UniGLTF/Core/Editor/MaterialTests.cs
  artifactKey: Guid(37dbc1bc37728a44f8e33ad44e407c91) Importer(2089858483,0ecaa5967403d082aa24f35e1b516d23)
Start importing Assets/UniGLTF/Core/Editor/MaterialTests.cs using Guid(37dbc1bc37728a44f8e33ad44e407c91) Importer(2089858483,0ecaa5967403d082aa24f35e1b516d23)  -> (artifact id: '9aa74fdcc08acd4dd9680e82cbf24b60') in 0.009606 seconds
Number of updated asset objects reloaded before import = 0
Number of asset objects unloaded after import = 1
========================================================================
Received Import Request.
  Time since last request: 0.000023 seconds.
  path: Assets/UniGLTF/UniHumanoid/doc/bvh_bonemapping.png
  artifactKey: Guid(06577ef88ae5dea4189cb3022681fa9f) Importer(2089858483,0ecaa5967403d082aa24f35e1b516d23)
Start importing Assets/UniGLTF/UniHumanoid/doc/bvh_bonemapping.png using Guid(06577ef88ae5dea4189cb3022681fa9f) Importer(2089858483,0ecaa5967403d082aa24f35e1b516d23)  -> (artifact id: '51433280f0affe343599c82f0b502620') in 0.017116 seconds
Number of updated asset objects reloaded before import = 0
Number of asset objects unloaded after import = 1
========================================================================
Received Import Request.
  Time since last request: 0.000009 seconds.
  path: Assets/PlayMaker/Actions/VideoPlayer/VideoPlayerGetTexture.cs
  artifactKey: Guid(e28ef3c39067149ba9325fa5cb6f9ee3) Importer(2089858483,0ecaa5967403d082aa24f35e1b516d23)
Start importing Assets/PlayMaker/Actions/VideoPlayer/VideoPlayerGetTexture.cs using Guid(e28ef3c39067149ba9325fa5cb6f9ee3) Importer(2089858483,0ecaa5967403d082aa24f35e1b516d23)  -> (artifact id: '2d83945b51fb95e4430bab466050550a') in 0.010137 seconds
Number of updated asset objects reloaded before import = 0
Number of asset objects unloaded after import = 1
========================================================================
Received Import Request.
  Time since last request: 0.000010 seconds.
  path: Assets/PlayMaker/Editor/Watermarks/Crosshairs.png
  artifactKey: Guid(efb53602b01d8a14488b1124b167ec43) Importer(2089858483,0ecaa5967403d082aa24f35e1b516d23)
Start importing Assets/PlayMaker/Editor/Watermarks/Crosshairs.png using Guid(efb53602b01d8a14488b1124b167ec43) Importer(2089858483,0ecaa5967403d082aa24f35e1b516d23)  -> (artifact id: '8f86a639e2ac8c43b1730f46d12b3a3c') in 0.018843 seconds
Number of updated asset objects reloaded before import = 0
Number of asset objects unloaded after import = 1
========================================================================
Received Import Request.
  Time since last request: 0.000010 seconds.
  path: Assets/PlayMaker/Actions/VideoPlayer/VideoPlayerSetRenderMode.cs
  artifactKey: Guid(e1fcd3b142fdb431ea7ca01109b89d5b) Importer(2089858483,0ecaa5967403d082aa24f35e1b516d23)
Start importing Assets/PlayMaker/Actions/VideoPlayer/VideoPlayerSetRenderMode.cs using Guid(e1fcd3b142fdb431ea7ca01109b89d5b) Importer(2089858483,0ecaa5967403d082aa24f35e1b516d23)  -> (artifact id: 'f9e7ac25f4d872c450d0225701f09103') in 0.014737 seconds
Number of updated asset objects reloaded before import = 0
Number of asset objects unloaded after import = 1
========================================================================
Received Import Request.
  Time since last request: 0.000021 seconds.
  path: Assets/PlayMaker/Editor/Resources/linkSamples.png
  artifactKey: Guid(7b8554e124fc8af40a2db0b397c948d3) Importer(2089858483,0ecaa5967403d082aa24f35e1b516d23)
Start importing Assets/PlayMaker/Editor/Resources/linkSamples.png using Guid(7b8554e124fc8af40a2db0b397c948d3) Importer(2089858483,0ecaa5967403d082aa24f35e1b516d23)  -> (artifact id: 'b8b8b238f3ab2c40c99d8b3cabfcf8f4') in 0.019812 seconds
Number of updated asset objects reloaded before import = 0
Number of asset objects unloaded after import = 1
========================================================================
Received Import Request.
  Time since last request: 0.000014 seconds.
  path: Assets/PlayMaker/Editor/Watermarks/Camera.png
  artifactKey: Guid(d4ed99101f3eb6f43a823a0e8b129218) Importer(2089858483,0ecaa5967403d082aa24f35e1b516d23)
Start importing Assets/PlayMaker/Editor/Watermarks/Camera.png using Guid(d4ed99101f3eb6f43a823a0e8b129218) Importer(2089858483,0ecaa5967403d082aa24f35e1b516d23)  -> (artifact id: 'e5447e7908c50dd0a217ed50361f3a50') in 0.016908 seconds
Number of updated asset objects reloaded before import = 0
Number of asset objects unloaded after import = 1
========================================================================
Received Import Request.
  Time since last request: 0.000018 seconds.
  path: Assets/PlayMaker/Actions/VideoPlayer/VideoPlayerGetSkipOnDrop.cs
  artifactKey: Guid(ec9999c446b88448f87bce256109e1c6) Importer(2089858483,0ecaa5967403d082aa24f35e1b516d23)
Start importing Assets/PlayMaker/Actions/VideoPlayer/VideoPlayerGetSkipOnDrop.cs using Guid(ec9999c446b88448f87bce256109e1c6) Importer(2089858483,0ecaa5967403d082aa24f35e1b516d23)  -> (artifact id: '27a0b0aeefa3cd79c44ba971297eaee8') in 0.010179 seconds
Number of updated asset objects reloaded before import = 0
Number of asset objects unloaded after import = 1
========================================================================
Received Import Request.
  Time since last request: 0.000009 seconds.
  path: Assets/PlayMaker/Actions/VideoPlayer/VideoPlayerGetAudioOutputMode.cs
  artifactKey: Guid(c6b9af78b16984763a1a69feaa21c156) Importer(2089858483,0ecaa5967403d082aa24f35e1b516d23)
Start importing Assets/PlayMaker/Actions/VideoPlayer/VideoPlayerGetAudioOutputMode.cs using Guid(c6b9af78b16984763a1a69feaa21c156) Importer(2089858483,0ecaa5967403d082aa24f35e1b516d23)  -> (artifact id: '4fa83a0156262e495e7fdf073a2753ba') in 0.017465 seconds
Number of updated asset objects reloaded before import = 0
Number of asset objects unloaded after import = 1
========================================================================
Received Import Request.
  Time since last request: 0.000010 seconds.
  path: Assets/PolyTope_VoxelWorld_Animals/Content/Prefabs/prefab_prop_animal_chicken.prefab
  artifactKey: Guid(4ed1e0628e5ec2a409b6e3e2eaa84a34) Importer(2089858483,0ecaa5967403d082aa24f35e1b516d23)
Start importing Assets/PolyTope_VoxelWorld_Animals/Content/Prefabs/prefab_prop_animal_chicken.prefab using Guid(4ed1e0628e5ec2a409b6e3e2eaa84a34) Importer(2089858483,0ecaa5967403d082aa24f35e1b516d23)  -> (artifact id: '066cc2a571f82a8ac0870638694212ad') in 0.025948 seconds
Number of updated asset objects reloaded before import = 0
Number of asset objects unloaded after import = 9
========================================================================
Received Import Request.
  Time since last request: 0.000011 seconds.
  path: Assets/PlayMaker/Editor/Resources/linkUpdate@2x.png
  artifactKey: Guid(631211158f370c34abcb39fa2f482695) Importer(2089858483,0ecaa5967403d082aa24f35e1b516d23)
Start importing Assets/PlayMaker/Editor/Resources/linkUpdate@2x.png using Guid(631211158f370c34abcb39fa2f482695) Importer(2089858483,0ecaa5967403d082aa24f35e1b516d23)  -> (artifact id: '3966569357ead67619bcad797237fe04') in 0.018263 seconds
Number of updated asset objects reloaded before import = 0
Number of asset objects unloaded after import = 1
========================================================================
Received Import Request.
  Time since last request: 0.000025 seconds.
  path: Assets/UniGLTF/Core/Scripts/UniGLTFException.cs
  artifactKey: Guid(34c865b003bc1f44abcdb95dc99979cf) Importer(2089858483,0ecaa5967403d082aa24f35e1b516d23)
Start importing Assets/UniGLTF/Core/Scripts/UniGLTFException.cs using Guid(34c865b003bc1f44abcdb95dc99979cf) Importer(2089858483,0ecaa5967403d082aa24f35e1b516d23)  -> (artifact id: '4ab72faf90b43172a53c49f736b3ab47') in 0.014272 seconds
Number of updated asset objects reloaded before import = 0
Number of asset objects unloaded after import = 1
========================================================================
Received Import Request.
  Time since last request: 0.000009 seconds.
  path: Assets/UniGLTF/UniHumanoid/Scripts/BvhBone.cs
  artifactKey: Guid(c1a88b26726f137419428078debd253f) Importer(2089858483,0ecaa5967403d082aa24f35e1b516d23)
Start importing Assets/UniGLTF/UniHumanoid/Scripts/BvhBone.cs using Guid(c1a88b26726f137419428078debd253f) Importer(2089858483,0ecaa5967403d082aa24f35e1b516d23)  -> (artifact id: '507934a31f8a11bf3de74ba5e283df3c') in 0.012955 seconds
Number of updated asset objects reloaded before import = 0
Number of asset objects unloaded after import = 1
========================================================================
Received Import Request.
  Time since last request: 0.000011 seconds.
  path: Assets/STYLY_Plugin/STYLY_ImmersalUI/FsmTemplates/OrientationCanvasSwitcher.asset
  artifactKey: Guid(63b7d6d2c9994194688ad1cc3d30fdb6) Importer(2089858483,0ecaa5967403d082aa24f35e1b516d23)
Start importing Assets/STYLY_Plugin/STYLY_ImmersalUI/FsmTemplates/OrientationCanvasSwitcher.asset using Guid(63b7d6d2c9994194688ad1cc3d30fdb6) Importer(2089858483,0ecaa5967403d082aa24f35e1b516d23)  -> (artifact id: '3c5d0f3b1d18b1b0f9ad045a22a1a830') in 0.019900 seconds
Number of updated asset objects reloaded before import = 0
Number of asset objects unloaded after import = 1
========================================================================
Received Import Request.
  Time since last request: 0.000015 seconds.
  path: Assets/PolyTope_VoxelWorld_Animals/Content/Textures/texture_world_palette.png
  artifactKey: Guid(dea528a66c0f51843ae9feed3ab17b2d) Importer(2089858483,0ecaa5967403d082aa24f35e1b516d23)
Start importing Assets/PolyTope_VoxelWorld_Animals/Content/Textures/texture_world_palette.png using Guid(dea528a66c0f51843ae9feed3ab17b2d) Importer(2089858483,0ecaa5967403d082aa24f35e1b516d23)  -> (artifact id: '53d8dc0b82b64cf020b2a76013c78595') in 0.013581 seconds
Number of updated asset objects reloaded before import = 0
Number of asset objects unloaded after import = 1
========================================================================
Received Import Request.
  Time since last request: 0.000010 seconds.
  path: Assets/PlayMaker/Editor/Watermarks/Loop.png
  artifactKey: Guid(07134a7e6508040408a9d1f24eb1579e) Importer(2089858483,0ecaa5967403d082aa24f35e1b516d23)
Start importing Assets/PlayMaker/Editor/Watermarks/Loop.png using Guid(07134a7e6508040408a9d1f24eb1579e) Importer(2089858483,0ecaa5967403d082aa24f35e1b516d23)  -> (artifact id: '8acae7a7b7612dc5bc9b2c540cdd4b2e') in 0.017822 seconds
Number of updated asset objects reloaded before import = 0
Number of asset objects unloaded after import = 1
========================================================================
Received Import Request.
  Time since last request: 0.000013 seconds.
  path: Assets/PolyTope_VoxelWorld_Animals/Content/Models/mod_prop_animal_pig.fbx
  artifactKey: Guid(a8b3757e203cb084dab6f7aea498468f) Importer(2089858483,0ecaa5967403d082aa24f35e1b516d23)
Start importing Assets/PolyTope_VoxelWorld_Animals/Content/Models/mod_prop_animal_pig.fbx using Guid(a8b3757e203cb084dab6f7aea498468f) Importer(2089858483,0ecaa5967403d082aa24f35e1b516d23)  -> (artifact id: 'd80277fdc6597413c4d3f56ea93894f6') in 0.017949 seconds
Number of updated asset objects reloaded before import = 0
Number of asset objects unloaded after import = 7
========================================================================
Received Import Request.
  Time since last request: 0.000012 seconds.
  path: Assets/PlayMaker/Actions/VideoPlayer/VideoPlayerSetWaitForFirstFrame.cs
  artifactKey: Guid(f41f3929e67564e5faf3bf2d84cf2e96) Importer(2089858483,0ecaa5967403d082aa24f35e1b516d23)
Start importing Assets/PlayMaker/Actions/VideoPlayer/VideoPlayerSetWaitForFirstFrame.cs using Guid(f41f3929e67564e5faf3bf2d84cf2e96) Importer(2089858483,0ecaa5967403d082aa24f35e1b516d23)  -> (artifact id: '8d2fe74df7b8130d8096b1de579b3980') in 0.014156 seconds
Number of updated asset objects reloaded before import = 0
Number of asset objects unloaded after import = 1
========================================================================
Received Import Request.
  Time since last request: 0.000009 seconds.
  path: Assets/PlayMaker/Editor/pt-BR/PlayMakerEditorResources.resources.dll
  artifactKey: Guid(72db74579eb0aa24aaf2989374f99303) Importer(2089858483,0ecaa5967403d082aa24f35e1b516d23)
Start importing Assets/PlayMaker/Editor/pt-BR/PlayMakerEditorResources.resources.dll using Guid(72db74579eb0aa24aaf2989374f99303) Importer(2089858483,0ecaa5967403d082aa24f35e1b516d23)  -> (artifact id: 'dac4c15f7f1ec114f8b4f96b16cf452a') in 0.015124 seconds
Number of updated asset objects reloaded before import = 0
Number of asset objects unloaded after import = 1
========================================================================
Received Import Request.
  Time since last request: 0.000011 seconds.
  path: Assets/PlayMaker/Editor/Watermarks/Soldier.png
  artifactKey: Guid(bff7060f1f2727849802c10aa29eab8b) Importer(2089858483,0ecaa5967403d082aa24f35e1b516d23)
Start importing Assets/PlayMaker/Editor/Watermarks/Soldier.png using Guid(bff7060f1f2727849802c10aa29eab8b) Importer(2089858483,0ecaa5967403d082aa24f35e1b516d23)  -> (artifact id: 'cd02bef96bc98693b70b56795ddc6c32') in 0.015792 seconds
Number of updated asset objects reloaded before import = 0
Number of asset objects unloaded after import = 1
========================================================================
Received Import Request.
  Time since last request: 0.000017 seconds.
  path: Assets/UniGLTF/UniHumanoid/doc/mesh.png
  artifactKey: Guid(7e153a45f4c3fab428c47e3d6509252d) Importer(2089858483,0ecaa5967403d082aa24f35e1b516d23)
Start importing Assets/UniGLTF/UniHumanoid/doc/mesh.png using Guid(7e153a45f4c3fab428c47e3d6509252d) Importer(2089858483,0ecaa5967403d082aa24f35e1b516d23)  -> (artifact id: 'c702a60a04be5091a3b03c05bfdb4876') in 0.017239 seconds
Number of updated asset objects reloaded before import = 0
Number of asset objects unloaded after import = 1
========================================================================
Received Import Request.
  Time since last request: 0.000010 seconds.
  path: Assets/UniGLTF/UniHumanoid/doc/humanpose_transfer_inspector.png
  artifactKey: Guid(0091e5f38ae478b47ba5b2aec91e1598) Importer(2089858483,0ecaa5967403d082aa24f35e1b516d23)
Start importing Assets/UniGLTF/UniHumanoid/doc/humanpose_transfer_inspector.png using Guid(0091e5f38ae478b47ba5b2aec91e1598) Importer(2089858483,0ecaa5967403d082aa24f35e1b516d23)  -> (artifact id: '1ea1aa8b0185387f07876b30b8ccff4b') in 0.022911 seconds
Number of updated asset objects reloaded before import = 0
Number of asset objects unloaded after import = 1
========================================================================
Received Import Request.
  Time since last request: 0.000027 seconds.
  path: Assets/STYLY_Plugin/Scripts/Editor/PluginUpdateNotifier.cs
  artifactKey: Guid(4a847f8b1ba29a04ca9fd1fcd3dd6740) Importer(2089858483,0ecaa5967403d082aa24f35e1b516d23)
Start importing Assets/STYLY_Plugin/Scripts/Editor/PluginUpdateNotifier.cs using Guid(4a847f8b1ba29a04ca9fd1fcd3dd6740) Importer(2089858483,0ecaa5967403d082aa24f35e1b516d23)  -> (artifact id: 'fbbc4dae3ba359a4555f3cb0c8e23dff') in 0.013309 seconds
Number of updated asset objects reloaded before import = 0
Number of asset objects unloaded after import = 1
========================================================================
Received Import Request.
  Time since last request: 0.000011 seconds.
  path: Assets/STYLY_Plugin/STYLY_ImmersalUI/Sprites/tex_scan_EN.png
  artifactKey: Guid(112cfce8ba1636144bc4a3541c6d96a6) Importer(2089858483,0ecaa5967403d082aa24f35e1b516d23)
Start importing Assets/STYLY_Plugin/STYLY_ImmersalUI/Sprites/tex_scan_EN.png using Guid(112cfce8ba1636144bc4a3541c6d96a6) Importer(2089858483,0ecaa5967403d082aa24f35e1b516d23)  -> (artifact id: '739e435e838727b5d5485febfdfb8602') in 0.015815 seconds
Number of updated asset objects reloaded before import = 0
Number of asset objects unloaded after import = 3
========================================================================
Received Import Request.
  Time since last request: 0.070491 seconds.
  path: Assets/3D/FujitoWork/Toon/Shader/UCTS_Outline.cginc
  artifactKey: Guid(ec7b5c1d006f6be49b412bcd7a789c78) Importer(2089858483,0ecaa5967403d082aa24f35e1b516d23)
Start importing Assets/3D/FujitoWork/Toon/Shader/UCTS_Outline.cginc using Guid(ec7b5c1d006f6be49b412bcd7a789c78) Importer(2089858483,0ecaa5967403d082aa24f35e1b516d23)  -> (artifact id: '2b7fe3e8947f5e92b84835c6b965cd1c') in 0.012109 seconds
Number of updated asset objects reloaded before import = 0
Number of asset objects unloaded after import = 1
========================================================================
Received Import Request.
  Time since last request: 0.000011 seconds.
  path: Assets/STYLY_Plugin/STYLY_MaintenanceTool/Scripts/Runtime/AndroidVRUtility.cs
  artifactKey: Guid(5f7cf475be5d02645a64cec930ef39b5) Importer(2089858483,0ecaa5967403d082aa24f35e1b516d23)
Start importing Assets/STYLY_Plugin/STYLY_MaintenanceTool/Scripts/Runtime/AndroidVRUtility.cs using Guid(5f7cf475be5d02645a64cec930ef39b5) Importer(2089858483,0ecaa5967403d082aa24f35e1b516d23)  -> (artifact id: '588e80d7681f42a8ab916d09d8722297') in 0.018779 seconds
Number of updated asset objects reloaded before import = 0
Number of asset objects unloaded after import = 1
========================================================================
Received Import Request.
  Time since last request: 0.000010 seconds.
  path: Assets/UniGLTF/UniJSON/Scripts/MsgPack/MsgPackFormatter.cs
  artifactKey: Guid(41153eff97391fd46a31361bac5804fb) Importer(2089858483,0ecaa5967403d082aa24f35e1b516d23)
Start importing Assets/UniGLTF/UniJSON/Scripts/MsgPack/MsgPackFormatter.cs using Guid(41153eff97391fd46a31361bac5804fb) Importer(2089858483,0ecaa5967403d082aa24f35e1b516d23)  -> (artifact id: 'd4b3151258a5496bc9ccfab8337270a0') in 0.017412 seconds
Number of updated asset objects reloaded before import = 0
Number of asset objects unloaded after import = 1
========================================================================
Received Import Request.
  Time since last request: 0.000010 seconds.
  path: Assets/UniGLTF/UniHumanoid/Scripts/Editor/BoneMappingEditor.cs
  artifactKey: Guid(06b3418a97f8c204da34a849fa86a7c0) Importer(2089858483,0ecaa5967403d082aa24f35e1b516d23)
Start importing Assets/UniGLTF/UniHumanoid/Scripts/Editor/BoneMappingEditor.cs using Guid(06b3418a97f8c204da34a849fa86a7c0) Importer(2089858483,0ecaa5967403d082aa24f35e1b516d23)  -> (artifact id: '0936988367e71c8b6a979090cc3db32a') in 0.012012 seconds
Number of updated asset objects reloaded before import = 0
Number of asset objects unloaded after import = 1
========================================================================
Received Import Request.
  Time since last request: 0.000010 seconds.
  path: Assets/PlayMaker/Actions/UI/Components/PlayMakerUiDropEvent.cs
  artifactKey: Guid(c32e752b1d2fdde4893b29118abcd9db) Importer(2089858483,0ecaa5967403d082aa24f35e1b516d23)
Start importing Assets/PlayMaker/Actions/UI/Components/PlayMakerUiDropEvent.cs using Guid(c32e752b1d2fdde4893b29118abcd9db) Importer(2089858483,0ecaa5967403d082aa24f35e1b516d23)  -> (artifact id: 'bf56f7636851d4d669a4eab525e3b95c') in 0.012766 seconds
Number of updated asset objects reloaded before import = 0
Number of asset objects unloaded after import = 1
========================================================================
Received Import Request.
  Time since last request: 0.000012 seconds.
  path: Assets/PlayMaker/Actions/Tween/Editor/TweenQuaternionEditor.cs
  artifactKey: Guid(12dce58eb0a7ecb4590f815ef32667e2) Importer(2089858483,0ecaa5967403d082aa24f35e1b516d23)
Start importing Assets/PlayMaker/Actions/Tween/Editor/TweenQuaternionEditor.cs using Guid(12dce58eb0a7ecb4590f815ef32667e2) Importer(2089858483,0ecaa5967403d082aa24f35e1b516d23)  -> (artifact id: '41a7c28e9576a95143cd9104f23b262b') in 0.012337 seconds
Number of updated asset objects reloaded before import = 0
Number of asset objects unloaded after import = 1
========================================================================
Received Import Request.
  Time since last request: 0.000017 seconds.
  path: Assets/STYLY_Plugin/STYLY_InteractionSDK/Simulator/UI/guide_key.png
  artifactKey: Guid(421ff30b874558d4bac69efb633c60ad) Importer(2089858483,0ecaa5967403d082aa24f35e1b516d23)
Start importing Assets/STYLY_Plugin/STYLY_InteractionSDK/Simulator/UI/guide_key.png using Guid(421ff30b874558d4bac69efb633c60ad) Importer(2089858483,0ecaa5967403d082aa24f35e1b516d23)  -> (artifact id: 'c5e6b086c0845940c37577bd0b81d5ca') in 0.019960 seconds
Number of updated asset objects reloaded before import = 0
Number of asset objects unloaded after import = 3
========================================================================
Received Import Request.
  Time since last request: 0.000010 seconds.
  path: Assets/UniGLTF/Core/Scripts/Extensions/JsonParserExtensions.cs
  artifactKey: Guid(d0a724a200cc85b4887efa87292c6626) Importer(2089858483,0ecaa5967403d082aa24f35e1b516d23)
Start importing Assets/UniGLTF/Core/Scripts/Extensions/JsonParserExtensions.cs using Guid(d0a724a200cc85b4887efa87292c6626) Importer(2089858483,0ecaa5967403d082aa24f35e1b516d23)  -> (artifact id: '9ce042756567642fc0330240ce8b7dc0') in 0.016075 seconds
Number of updated asset objects reloaded before import = 0
Number of asset objects unloaded after import = 1
========================================================================
Received Import Request.
  Time since last request: 0.000008 seconds.
  path: Assets/PlayMaker/Actions/UI/Components/PlayMakerUiVector2ValueChangedEvent.cs
  artifactKey: Guid(6a10c964f97a22d43a7ab5549bff6113) Importer(2089858483,0ecaa5967403d082aa24f35e1b516d23)
Start importing Assets/PlayMaker/Actions/UI/Components/PlayMakerUiVector2ValueChangedEvent.cs using Guid(6a10c964f97a22d43a7ab5549bff6113) Importer(2089858483,0ecaa5967403d082aa24f35e1b516d23)  -> (artifact id: '63fcd8fd450ca50bccfc69299c0b409c') in 0.011061 seconds
Number of updated asset objects reloaded before import = 0
Number of asset objects unloaded after import = 1
========================================================================
Received Import Request.
  Time since last request: 0.000011 seconds.
  path: Assets/STYLY_Plugin/STYLY_Playmaker_CustomActions/CustomActions/Release/GetAudioSpectrumLevel.cs
  artifactKey: Guid(1cc6951ab223c8341b95e3d7e61eeeef) Importer(2089858483,0ecaa5967403d082aa24f35e1b516d23)
Start importing Assets/STYLY_Plugin/STYLY_Playmaker_CustomActions/CustomActions/Release/GetAudioSpectrumLevel.cs using Guid(1cc6951ab223c8341b95e3d7e61eeeef) Importer(2089858483,0ecaa5967403d082aa24f35e1b516d23)  -> (artifact id: '53dfa954ba47c239e4c4722d1eec75de') in 0.013237 seconds
Number of updated asset objects reloaded before import = 0
Number of asset objects unloaded after import = 1
========================================================================
Received Import Request.
  Time since last request: 0.000010 seconds.
  path: Assets/PlayMaker/Actions/Tween/BaseActions/TweenPropertyBase.cs
  artifactKey: Guid(9dea7aa36f4a8494187dd873122b3132) Importer(2089858483,0ecaa5967403d082aa24f35e1b516d23)
Start importing Assets/PlayMaker/Actions/Tween/BaseActions/TweenPropertyBase.cs using Guid(9dea7aa36f4a8494187dd873122b3132) Importer(2089858483,0ecaa5967403d082aa24f35e1b516d23)  -> (artifact id: '78d190277ce5c3471320b9c88e382456') in 0.012208 seconds
Number of updated asset objects reloaded before import = 0
Number of asset objects unloaded after import = 1
========================================================================
Received Import Request.
  Time since last request: 0.000013 seconds.
  path: Assets/PlayMaker/Actions/UI/Selectable/UiSetIsInteractable.cs
  artifactKey: Guid(dc385bd7fa5e01146a8d10f500cdd4c6) Importer(2089858483,0ecaa5967403d082aa24f35e1b516d23)
Start importing Assets/PlayMaker/Actions/UI/Selectable/UiSetIsInteractable.cs using Guid(dc385bd7fa5e01146a8d10f500cdd4c6) Importer(2089858483,0ecaa5967403d082aa24f35e1b516d23)  -> (artifact id: 'f7344cba7cb6ca6f5b3f1fdcab4a2aed') in 0.014195 seconds
Number of updated asset objects reloaded before import = 0
Number of asset objects unloaded after import = 1
========================================================================
Received Import Request.
  Time since last request: 0.000012 seconds.
  path: Assets/PlayMaker/Actions/UI/Selectable/UiNavigationSetMode.cs
  artifactKey: Guid(2c2d4a383eab1664e9074f184a494e02) Importer(2089858483,0ecaa5967403d082aa24f35e1b516d23)
Start importing Assets/PlayMaker/Actions/UI/Selectable/UiNavigationSetMode.cs using Guid(2c2d4a383eab1664e9074f184a494e02) Importer(2089858483,0ecaa5967403d082aa24f35e1b516d23)  -> (artifact id: '44916fef748c56c9316b02994e31e99b') in 0.011932 seconds
Number of updated asset objects reloaded before import = 0
Number of asset objects unloaded after import = 1
========================================================================
Received Import Request.
  Time since last request: 0.000010 seconds.
  path: Assets/STYLY_Plugin/STYLY_InteractionSDK/Simulator/Prefabs/STYLY_Player.prefab
  artifactKey: Guid(c99ac166aefabd74c9357c485bb274bd) Importer(2089858483,0ecaa5967403d082aa24f35e1b516d23)
Start importing Assets/STYLY_Plugin/STYLY_InteractionSDK/Simulator/Prefabs/STYLY_Player.prefab using Guid(c99ac166aefabd74c9357c485bb274bd) Importer(2089858483,0ecaa5967403d082aa24f35e1b516d23)  -> (artifact id: 'e002dcb622acdf993dd1e7daa4f9311f') in 0.020134 seconds
Number of updated asset objects reloaded before import = 0
Number of asset objects unloaded after import = 11
========================================================================
Received Import Request.
  Time since last request: 0.000011 seconds.
  path: Assets/STYLY_Plugin/STYLY_MaintenanceTool/Scripts/Runtime/STYLY_MaintenranceTool.Runtime.asmdef
  artifactKey: Guid(455572486d4c4be448a463e978e40414) Importer(2089858483,0ecaa5967403d082aa24f35e1b516d23)
Start importing Assets/STYLY_Plugin/STYLY_MaintenanceTool/Scripts/Runtime/STYLY_MaintenranceTool.Runtime.asmdef using Guid(455572486d4c4be448a463e978e40414) Importer(2089858483,0ecaa5967403d082aa24f35e1b516d23)  -> (artifact id: 'ce6e94b260cfcb828050d3199e757763') in 0.018894 seconds
Number of updated asset objects reloaded before import = 0
Number of asset objects unloaded after import = 1
========================================================================
Received Import Request.
  Time since last request: 0.000011 seconds.
  path: Assets/STYLY_Plugin/STYLY_Playmaker_CustomActions/CustomActions/Release/Lib/HttpRequestCustomActionUtil.cs
  artifactKey: Guid(463c9d0c5bebba140934d16befe18bee) Importer(2089858483,0ecaa5967403d082aa24f35e1b516d23)
Start importing Assets/STYLY_Plugin/STYLY_Playmaker_CustomActions/CustomActions/Release/Lib/HttpRequestCustomActionUtil.cs using Guid(463c9d0c5bebba140934d16befe18bee) Importer(2089858483,0ecaa5967403d082aa24f35e1b516d23)  -> (artifact id: '4cb86201b5d07108e9084700f1c48855') in 0.012390 seconds
Number of updated asset objects reloaded before import = 0
Number of asset objects unloaded after import = 1
========================================================================
Received Import Request.
  Time since last request: 0.000010 seconds.
  path: Assets/STYLY_Plugin/UI/Editor/Settings/CacheServerErrorElement/CacheServerErrorElement.uxml
  artifactKey: Guid(191e435937db838408142529626cbd82) Importer(2089858483,0ecaa5967403d082aa24f35e1b516d23)
Start importing Assets/STYLY_Plugin/UI/Editor/Settings/CacheServerErrorElement/CacheServerErrorElement.uxml using Guid(191e435937db838408142529626cbd82) Importer(2089858483,0ecaa5967403d082aa24f35e1b516d23)  -> (artifact id: 'a15fe855a1dba025a089f534d7240948') in 0.020315 seconds
Number of updated asset objects reloaded before import = 0
Number of asset objects unloaded after import = 3
========================================================================
Received Import Request.
  Time since last request: 0.000011 seconds.
  path: Assets/UniGLTF/Core/Scripts/IO/MaterialImporter.cs
  artifactKey: Guid(7ce22d10dc7cdc647b05c0449173ce71) Importer(2089858483,0ecaa5967403d082aa24f35e1b516d23)
Start importing Assets/UniGLTF/Core/Scripts/IO/MaterialImporter.cs using Guid(7ce22d10dc7cdc647b05c0449173ce71) Importer(2089858483,0ecaa5967403d082aa24f35e1b516d23)  -> (artifact id: '18120f58c58127d8b0f7431a3b641c11') in 0.012633 seconds
Number of updated asset objects reloaded before import = 0
Number of asset objects unloaded after import = 1
========================================================================
Received Import Request.
  Time since last request: 0.000010 seconds.
  path: Assets/UniGLTF/Core/Scripts/Extensions/UnityExtensions.cs
  artifactKey: Guid(5294813527b3278458026afc820dd63d) Importer(2089858483,0ecaa5967403d082aa24f35e1b516d23)
Start importing Assets/UniGLTF/Core/Scripts/Extensions/UnityExtensions.cs using Guid(5294813527b3278458026afc820dd63d) Importer(2089858483,0ecaa5967403d082aa24f35e1b516d23)  -> (artifact id: 'b37465fe5799f10b1df100648e354715') in 0.011783 seconds
Number of updated asset objects reloaded before import = 0
Number of asset objects unloaded after import = 1
========================================================================
Received Import Request.
  Time since last request: 0.000010 seconds.
  path: Assets/UniGLTF/Core/Scripts/Format/glTFCamera.cs
  artifactKey: Guid(a4ff02eb93400b142a5ff47d1067bd8b) Importer(2089858483,0ecaa5967403d082aa24f35e1b516d23)
Start importing Assets/UniGLTF/Core/Scripts/Format/glTFCamera.cs using Guid(a4ff02eb93400b142a5ff47d1067bd8b) Importer(2089858483,0ecaa5967403d082aa24f35e1b516d23)  -> (artifact id: 'bd2b75ed63a70dc4eec3249adaec2e9f') in 0.013714 seconds
Number of updated asset objects reloaded before import = 0
Number of asset objects unloaded after import = 1
========================================================================
Received Import Request.
  Time since last request: 0.000011 seconds.
  path: Assets/STYLY_Plugin/STYLY_Playmaker_CustomActions/CustomActions/Release/GetARCameraTexture.cs
  artifactKey: Guid(1e78f26e1dc01410fb7c4c59b9d82539) Importer(2089858483,0ecaa5967403d082aa24f35e1b516d23)
Start importing Assets/STYLY_Plugin/STYLY_Playmaker_CustomActions/CustomActions/Release/GetARCameraTexture.cs using Guid(1e78f26e1dc01410fb7c4c59b9d82539) Importer(2089858483,0ecaa5967403d082aa24f35e1b516d23)  -> (artifact id: '5699327e6cb6279691751bd268ac5899') in 0.012524 seconds
Number of updated asset objects reloaded before import = 0
Number of asset objects unloaded after import = 1
========================================================================
Received Import Request.
  Time since last request: 0.000017 seconds.
  path: Assets/STYLY_Plugin/STYLY_MaintenanceTool/Scripts/Editor/EnvConfig/env-config.json
  artifactKey: Guid(402788c735af9c547b5be8df30b6a9d7) Importer(2089858483,0ecaa5967403d082aa24f35e1b516d23)
Start importing Assets/STYLY_Plugin/STYLY_MaintenanceTool/Scripts/Editor/EnvConfig/env-config.json using Guid(402788c735af9c547b5be8df30b6a9d7) Importer(2089858483,0ecaa5967403d082aa24f35e1b516d23)  -> (artifact id: 'c1526f9d0e31fef557b6d1fef0305ed9') in 0.017366 seconds
Number of updated asset objects reloaded before import = 0
Number of asset objects unloaded after import = 1
========================================================================
Received Import Request.
  Time since last request: 0.000011 seconds.
  path: Assets/PlayMaker/Actions/UI/Components/PlayMakerUiIntValueChangedEvent.cs
  artifactKey: Guid(83fce7661a65e4e449970529ec7ac980) Importer(2089858483,0ecaa5967403d082aa24f35e1b516d23)
Start importing Assets/PlayMaker/Actions/UI/Components/PlayMakerUiIntValueChangedEvent.cs using Guid(83fce7661a65e4e449970529ec7ac980) Importer(2089858483,0ecaa5967403d082aa24f35e1b516d23)  -> (artifact id: '423e7dc9dc8fd525dab673e8645965e3') in 0.012790 seconds
Number of updated asset objects reloaded before import = 0
Number of asset objects unloaded after import = 1
========================================================================
Received Import Request.
  Time since last request: 0.000013 seconds.
  path: Assets/PlayMaker/Actions/Animator/Editor/GetAnimatorCurrentStateInfoIsTagActionEditor.cs
  artifactKey: Guid(20ecab07b14f24a31ad6aa95afe7b5f8) Importer(2089858483,0ecaa5967403d082aa24f35e1b516d23)
Start importing Assets/PlayMaker/Actions/Animator/Editor/GetAnimatorCurrentStateInfoIsTagActionEditor.cs using Guid(20ecab07b14f24a31ad6aa95afe7b5f8) Importer(2089858483,0ecaa5967403d082aa24f35e1b516d23)  -> (artifact id: 'e896ff1475e8fd7b5a01ac55face6358') in 0.013042 seconds
Number of updated asset objects reloaded before import = 0
Number of asset objects unloaded after import = 1
========================================================================
Received Import Request.
  Time since last request: 0.000012 seconds.
  path: Assets/STYLY_Plugin/STYLY_Playmaker_CustomActions/CustomActions/Release/SetImageEffect.cs
  artifactKey: Guid(108cb34ee57214756b81f2aec232798d) Importer(2089858483,0ecaa5967403d082aa24f35e1b516d23)
Start importing Assets/STYLY_Plugin/STYLY_Playmaker_CustomActions/CustomActions/Release/SetImageEffect.cs using Guid(108cb34ee57214756b81f2aec232798d) Importer(2089858483,0ecaa5967403d082aa24f35e1b516d23)  -> (artifact id: '2329efc8be1e1456283fd256de5aba15') in 0.014245 seconds
Number of updated asset objects reloaded before import = 0
Number of asset objects unloaded after import = 1
========================================================================
Received Import Request.
  Time since last request: 0.000011 seconds.
  path: Assets/STYLY_Plugin/STYLY_InteractionSDK/Simulator/DummyImpls/DummyTimer.cs
  artifactKey: Guid(89c59ecbb89b5e64e8bc4d1db3d98a9e) Importer(2089858483,0ecaa5967403d082aa24f35e1b516d23)
Start importing Assets/STYLY_Plugin/STYLY_InteractionSDK/Simulator/DummyImpls/DummyTimer.cs using Guid(89c59ecbb89b5e64e8bc4d1db3d98a9e) Importer(2089858483,0ecaa5967403d082aa24f35e1b516d23)  -> (artifact id: '45a18c6c4650457674c9d0c7fc45e5ce') in 0.017610 seconds
Number of updated asset objects reloaded before import = 0
Number of asset objects unloaded after import = 1
========================================================================
Received Import Request.
  Time since last request: 0.000009 seconds.
  path: Assets/PlayMaker/Actions/UI/Canvas/UiCanvasGroupSetProperties.cs
  artifactKey: Guid(8facea2b5d97fd2469b9fe01aca54e2b) Importer(2089858483,0ecaa5967403d082aa24f35e1b516d23)
Start importing Assets/PlayMaker/Actions/UI/Canvas/UiCanvasGroupSetProperties.cs using Guid(8facea2b5d97fd2469b9fe01aca54e2b) Importer(2089858483,0ecaa5967403d082aa24f35e1b516d23)  -> (artifact id: 'd3f513d0d4ea21d4f200d9baf48bb1db') in 0.012765 seconds
Number of updated asset objects reloaded before import = 0
Number of asset objects unloaded after import = 1
========================================================================
Received Import Request.
  Time since last request: 0.000013 seconds.
  path: Assets/STYLY_Plugin/STYLY_InteractionSDK/Runtime/FeatureComponents/Components/STYLY_Action_Mover.cs
  artifactKey: Guid(5552479c24fd1c949b93fd375a13f072) Importer(2089858483,0ecaa5967403d082aa24f35e1b516d23)
Start importing Assets/STYLY_Plugin/STYLY_InteractionSDK/Runtime/FeatureComponents/Components/STYLY_Action_Mover.cs using Guid(5552479c24fd1c949b93fd375a13f072) Importer(2089858483,0ecaa5967403d082aa24f35e1b516d23)  -> (artifact id: 'f2803702cf7c998432f4b9fe1be44eba') in 0.012774 seconds
Number of updated asset objects reloaded before import = 0
Number of asset objects unloaded after import = 1
========================================================================
Received Import Request.
  Time since last request: 0.000010 seconds.
  path: Assets/PlayMaker/Actions/UI/Components/PlayMakerUiEventBase.cs
  artifactKey: Guid(c390da60914331241af7c3c42442414c) Importer(2089858483,0ecaa5967403d082aa24f35e1b516d23)
Start importing Assets/PlayMaker/Actions/UI/Components/PlayMakerUiEventBase.cs using Guid(c390da60914331241af7c3c42442414c) Importer(2089858483,0ecaa5967403d082aa24f35e1b516d23)  -> (artifact id: '34cfafa9bd7f34e4ded11ce9b47f4317') in 0.011620 seconds
Number of updated asset objects reloaded before import = 0
Number of asset objects unloaded after import = 1
========================================================================
Received Import Request.
  Time since last request: 0.000011 seconds.
  path: Assets/UniGLTF/Core/Scripts/Format/ExtensionsAndExtras/glTFNode.cs
  artifactKey: Guid(eef0405c0c9670947ab6fa2034f0343f) Importer(2089858483,0ecaa5967403d082aa24f35e1b516d23)
Start importing Assets/UniGLTF/Core/Scripts/Format/ExtensionsAndExtras/glTFNode.cs using Guid(eef0405c0c9670947ab6fa2034f0343f) Importer(2089858483,0ecaa5967403d082aa24f35e1b516d23)  -> (artifact id: '7d7938a2de45d9606501ab4ab831d5fe') in 0.012636 seconds
Number of updated asset objects reloaded before import = 0
Number of asset objects unloaded after import = 1
========================================================================
Received Import Request.
  Time since last request: 0.000009 seconds.
  path: Assets/PlayMaker/Actions/SceneManager/Editor/MoveGameObjectToSceneCustomEditor.cs
  artifactKey: Guid(322495cc6c839436f9ea3a1e76a8daef) Importer(2089858483,0ecaa5967403d082aa24f35e1b516d23)
Start importing Assets/PlayMaker/Actions/SceneManager/Editor/MoveGameObjectToSceneCustomEditor.cs using Guid(322495cc6c839436f9ea3a1e76a8daef) Importer(2089858483,0ecaa5967403d082aa24f35e1b516d23)  -> (artifact id: 'b2ec04c883604c4167fe097122e8fb3a') in 0.012877 seconds
Number of updated asset objects reloaded before import = 0
Number of asset objects unloaded after import = 1
========================================================================
Received Import Request.
  Time since last request: 0.000024 seconds.
  path: Assets/UniGLTF/Core/Scripts/Format/glTFNode.cs
  artifactKey: Guid(655775a9435baed4281c569519829362) Importer(2089858483,0ecaa5967403d082aa24f35e1b516d23)
Start importing Assets/UniGLTF/Core/Scripts/Format/glTFNode.cs using Guid(655775a9435baed4281c569519829362) Importer(2089858483,0ecaa5967403d082aa24f35e1b516d23)  -> (artifact id: 'eb984497236fa1d0c749e61d1b8082a9') in 0.014727 seconds
Number of updated asset objects reloaded before import = 0
Number of asset objects unloaded after import = 1
========================================================================
Received Import Request.
  Time since last request: 0.000009 seconds.
  path: Assets/STYLY_Plugin/STYLY_MaintenanceTool/LocalPreviewTool/Editor/UI/STYLYLocalPreviewToolWindow.cs
  artifactKey: Guid(1af32bd15ee41f545b1cd61c7d537aaa) Importer(2089858483,0ecaa5967403d082aa24f35e1b516d23)
Start importing Assets/STYLY_Plugin/STYLY_MaintenanceTool/LocalPreviewTool/Editor/UI/STYLYLocalPreviewToolWindow.cs using Guid(1af32bd15ee41f545b1cd61c7d537aaa) Importer(2089858483,0ecaa5967403d082aa24f35e1b516d23)  -> (artifact id: '6aa39f2af3e0db782bba1f9854cc595e') in 0.014732 seconds
Number of updated asset objects reloaded before import = 0
Number of asset objects unloaded after import = 1
========================================================================
Received Import Request.
  Time since last request: 0.000009 seconds.
  path: Assets/UniGLTF/Core/Scripts/IO/BytesReader.cs
  artifactKey: Guid(ecae7b7664269624ba8e03025a53819e) Importer(2089858483,0ecaa5967403d082aa24f35e1b516d23)
Start importing Assets/UniGLTF/Core/Scripts/IO/BytesReader.cs using Guid(ecae7b7664269624ba8e03025a53819e) Importer(2089858483,0ecaa5967403d082aa24f35e1b516d23)  -> (artifact id: '34e2015e35c79d3b02f70798501a76bc') in 0.011737 seconds
Number of updated asset objects reloaded before import = 0
Number of asset objects unloaded after import = 1
========================================================================
Received Import Request.
  Time since last request: 0.000010 seconds.
  path: Assets/UniGLTF/Core/Scripts/IO/AnimationExporter.cs
  artifactKey: Guid(015ae41bf6cb4428b8257ead79772908) Importer(2089858483,0ecaa5967403d082aa24f35e1b516d23)
Start importing Assets/UniGLTF/Core/Scripts/IO/AnimationExporter.cs using Guid(015ae41bf6cb4428b8257ead79772908) Importer(2089858483,0ecaa5967403d082aa24f35e1b516d23)  -> (artifact id: '3d4859b3be30edf5e6f22077ff39c228') in 0.013996 seconds
Number of updated asset objects reloaded before import = 0
Number of asset objects unloaded after import = 1
========================================================================
Received Import Request.
  Time since last request: 0.000013 seconds.
  path: Assets/PlayMaker/Actions/Animator/Editor/SetAnimatorFloatActionEditor.cs
  artifactKey: Guid(d509be4bb6b01482f8d036452d23b539) Importer(2089858483,0ecaa5967403d082aa24f35e1b516d23)
Start importing Assets/PlayMaker/Actions/Animator/Editor/SetAnimatorFloatActionEditor.cs using Guid(d509be4bb6b01482f8d036452d23b539) Importer(2089858483,0ecaa5967403d082aa24f35e1b516d23)  -> (artifact id: '9cacfaae44eb613ac6123a667fa9d02f') in 0.014117 seconds
Number of updated asset objects reloaded before import = 0
Number of asset objects unloaded after import = 1
========================================================================
Received Import Request.
  Time since last request: 0.000012 seconds.
  path: Assets/PlayMaker/Actions/Animator/Editor/GetAnimatorNextStateInfoActionEditor.cs
  artifactKey: Guid(f4d701619cd324b4f909bff1810e1aad) Importer(2089858483,0ecaa5967403d082aa24f35e1b516d23)
Start importing Assets/PlayMaker/Actions/Animator/Editor/GetAnimatorNextStateInfoActionEditor.cs using Guid(f4d701619cd324b4f909bff1810e1aad) Importer(2089858483,0ecaa5967403d082aa24f35e1b516d23)  -> (artifact id: 'b8cacbba2632ca8a4412e2bc63c24b3a') in 0.018553 seconds
Number of updated asset objects reloaded before import = 0
Number of asset objects unloaded after import = 1
========================================================================
Received Import Request.
  Time since last request: 0.000019 seconds.
  path: Assets/PlayMaker/Actions/Animator/Editor/GetAnimatorDeltaActionEditor.cs
  artifactKey: Guid(ca44151bd6a0241aa9306e42e12e4412) Importer(2089858483,0ecaa5967403d082aa24f35e1b516d23)
Start importing Assets/PlayMaker/Actions/Animator/Editor/GetAnimatorDeltaActionEditor.cs using Guid(ca44151bd6a0241aa9306e42e12e4412) Importer(2089858483,0ecaa5967403d082aa24f35e1b516d23)  -> (artifact id: 'eaac1c44ebc9470cd2c84776be69659e') in 0.012961 seconds
Number of updated asset objects reloaded before import = 0
Number of asset objects unloaded after import = 1
========================================================================
Received Import Request.
  Time since last request: 0.000010 seconds.
  path: Assets/STYLY_Plugin/STYLY_InteractionSDK/Simulator/DummyImpls/DummyCollision.cs
  artifactKey: Guid(f83388addc112d3458bdabfe46dc1ed2) Importer(2089858483,0ecaa5967403d082aa24f35e1b516d23)
Start importing Assets/STYLY_Plugin/STYLY_InteractionSDK/Simulator/DummyImpls/DummyCollision.cs using Guid(f83388addc112d3458bdabfe46dc1ed2) Importer(2089858483,0ecaa5967403d082aa24f35e1b516d23)  -> (artifact id: '6557413773f82c20b813df122b2f22cd') in 0.011976 seconds
Number of updated asset objects reloaded before import = 0
Number of asset objects unloaded after import = 1
========================================================================
Received Import Request.
  Time since last request: 0.000010 seconds.
  path: Assets/UniGLTF/Core/Scripts/IO/TextureConverter.cs
  artifactKey: Guid(5d2d27884d6c4780b08c745e5cc5c5b5) Importer(2089858483,0ecaa5967403d082aa24f35e1b516d23)
Start importing Assets/UniGLTF/Core/Scripts/IO/TextureConverter.cs using Guid(5d2d27884d6c4780b08c745e5cc5c5b5) Importer(2089858483,0ecaa5967403d082aa24f35e1b516d23)  -> (artifact id: '53e2d8feeb043172f4bbb994d4b65095') in 0.012006 seconds
Number of updated asset objects reloaded before import = 0
Number of asset objects unloaded after import = 1
========================================================================
Received Import Request.
  Time since last request: 0.000009 seconds.
  path: Assets/UniGLTF/UniJSON/Editor/Tests/IWriteStreamTest.cs
  artifactKey: Guid(bda1e03d682e63749a6b114fd6cc0add) Importer(2089858483,0ecaa5967403d082aa24f35e1b516d23)
Start importing Assets/UniGLTF/UniJSON/Editor/Tests/IWriteStreamTest.cs using Guid(bda1e03d682e63749a6b114fd6cc0add) Importer(2089858483,0ecaa5967403d082aa24f35e1b516d23)  -> (artifact id: '4c34d394c0d1273a5ead56d767183a4e') in 0.012204 seconds
Number of updated asset objects reloaded before import = 0
Number of asset objects unloaded after import = 1
========================================================================
Received Import Request.
  Time since last request: 0.000009 seconds.
  path: Assets/UniGLTF/UniJSON/Scripts/Json/Exceptions.cs
  artifactKey: Guid(d9ec26dc9d2db2a45980e06a951e6796) Importer(2089858483,0ecaa5967403d082aa24f35e1b516d23)
Start importing Assets/UniGLTF/UniJSON/Scripts/Json/Exceptions.cs using Guid(d9ec26dc9d2db2a45980e06a951e6796) Importer(2089858483,0ecaa5967403d082aa24f35e1b516d23)  -> (artifact id: '6aa8749cd067f3f7ab605e6bf8789c08') in 0.014987 seconds
Number of updated asset objects reloaded before import = 0
Number of asset objects unloaded after import = 1
========================================================================
Received Import Request.
  Time since last request: 0.000013 seconds.
  path: Assets/UniGLTF/Core/Scripts/Format/glTF.cs
  artifactKey: Guid(317adeaa75a118a4f857721c90946933) Importer(2089858483,0ecaa5967403d082aa24f35e1b516d23)
Start importing Assets/UniGLTF/Core/Scripts/Format/glTF.cs using Guid(317adeaa75a118a4f857721c90946933) Importer(2089858483,0ecaa5967403d082aa24f35e1b516d23)  -> (artifact id: '43e80c7c97b7e1c6ab1868ec79ca6354') in 0.013430 seconds
Number of updated asset objects reloaded before import = 0
Number of asset objects unloaded after import = 1
========================================================================
Received Import Request.
  Time since last request: 0.000009 seconds.
  path: Assets/3D/FujitoWork/Toon/Editor/RemoveUnusedMaterialProperties.cs
  artifactKey: Guid(cad15f56be91b744aaf8e22339bc598c) Importer(2089858483,0ecaa5967403d082aa24f35e1b516d23)
Start importing Assets/3D/FujitoWork/Toon/Editor/RemoveUnusedMaterialProperties.cs using Guid(cad15f56be91b744aaf8e22339bc598c) Importer(2089858483,0ecaa5967403d082aa24f35e1b516d23)  -> (artifact id: '0f31a5d87a8ef10d7ed8eb9395317b1d') in 0.015192 seconds
Number of updated asset objects reloaded before import = 0
Number of asset objects unloaded after import = 1
========================================================================
Received Import Request.
  Time since last request: 0.000009 seconds.
  path: Assets/UniGLTF/UniJSON/Scripts/JsonSchemaValidator/JsonNumberValidator.cs
  artifactKey: Guid(fb1d83ccd68b93c47821000b53471eae) Importer(2089858483,0ecaa5967403d082aa24f35e1b516d23)
Start importing Assets/UniGLTF/UniJSON/Scripts/JsonSchemaValidator/JsonNumberValidator.cs using Guid(fb1d83ccd68b93c47821000b53471eae) Importer(2089858483,0ecaa5967403d082aa24f35e1b516d23)  -> (artifact id: 'ccd5cc47e038961976926133c65b6052') in 0.014665 seconds
Number of updated asset objects reloaded before import = 0
Number of asset objects unloaded after import = 1
========================================================================
Received Import Request.
  Time since last request: 0.000034 seconds.
  path: Assets/STYLY_Plugin/STYLY_InteractionSDK/Simulator/DummyImpls/DummyDestroyTarget.cs
  artifactKey: Guid(d1f40f3915e5e4744b62b17b5f4c3916) Importer(2089858483,0ecaa5967403d082aa24f35e1b516d23)
Start importing Assets/STYLY_Plugin/STYLY_InteractionSDK/Simulator/DummyImpls/DummyDestroyTarget.cs using Guid(d1f40f3915e5e4744b62b17b5f4c3916) Importer(2089858483,0ecaa5967403d082aa24f35e1b516d23)  -> (artifact id: '391802d7363eb5270f66a4afe60fcbab') in 0.012069 seconds
Number of updated asset objects reloaded before import = 0
Number of asset objects unloaded after import = 1
========================================================================
Received Import Request.
  Time since last request: 0.000008 seconds.
  path: Assets/PlayMaker/Actions/Physics/Editor/FindOverlapsEditor.cs
  artifactKey: Guid(811203b1afab8be4388c9e540f9a36a1) Importer(2089858483,0ecaa5967403d082aa24f35e1b516d23)
Start importing Assets/PlayMaker/Actions/Physics/Editor/FindOverlapsEditor.cs using Guid(811203b1afab8be4388c9e540f9a36a1) Importer(2089858483,0ecaa5967403d082aa24f35e1b516d23)  -> (artifact id: '98bd664a2dd7754183919d7a9cc53548') in 0.013643 seconds
Number of updated asset objects reloaded before import = 0
Number of asset objects unloaded after import = 1
========================================================================
Received Import Request.
  Time since last request: 0.000010 seconds.
  path: Assets/UniGLTF/Core/Scripts/Format/JsonFormatter.cs
  artifactKey: Guid(b80a7ee38e762de44a90d60d9d4ff4dd) Importer(2089858483,0ecaa5967403d082aa24f35e1b516d23)
Start importing Assets/UniGLTF/Core/Scripts/Format/JsonFormatter.cs using Guid(b80a7ee38e762de44a90d60d9d4ff4dd) Importer(2089858483,0ecaa5967403d082aa24f35e1b516d23)  -> (artifact id: '67269812ee4e1de757a247dc49b2e775') in 0.016557 seconds
Number of updated asset objects reloaded before import = 0
Number of asset objects unloaded after import = 1
========================================================================
Received Import Request.
  Time since last request: 0.000011 seconds.
  path: Assets/UniGLTF/Core/Scripts/IO/TextureIO.cs
  artifactKey: Guid(eca1330a83e17a14eb99fc6ea1697922) Importer(2089858483,0ecaa5967403d082aa24f35e1b516d23)
Start importing Assets/UniGLTF/Core/Scripts/IO/TextureIO.cs using Guid(eca1330a83e17a14eb99fc6ea1697922) Importer(2089858483,0ecaa5967403d082aa24f35e1b516d23)  -> (artifact id: '5097e6b639aeffde74a3841585e1d07d') in 0.014290 seconds
Number of updated asset objects reloaded before import = 0
Number of asset objects unloaded after import = 1
========================================================================
Received Import Request.
  Time since last request: 0.000047 seconds.
  path: Assets/PlayMaker/Actions/Animator/Editor/GetAnimatorIKGoalActionEditor.cs
  artifactKey: Guid(747e6c1106178455a98bb07727307e54) Importer(2089858483,0ecaa5967403d082aa24f35e1b516d23)
Start importing Assets/PlayMaker/Actions/Animator/Editor/GetAnimatorIKGoalActionEditor.cs using Guid(747e6c1106178455a98bb07727307e54) Importer(2089858483,0ecaa5967403d082aa24f35e1b516d23)  -> (artifact id: 'e47556c676d15509a2976e5d9148454a') in 0.010734 seconds
Number of updated asset objects reloaded before import = 0
Number of asset objects unloaded after import = 1
========================================================================
Received Import Request.
  Time since last request: 0.000010 seconds.
  path: Assets/PlayMaker/Actions/UI/Components/PlayMakerUiFloatValueChangedEvent.cs
  artifactKey: Guid(f00c927333486a24a97abfd098f4ca5f) Importer(2089858483,0ecaa5967403d082aa24f35e1b516d23)
Start importing Assets/PlayMaker/Actions/UI/Components/PlayMakerUiFloatValueChangedEvent.cs using Guid(f00c927333486a24a97abfd098f4ca5f) Importer(2089858483,0ecaa5967403d082aa24f35e1b516d23)  -> (artifact id: 'a17c76933756fa8cabd39321191f7f2a') in 0.014280 seconds
Number of updated asset objects reloaded before import = 0
Number of asset objects unloaded after import = 1
========================================================================
Received Import Request.
  Time since last request: 0.000044 seconds.
  path: Assets/UniGLTF/UniJSON/Scripts/IStore/BytesStore.cs
  artifactKey: Guid(d49a52418427394499c901cb23f13d30) Importer(2089858483,0ecaa5967403d082aa24f35e1b516d23)
Start importing Assets/UniGLTF/UniJSON/Scripts/IStore/BytesStore.cs using Guid(d49a52418427394499c901cb23f13d30) Importer(2089858483,0ecaa5967403d082aa24f35e1b516d23)  -> (artifact id: 'a39fa1b35492df249395e8fc4374ea2e') in 0.012580 seconds
Number of updated asset objects reloaded before import = 0
Number of asset objects unloaded after import = 1
========================================================================
Received Import Request.
  Time since last request: 0.000010 seconds.
  path: Assets/UniGLTF/Core/Scripts/Format/glTFMaterial.cs
  artifactKey: Guid(f6315a9155238724c9b221c155c73f68) Importer(2089858483,0ecaa5967403d082aa24f35e1b516d23)
Start importing Assets/UniGLTF/Core/Scripts/Format/glTFMaterial.cs using Guid(f6315a9155238724c9b221c155c73f68) Importer(2089858483,0ecaa5967403d082aa24f35e1b516d23)  -> (artifact id: '271c3f048b6f6522d1a0577d859ca1cd') in 0.013392 seconds
Number of updated asset objects reloaded before import = 0
Number of asset objects unloaded after import = 1
========================================================================
Received Import Request.
  Time since last request: 0.000011 seconds.
  path: Assets/UniGLTF/UniJSON/Scripts/MsgPack/MsgPackValue.cs
  artifactKey: Guid(e201eb676758d5d419ae0629fda171ac) Importer(2089858483,0ecaa5967403d082aa24f35e1b516d23)
Start importing Assets/UniGLTF/UniJSON/Scripts/MsgPack/MsgPackValue.cs using Guid(e201eb676758d5d419ae0629fda171ac) Importer(2089858483,0ecaa5967403d082aa24f35e1b516d23)  -> (artifact id: '48196b19698fa135c271471a44ff6cf7') in 0.012363 seconds
Number of updated asset objects reloaded before import = 0
Number of asset objects unloaded after import = 1
Editor requested this worker to shutdown with reason: Scaling down because of idle timeout
TcpMessagingSession - receive error: operation aborted. errorcode: 995, details: スレッドの終了またはアプリケーションの要求によって、I/O 処理は中止されました。
AssetImportWorker is now disconnected from the server
Process exiting
Exiting without the bug reporter. Application will terminate with return code 0