Using pre-set license
Built from '2022.3/staging' branch; Version is '2022.3.24f1 (334eb2a0b267) revision 3362482'; Using compiler version '192829333'; Build Type 'Release'
OS: 'Windows 11  (10.0.22631) 64bit Core' Language: 'ja' Physical Memory: 32611 MB
BatchMode: 1, IsHumanControllingUs: 0, StartBugReporterOnCrash: 0, Is64bit: 1, IsPro: 1

COMMAND LINE ARGUMENTS:
C:\Program Files\Unity\Hub\Editor\2022.3.24f1\Editor\Unity.exe
-adb2
-batchMode
-noUpm
-name
AssetImportWorker4
-projectPath
D:/Unity/SW_github/SW_OZ_ver2/SW OZ
-logFile
Logs/AssetImportWorker4.log
-srvPort
57927
Successfully changed project path to: D:/Unity/SW_github/SW_OZ_ver2/SW OZ
D:/Unity/SW_github/SW_OZ_ver2/SW OZ
[UnityMemory] Configuration Parameters - Can be set up in boot.config
    "memorysetup-bucket-allocator-granularity=16"
    "memorysetup-bucket-allocator-bucket-count=8"
    "memorysetup-bucket-allocator-block-size=33554432"
    "memorysetup-bucket-allocator-block-count=8"
    "memorysetup-main-allocator-block-size=16777216"
    "memorysetup-thread-allocator-block-size=16777216"
    "memorysetup-gfx-main-allocator-block-size=16777216"
    "memorysetup-gfx-thread-allocator-block-size=16777216"
    "memorysetup-cache-allocator-block-size=4194304"
    "memorysetup-typetree-allocator-block-size=2097152"
    "memorysetup-profiler-bucket-allocator-granularity=16"
    "memorysetup-profiler-bucket-allocator-bucket-count=8"
    "memorysetup-profiler-bucket-allocator-block-size=33554432"
    "memorysetup-profiler-bucket-allocator-block-count=8"
    "memorysetup-profiler-allocator-block-size=16777216"
    "memorysetup-profiler-editor-allocator-block-size=1048576"
    "memorysetup-temp-allocator-size-main=16777216"
    "memorysetup-job-temp-allocator-block-size=2097152"
    "memorysetup-job-temp-allocator-block-size-background=1048576"
    "memorysetup-job-temp-allocator-reduction-small-platforms=262144"
    "memorysetup-allocator-temp-initial-block-size-main=262144"
    "memorysetup-allocator-temp-initial-block-size-worker=262144"
    "memorysetup-temp-allocator-size-background-worker=32768"
    "memorysetup-temp-allocator-size-job-worker=262144"
    "memorysetup-temp-allocator-size-preload-manager=33554432"
    "memorysetup-temp-allocator-size-nav-mesh-worker=65536"
    "memorysetup-temp-allocator-size-audio-worker=65536"
    "memorysetup-temp-allocator-size-cloud-worker=32768"
    "memorysetup-temp-allocator-size-gi-baking-worker=262144"
    "memorysetup-temp-allocator-size-gfx=262144"
Player connection [42908] Host "[IP] 192.168.11.2 [Port] 0 [Flags] 2 [Guid] 1349086542 [EditorId] 1349086542 [Version] 1048832 [Id] WindowsEditor(7,M_F) [Debug] 1 [PackageName] WindowsEditor [ProjectName] Editor" joined multi-casting on [225.0.0.222:54997]...

Player connection [42908] Host "[IP] 192.168.11.2 [Port] 0 [Flags] 2 [Guid] 1349086542 [EditorId] 1349086542 [Version] 1048832 [Id] WindowsEditor(7,M_F) [Debug] 1 [PackageName] WindowsEditor [ProjectName] Editor" joined alternative multi-casting on [225.0.0.222:34997]...

[Physics::Module] Initialized MultithreadedJobDispatcher with 31 workers.
Refreshing native plugins compatible for Editor in 22.71 ms, found 4 plugins.
Preloading 0 native plugins for Editor in 0.00 ms.
Initialize engine version: 2022.3.24f1 (334eb2a0b267)
[Subsystems] Discovering subsystems at path C:/Program Files/Unity/Hub/Editor/2022.3.24f1/Editor/Data/Resources/UnitySubsystems
[Subsystems] Discovering subsystems at path D:/Unity/SW_github/SW_OZ_ver2/SW OZ/Assets
GfxDevice: creating device client; threaded=0; jobified=0
Direct3D:
    Version:  Direct3D 11.0 [level 11.1]
    Renderer: NVIDIA GeForce RTX 3060 (ID=0x2504)
    Vendor:   NVIDIA
    VRAM:     12129 MB
    Driver:   31.0.15.3598
Initialize mono
Mono path[0] = 'C:/Program Files/Unity/Hub/Editor/2022.3.24f1/Editor/Data/Managed'
Mono path[1] = 'C:/Program Files/Unity/Hub/Editor/2022.3.24f1/Editor/Data/MonoBleedingEdge/lib/mono/unityjit-win32'
Mono config path = 'C:/Program Files/Unity/Hub/Editor/2022.3.24f1/Editor/Data/MonoBleedingEdge/etc'
Using monoOptions --debugger-agent=transport=dt_socket,embedding=1,server=y,suspend=n,address=127.0.0.1:56100
Begin MonoManager ReloadAssembly
Registering precompiled unity dll's ...
Register platform support module: C:/Program Files/Unity/Hub/Editor/2022.3.24f1/Editor/Data/PlaybackEngines/WebGLSupport/UnityEditor.WebGL.Extensions.dll
Register platform support module: C:/Program Files/Unity/Hub/Editor/2022.3.24f1/Editor/Data/PlaybackEngines/MacStandaloneSupport/UnityEditor.OSXStandalone.Extensions.dll
Register platform support module: C:/Program Files/Unity/Hub/Editor/2022.3.24f1/Editor/Data/PlaybackEngines/AndroidPlayer/UnityEditor.Android.Extensions.dll
Register platform support module: C:/Program Files/Unity/Hub/Editor/2022.3.24f1/Editor/Data/PlaybackEngines/iOSSupport/UnityEditor.iOS.Extensions.dll
Register platform support module: C:/Program Files/Unity/Hub/Editor/2022.3.24f1/Editor/Data/PlaybackEngines/WindowsStandaloneSupport/UnityEditor.WindowsStandalone.Extensions.dll
Registered in 0.010128 seconds.
- Loaded All Assemblies, in  0.267 seconds
Native extension for WindowsStandalone target not found
[usbmuxd] Start listen thread
[usbmuxd] Listen thread started
Native extension for iOS target not found
Native extension for Android target not found
Native extension for OSXStandalone target not found
Native extension for WebGL target not found
Mono: successfully reloaded assembly
- Finished resetting the current domain, in  0.198 seconds
Domain Reload Profiling: 464ms
	BeginReloadAssembly (82ms)
		ExecutionOrderSort (0ms)
		DisableScriptedObjects (0ms)
		BackupInstance (0ms)
		ReleaseScriptingObjects (0ms)
		CreateAndSetChildDomain (0ms)
	RebuildCommonClasses (25ms)
	RebuildNativeTypeToScriptingClass (6ms)
	initialDomainReloadingComplete (42ms)
	LoadAllAssembliesAndSetupDomain (111ms)
		LoadAssemblies (81ms)
		RebuildTransferFunctionScriptingTraits (0ms)
		AnalyzeDomain (109ms)
			TypeCache.Refresh (108ms)
				TypeCache.ScanAssembly (96ms)
			ScanForSourceGeneratedMonoScriptInfo (0ms)
			ResolveRequiredComponents (0ms)
	FinalizeReload (198ms)
		ReleaseScriptCaches (0ms)
		RebuildScriptCaches (0ms)
		SetupLoadedEditorAssemblies (164ms)
			LogAssemblyErrors (0ms)
			InitializePlatformSupportModulesInManaged (65ms)
			SetLoadedEditorAssemblies (2ms)
			RefreshPlugins (0ms)
			BeforeProcessingInitializeOnLoad (2ms)
			ProcessInitializeOnLoadAttributes (70ms)
			ProcessInitializeOnLoadMethodAttributes (25ms)
			AfterProcessingInitializeOnLoad (0ms)
			EditorAssembliesLoaded (0ms)
		ExecutionOrderSort2 (0ms)
		AwakeInstancesAfterBackupRestoration (0ms)
========================================================================
Worker process is ready to serve import requests
Begin MonoManager ReloadAssembly
- Loaded All Assemblies, in  1.294 seconds
Refreshing native plugins compatible for Editor in 13.59 ms, found 4 plugins.
Native extension for WindowsStandalone target not found
Native extension for iOS target not found
Native extension for Android target not found
Native extension for OSXStandalone target not found
Native extension for WebGL target not found
Package Manager log level set to [2]
[Package Manager] Server::EnsureServerProcessIsRunning -- launch failed, reason: Unity was launched with the -noUpm command-line argument
[Package Manager] UpmClient::Send -- Unable to send message (not connected to UPM process).
[Package Manager] Cannot connect to Unity Package Manager local server
Mono: successfully reloaded assembly
- Finished resetting the current domain, in  0.491 seconds
Domain Reload Profiling: 1769ms
	BeginReloadAssembly (86ms)
		ExecutionOrderSort (0ms)
		DisableScriptedObjects (4ms)
		BackupInstance (0ms)
		ReleaseScriptingObjects (0ms)
		CreateAndSetChildDomain (15ms)
	RebuildCommonClasses (19ms)
	RebuildNativeTypeToScriptingClass (7ms)
	initialDomainReloadingComplete (55ms)
	LoadAllAssembliesAndSetupDomain (1111ms)
		LoadAssemblies (1069ms)
		RebuildTransferFunctionScriptingTraits (0ms)
		AnalyzeDomain (91ms)
			TypeCache.Refresh (75ms)
				TypeCache.ScanAssembly (62ms)
			ScanForSourceGeneratedMonoScriptInfo (11ms)
			ResolveRequiredComponents (3ms)
	FinalizeReload (491ms)
		ReleaseScriptCaches (0ms)
		RebuildScriptCaches (0ms)
		SetupLoadedEditorAssemblies (393ms)
			LogAssemblyErrors (0ms)
			InitializePlatformSupportModulesInManaged (22ms)
			SetLoadedEditorAssemblies (2ms)
			RefreshPlugins (0ms)
			BeforeProcessingInitializeOnLoad (83ms)
			ProcessInitializeOnLoadAttributes (266ms)
			ProcessInitializeOnLoadMethodAttributes (16ms)
			AfterProcessingInitializeOnLoad (4ms)
			EditorAssembliesLoaded (0ms)
		ExecutionOrderSort2 (0ms)
		AwakeInstancesAfterBackupRestoration (6ms)
Failed to load shader (instanceID 412, GUID 3e39586253f31b34f87fa7e133449b1e)
Launched and connected shader compiler UnityShaderCompiler.exe after 0.05 seconds
Refreshing native plugins compatible for Editor in 5.24 ms, found 4 plugins.
Preloading 0 native plugins for Editor in 0.00 ms.
Unloading 2882 Unused Serialized files (Serialized files now loaded: 0)
Unloading 46 unused Assets / (62.5 KB). Loaded Objects now: 3450.
Memory consumption went from 123.9 MB to 123.8 MB.
Total: 3.480200 ms (FindLiveObjects: 0.142200 ms CreateObjectMapping: 0.038600 ms MarkObjects: 3.210300 ms  DeleteObjects: 0.088400 ms)

AssetImportParameters requested are different than current active one (requested -> active):
  custom:video-decoder-webm-vp8: 9c59270c3fd7afecdb556c50c9e8de78 -> 
  custom:SearchIndexIgnoredProperties: e643bd26f0fe6173181afceb89e7c659 -> 
  custom:container-demuxer-ogg: 62fdf1f143b41e24485cea50d1cbac27 -> 
  custom:AudioImporter_EditorPlatform: d09bf68614088b80899f8185d706f6e7 -> 
  custom:video-codec-MediaFoundation-h265: 746d11721c4dcdbdad8f713fa42b33f4 -> 
  custom:video-decoder-ogg-theora: a1e56fd34408186e4bbccfd4996cb3dc -> 
  custom:framework-win-MediaFoundation: 216162199b28c13a410421893ffa2e32 -> 
  custom:video-encoder-webm-vp8: eb34c28f22e8b96e1ab97ce403110664 -> 
  custom:audio-decoder-ogg-vorbis: bf7c407c2cedff20999df2af8eb42d56 -> 
  custom:scripting/monoscript/fileName/CopyMaterialParameter.cs: d7f44e89f2cd6f27203203758739527f -> 60e002c4555e361d0753964b04564015
  custom:CustomObjectIndexerAttribute: 9a22284fe3817be447336de3de66b15e -> 
  custom:container-demuxer-webm: 4f35f7cbe854078d1ac9338744f61a02 -> 
  custom:scripting/monoscript/fileName/RemoveUnusedMaterialProperties.cs: 887d8bd17fba4e64ed7fd0ee1960f6ad -> a7d4bd13d48d6a82a97322f0c6834f97
  custom:audio-encoder-webm-vorbis: bf7c407c2cedff20999df2af8eb42d56 -> 
  custom:scripting/monoscript/fileName/UTS2GUI.cs: 18d236201f2130df52ce31bb3b31c5ff -> 54cfe06be42dca97ca4d033101eef952
  custom:container-muxer-webm: aa71ff27fc2769a1b78a27578f13a17b -> 
  custom:scripting/monoscript/fileName/RemoveUnusedShaderKeywordsFromUTS2Material.cs: 1ef85bf11c7844c94a5da302b7761b18 -> 7cdca1940c966142c15c724bbc7ee1d5
========================================================================
Received Import Request.
  Time since last request: 254255.149833 seconds.
  path: Assets/Fishing Docks and Boats/Scenes/Example/Lightmap-3_comp_dir.png
  artifactKey: Guid(81053b1885878164ab658cc754af677f) Importer(2089858483,0ecaa5967403d082aa24f35e1b516d23)
Start importing Assets/Fishing Docks and Boats/Scenes/Example/Lightmap-3_comp_dir.png using Guid(81053b1885878164ab658cc754af677f) Importer(2089858483,0ecaa5967403d082aa24f35e1b516d23)  -> (artifact id: '07873131c7a9fc7656094fa78c0c9c73') in 0.195135 seconds
Number of updated asset objects reloaded before import = 0
Number of asset objects unloaded after import = 1
========================================================================
Received Import Request.
  Time since last request: 0.000010 seconds.
  path: Assets/UniGLTF/DepthFirstScheduler/LICENSE
  artifactKey: Guid(b673d33707cbc5446870804437f3cbea) Importer(2089858483,0ecaa5967403d082aa24f35e1b516d23)
Start importing Assets/UniGLTF/DepthFirstScheduler/LICENSE using Guid(b673d33707cbc5446870804437f3cbea) Importer(2089858483,0ecaa5967403d082aa24f35e1b516d23)  -> (artifact id: '152b009605c39db5cde095840d78147f') in 0.022718 seconds
Number of updated asset objects reloaded before import = 0
Number of asset objects unloaded after import = 1
========================================================================
Received Import Request.
  Time since last request: 0.000088 seconds.
  path: Assets/PlayMaker/Editor/PlayMakerProjectTools.cs
  artifactKey: Guid(c4be08eb2b7053a4c87ee457187b7806) Importer(2089858483,0ecaa5967403d082aa24f35e1b516d23)
Start importing Assets/PlayMaker/Editor/PlayMakerProjectTools.cs using Guid(c4be08eb2b7053a4c87ee457187b7806) Importer(2089858483,0ecaa5967403d082aa24f35e1b516d23)  -> (artifact id: '920b8f888e94902f61a2b0740a5507c1') in 0.020745 seconds
Number of updated asset objects reloaded before import = 0
Number of asset objects unloaded after import = 1
========================================================================
Received Import Request.
  Time since last request: 0.000012 seconds.
  path: Assets/UniGLTF/DepthFirstScheduler/Functor.cs
  artifactKey: Guid(c320f3f577dde634a871dc88266c2a20) Importer(2089858483,0ecaa5967403d082aa24f35e1b516d23)
Start importing Assets/UniGLTF/DepthFirstScheduler/Functor.cs using Guid(c320f3f577dde634a871dc88266c2a20) Importer(2089858483,0ecaa5967403d082aa24f35e1b516d23)  -> (artifact id: 'b699495091f37fddc9dcb7944118636c') in 0.011271 seconds
Number of updated asset objects reloaded before import = 0
Number of asset objects unloaded after import = 1
========================================================================
Received Import Request.
  Time since last request: 0.000024 seconds.
  path: Assets/PolyTope_VoxelWorld_Animals/Content/Post-Processing Profile.asset
  artifactKey: Guid(92f04b6d899a9294797c5153b02bc53d) Importer(2089858483,0ecaa5967403d082aa24f35e1b516d23)
Start importing Assets/PolyTope_VoxelWorld_Animals/Content/Post-Processing Profile.asset using Guid(92f04b6d899a9294797c5153b02bc53d) Importer(2089858483,0ecaa5967403d082aa24f35e1b516d23)  -> (artifact id: 'a57bb9308b1d50583f067a01598b6633') in 0.013010 seconds
Number of updated asset objects reloaded before import = 0
Number of asset objects unloaded after import = 1
========================================================================
Received Import Request.
  Time since last request: 0.000010 seconds.
  path: Assets/PlayMaker/Actions/ComponentAction.cs
  artifactKey: Guid(fe02f53520edc8b419bac5fadc0630fd) Importer(2089858483,0ecaa5967403d082aa24f35e1b516d23)
Start importing Assets/PlayMaker/Actions/ComponentAction.cs using Guid(fe02f53520edc8b419bac5fadc0630fd) Importer(2089858483,0ecaa5967403d082aa24f35e1b516d23)  -> (artifact id: '1032a9dee5a03b2177dcbc492f2327d5') in 0.013162 seconds
Number of updated asset objects reloaded before import = 0
Number of asset objects unloaded after import = 1
========================================================================
Received Import Request.
  Time since last request: 0.000014 seconds.
  path: Assets/Fishing Docks and Boats/Textures/TX_SM_TackleBox_01a_ORM.TGA
  artifactKey: Guid(9de2afc201a02464eb5a4a84ffbeb506) Importer(2089858483,0ecaa5967403d082aa24f35e1b516d23)
Start importing Assets/Fishing Docks and Boats/Textures/TX_SM_TackleBox_01a_ORM.TGA using Guid(9de2afc201a02464eb5a4a84ffbeb506) Importer(2089858483,0ecaa5967403d082aa24f35e1b516d23)  -> (artifact id: '0e3e693cb60924454ff8e13d53a26159') in 0.051536 seconds
Number of updated asset objects reloaded before import = 0
Number of asset objects unloaded after import = 1
========================================================================
Received Import Request.
  Time since last request: 0.000010 seconds.
  path: Assets/Fishing Docks and Boats/Textures/TX_Tyre_ORM.TGA
  artifactKey: Guid(f741020bfc30c42418156382d8eb7ecd) Importer(2089858483,0ecaa5967403d082aa24f35e1b516d23)
Start importing Assets/Fishing Docks and Boats/Textures/TX_Tyre_ORM.TGA using Guid(f741020bfc30c42418156382d8eb7ecd) Importer(2089858483,0ecaa5967403d082aa24f35e1b516d23)  -> (artifact id: 'eb76b1354295ad5a07e74d7fc43e2588') in 0.032004 seconds
Number of updated asset objects reloaded before import = 0
Number of asset objects unloaded after import = 1
========================================================================
Received Import Request.
  Time since last request: 0.000011 seconds.
  path: Assets/PlayMaker/Actions/BaseUpdateAction.cs
  artifactKey: Guid(4bd46e7c97284a14bbf455bf29e74047) Importer(2089858483,0ecaa5967403d082aa24f35e1b516d23)
Start importing Assets/PlayMaker/Actions/BaseUpdateAction.cs using Guid(4bd46e7c97284a14bbf455bf29e74047) Importer(2089858483,0ecaa5967403d082aa24f35e1b516d23)  -> (artifact id: '0aa8c6fed9e8ddd5de80112e76a4f3b6') in 0.014449 seconds
Number of updated asset objects reloaded before import = 0
Number of asset objects unloaded after import = 1
========================================================================
Received Import Request.
  Time since last request: 0.000010 seconds.
  path: Assets/Alstra Infinite/Fish - PolyPack/Scene/Showcase.unity
  artifactKey: Guid(bfc401a16d438de498be934d79641f4e) Importer(2089858483,0ecaa5967403d082aa24f35e1b516d23)
Start importing Assets/Alstra Infinite/Fish - PolyPack/Scene/Showcase.unity using Guid(bfc401a16d438de498be934d79641f4e) Importer(2089858483,0ecaa5967403d082aa24f35e1b516d23)  -> (artifact id: 'b99f39c237505ebcab2c0b822e06595a') in 0.038067 seconds
Number of updated asset objects reloaded before import = 0
Number of asset objects unloaded after import = 1
========================================================================
Received Import Request.
  Time since last request: 0.000015 seconds.
  path: Assets/PlayMaker/Editor/FsmSelectorWindow.cs
  artifactKey: Guid(6d935c6c261d748469153524686e2359) Importer(2089858483,0ecaa5967403d082aa24f35e1b516d23)
Start importing Assets/PlayMaker/Editor/FsmSelectorWindow.cs using Guid(6d935c6c261d748469153524686e2359) Importer(2089858483,0ecaa5967403d082aa24f35e1b516d23)  -> (artifact id: 'dacf9d49e5901a8ba0b141d99654fa7c') in 0.012953 seconds
Number of updated asset objects reloaded before import = 0
Number of asset objects unloaded after import = 1
========================================================================
Received Import Request.
  Time since last request: 0.000015 seconds.
  path: Assets/PlayMaker/Editor/PreUpdateChecker.cs
  artifactKey: Guid(1d8af27db4a82624db734c886597b3d5) Importer(2089858483,0ecaa5967403d082aa24f35e1b516d23)
Start importing Assets/PlayMaker/Editor/PreUpdateChecker.cs using Guid(1d8af27db4a82624db734c886597b3d5) Importer(2089858483,0ecaa5967403d082aa24f35e1b516d23)  -> (artifact id: '03b096400ab32559a4fba8fcf7a3c521') in 0.010894 seconds
Number of updated asset objects reloaded before import = 0
Number of asset objects unloaded after import = 1
========================================================================
Received Import Request.
  Time since last request: 0.000040 seconds.
  path: Assets/PlayMaker/Editor/PlayMakerMainMenu.cs
  artifactKey: Guid(9e54f59004df2fb4698a45143762e335) Importer(2089858483,0ecaa5967403d082aa24f35e1b516d23)
Start importing Assets/PlayMaker/Editor/PlayMakerMainMenu.cs using Guid(9e54f59004df2fb4698a45143762e335) Importer(2089858483,0ecaa5967403d082aa24f35e1b516d23)  -> (artifact id: 'dc6632169f8f0ff4f85241b65d39f22b') in 0.012423 seconds
Number of updated asset objects reloaded before import = 0
Number of asset objects unloaded after import = 1
========================================================================
Received Import Request.
  Time since last request: 0.000035 seconds.
  path: Assets/FujitoWork/Toon/Shader/README.txt
  artifactKey: Guid(4c57a42f315f467488f69755e6a7d42c) Importer(2089858483,0ecaa5967403d082aa24f35e1b516d23)
Start importing Assets/FujitoWork/Toon/Shader/README.txt using Guid(4c57a42f315f467488f69755e6a7d42c) Importer(2089858483,0ecaa5967403d082aa24f35e1b516d23)  -> (artifact id: '5e4a229fc379662d00177c209179290c') in 0.029432 seconds
Number of updated asset objects reloaded before import = 0
Number of asset objects unloaded after import = 1
========================================================================
Received Import Request.
  Time since last request: 0.000012 seconds.
  path: Assets/PlayMaker/Editor/PlayMakerBugReportWindow.cs
  artifactKey: Guid(22cdf5625c9e93d439b35c8a41b2fcd6) Importer(2089858483,0ecaa5967403d082aa24f35e1b516d23)
Start importing Assets/PlayMaker/Editor/PlayMakerBugReportWindow.cs using Guid(22cdf5625c9e93d439b35c8a41b2fcd6) Importer(2089858483,0ecaa5967403d082aa24f35e1b516d23)  -> (artifact id: '23defd8cfa03d4f25d08f6f5bedd721d') in 0.014822 seconds
Number of updated asset objects reloaded before import = 0
Number of asset objects unloaded after import = 1
========================================================================
Received Import Request.
  Time since last request: 0.000009 seconds.
  path: Assets/PlayMaker/Actions/EaseEditor.cs
  artifactKey: Guid(1dd2a7c0f80bd684c86bf2eacbc0734f) Importer(2089858483,0ecaa5967403d082aa24f35e1b516d23)
Start importing Assets/PlayMaker/Actions/EaseEditor.cs using Guid(1dd2a7c0f80bd684c86bf2eacbc0734f) Importer(2089858483,0ecaa5967403d082aa24f35e1b516d23)  -> (artifact id: 'd9f06ba77efb0c412de734a02766a40f') in 0.010254 seconds
Number of updated asset objects reloaded before import = 0
Number of asset objects unloaded after import = 1
========================================================================
Received Import Request.
  Time since last request: 0.000010 seconds.
  path: Assets/FujitoWork/04_material/Material.mat
  artifactKey: Guid(5bbbb2f7dc1470b40a29706ca4f44483) Importer(2089858483,0ecaa5967403d082aa24f35e1b516d23)
Start importing Assets/FujitoWork/04_material/Material.mat using Guid(5bbbb2f7dc1470b40a29706ca4f44483) Importer(2089858483,0ecaa5967403d082aa24f35e1b516d23)  -> (artifact id: '3d2b97660072c00b90401dd1cb0cc017') in 0.040400 seconds
Number of updated asset objects reloaded before import = 0
Number of asset objects unloaded after import = 1
========================================================================
Received Import Request.
  Time since last request: 0.000011 seconds.
  path: Assets/Fishing Docks and Boats/Textures/TX_Tyre_NRM.TGA
  artifactKey: Guid(573e04bc268b92b419e27453fb85693e) Importer(2089858483,0ecaa5967403d082aa24f35e1b516d23)
Start importing Assets/Fishing Docks and Boats/Textures/TX_Tyre_NRM.TGA using Guid(573e04bc268b92b419e27453fb85693e) Importer(2089858483,0ecaa5967403d082aa24f35e1b516d23)  -> (artifact id: '486ceb58e88c243ec35e45899828fb46') in 0.033536 seconds
Number of updated asset objects reloaded before import = 0
Number of asset objects unloaded after import = 1
========================================================================
Received Import Request.
  Time since last request: 0.000009 seconds.
  path: Assets/PlayMaker/Editor/PlayMakerGUIInspector.cs
  artifactKey: Guid(09fb03dbb5f08ee439901fabf8a2e9e3) Importer(2089858483,0ecaa5967403d082aa24f35e1b516d23)
Start importing Assets/PlayMaker/Editor/PlayMakerGUIInspector.cs using Guid(09fb03dbb5f08ee439901fabf8a2e9e3) Importer(2089858483,0ecaa5967403d082aa24f35e1b516d23)  -> (artifact id: 'c7ff1e9737472948c0cb96454cdc9d89') in 0.025079 seconds
Number of updated asset objects reloaded before import = 0
Number of asset objects unloaded after import = 1
========================================================================
Received Import Request.
  Time since last request: 0.000043 seconds.
  path: Assets/UniGLTF/UniJSON/LICENSE
  artifactKey: Guid(d0cd28905c8909143a42de7256c727e7) Importer(2089858483,0ecaa5967403d082aa24f35e1b516d23)
Start importing Assets/UniGLTF/UniJSON/LICENSE using Guid(d0cd28905c8909143a42de7256c727e7) Importer(2089858483,0ecaa5967403d082aa24f35e1b516d23)  -> (artifact id: 'e1766a515db0b2dd5574ff863de51eb4') in 0.052583 seconds
Number of updated asset objects reloaded before import = 0
Number of asset objects unloaded after import = 1
========================================================================
Received Import Request.
  Time since last request: 1.112548 seconds.
  path: Assets/FujitoWork/Toon/Shader/UCTS_DoubleShadeWithFeather.cginc
  artifactKey: Guid(80bd7ce6cad775a4e9de24e18eb5e61e) Importer(2089858483,0ecaa5967403d082aa24f35e1b516d23)
Start importing Assets/FujitoWork/Toon/Shader/UCTS_DoubleShadeWithFeather.cginc using Guid(80bd7ce6cad775a4e9de24e18eb5e61e) Importer(2089858483,0ecaa5967403d082aa24f35e1b516d23)  -> (artifact id: 'c5b70c91b6bf516e5e1aa7d4653965de') in 0.016769 seconds
Number of updated asset objects reloaded before import = 0
Number of asset objects unloaded after import = 1
========================================================================
Received Import Request.
  Time since last request: 0.000021 seconds.
  path: Assets/PlayMaker/Actions/Array/ArraySet.cs
  artifactKey: Guid(de186d86d62e53c4ab432d55800df4f6) Importer(2089858483,0ecaa5967403d082aa24f35e1b516d23)
Start importing Assets/PlayMaker/Actions/Array/ArraySet.cs using Guid(de186d86d62e53c4ab432d55800df4f6) Importer(2089858483,0ecaa5967403d082aa24f35e1b516d23)  -> (artifact id: '3e2bc64555cfe0104f6b17594d4c8ff4') in 0.016314 seconds
Number of updated asset objects reloaded before import = 0
Number of asset objects unloaded after import = 1
========================================================================
Received Import Request.
  Time since last request: 0.000044 seconds.
  path: Assets/PlayMaker/Actions/Animator/GetAnimatorDelta.cs
  artifactKey: Guid(59828d3af79b24d328e2f0dfa5b4a3a7) Importer(2089858483,0ecaa5967403d082aa24f35e1b516d23)
Start importing Assets/PlayMaker/Actions/Animator/GetAnimatorDelta.cs using Guid(59828d3af79b24d328e2f0dfa5b4a3a7) Importer(2089858483,0ecaa5967403d082aa24f35e1b516d23)  -> (artifact id: '4606e0747202407f55a15c9f307689f7') in 0.014242 seconds
Number of updated asset objects reloaded before import = 0
Number of asset objects unloaded after import = 1
========================================================================
Received Import Request.
  Time since last request: 0.000055 seconds.
  path: Assets/PlayMaker/Actions/Array/ArrayShuffle.cs
  artifactKey: Guid(ee06ffed02f3bbd4682befa29dfb5ab2) Importer(2089858483,0ecaa5967403d082aa24f35e1b516d23)
Start importing Assets/PlayMaker/Actions/Array/ArrayShuffle.cs using Guid(ee06ffed02f3bbd4682befa29dfb5ab2) Importer(2089858483,0ecaa5967403d082aa24f35e1b516d23)  -> (artifact id: 'c4704d38656773ac05a3f6d0fc227ad8') in 0.015701 seconds
Number of updated asset objects reloaded before import = 0
Number of asset objects unloaded after import = 1
========================================================================
Received Import Request.
  Time since last request: 0.000009 seconds.
  path: Assets/PlayMaker/Actions/Animation/AddAnimationClip.cs
  artifactKey: Guid(8b9bc61aa3cfd0e43818e823d44ac217) Importer(2089858483,0ecaa5967403d082aa24f35e1b516d23)
Start importing Assets/PlayMaker/Actions/Animation/AddAnimationClip.cs using Guid(8b9bc61aa3cfd0e43818e823d44ac217) Importer(2089858483,0ecaa5967403d082aa24f35e1b516d23)  -> (artifact id: '30fae63017c49520b043ccf7c03fd6fd') in 0.015024 seconds
Number of updated asset objects reloaded before import = 0
Number of asset objects unloaded after import = 1
========================================================================
Received Import Request.
  Time since last request: 0.000255 seconds.
  path: Assets/PlayMaker/Actions/Audio/AudioStop.cs
  artifactKey: Guid(a6777341ea924c7428e33a6f47113e7f) Importer(2089858483,0ecaa5967403d082aa24f35e1b516d23)
Start importing Assets/PlayMaker/Actions/Audio/AudioStop.cs using Guid(a6777341ea924c7428e33a6f47113e7f) Importer(2089858483,0ecaa5967403d082aa24f35e1b516d23)  -> (artifact id: '10d4a89a3bbfe13b0c77dde7832d917b') in 0.013425 seconds
Number of updated asset objects reloaded before import = 0
Number of asset objects unloaded after import = 1
========================================================================
Received Import Request.
  Time since last request: 0.000011 seconds.
  path: Assets/PlayMaker/Actions/Array/ArrayAddRange.cs
  artifactKey: Guid(0921aaea4fadc8b498ea50142d26b83e) Importer(2089858483,0ecaa5967403d082aa24f35e1b516d23)
Start importing Assets/PlayMaker/Actions/Array/ArrayAddRange.cs using Guid(0921aaea4fadc8b498ea50142d26b83e) Importer(2089858483,0ecaa5967403d082aa24f35e1b516d23)  -> (artifact id: 'd4142e26c482e373ac0d920f20a21406') in 0.015736 seconds
Number of updated asset objects reloaded before import = 0
Number of asset objects unloaded after import = 1
========================================================================
Received Import Request.
  Time since last request: 0.000010 seconds.
  path: Assets/PlayMaker/Actions/Array/ArrayRemove.cs
  artifactKey: Guid(bbeca0cf9e44b86408a16de8ee5de52e) Importer(2089858483,0ecaa5967403d082aa24f35e1b516d23)
Start importing Assets/PlayMaker/Actions/Array/ArrayRemove.cs using Guid(bbeca0cf9e44b86408a16de8ee5de52e) Importer(2089858483,0ecaa5967403d082aa24f35e1b516d23)  -> (artifact id: '7e9df9c4870c16416d8a7dd2e62689b9') in 0.014196 seconds
Number of updated asset objects reloaded before import = 0
Number of asset objects unloaded after import = 1
========================================================================
Received Import Request.
  Time since last request: 0.000012 seconds.
  path: Assets/PlayMaker/Actions/Camera/SetBackgroundColor.cs
  artifactKey: Guid(2580741b9cad41d4ebcb5fe081a342c1) Importer(2089858483,0ecaa5967403d082aa24f35e1b516d23)
Start importing Assets/PlayMaker/Actions/Camera/SetBackgroundColor.cs using Guid(2580741b9cad41d4ebcb5fe081a342c1) Importer(2089858483,0ecaa5967403d082aa24f35e1b516d23)  -> (artifact id: '6ed2387af744d190dbd809d0b3118827') in 0.013573 seconds
Number of updated asset objects reloaded before import = 0
Number of asset objects unloaded after import = 1
========================================================================
Received Import Request.
  Time since last request: 0.000017 seconds.
  path: Assets/PlayMaker/Actions/Animator/SetAnimatorSpeed.cs
  artifactKey: Guid(f883c091fa768400c9c82bbedff68386) Importer(2089858483,0ecaa5967403d082aa24f35e1b516d23)
Start importing Assets/PlayMaker/Actions/Animator/SetAnimatorSpeed.cs using Guid(f883c091fa768400c9c82bbedff68386) Importer(2089858483,0ecaa5967403d082aa24f35e1b516d23)  -> (artifact id: 'c83a0bb77cc88c6ecd24b6f1de83111b') in 0.016161 seconds
Number of updated asset objects reloaded before import = 0
Number of asset objects unloaded after import = 1
========================================================================
Received Import Request.
  Time since last request: 0.000010 seconds.
  path: Assets/PlayMaker/Actions/AnimateVariables/EaseFloat.cs
  artifactKey: Guid(15e175c518c552040b2203583474c32a) Importer(2089858483,0ecaa5967403d082aa24f35e1b516d23)
Start importing Assets/PlayMaker/Actions/AnimateVariables/EaseFloat.cs using Guid(15e175c518c552040b2203583474c32a) Importer(2089858483,0ecaa5967403d082aa24f35e1b516d23)  -> (artifact id: 'b1a810cd3daf59779e5a71cffeabf429') in 0.012083 seconds
Number of updated asset objects reloaded before import = 0
Number of asset objects unloaded after import = 1
========================================================================
Received Import Request.
  Time since last request: 0.000017 seconds.
  path: Assets/PlayMaker/Actions/Array/ArrayDeleteAt.cs
  artifactKey: Guid(cc32998bfef18a347a974d0482c14ae9) Importer(2089858483,0ecaa5967403d082aa24f35e1b516d23)
Start importing Assets/PlayMaker/Actions/Array/ArrayDeleteAt.cs using Guid(cc32998bfef18a347a974d0482c14ae9) Importer(2089858483,0ecaa5967403d082aa24f35e1b516d23)  -> (artifact id: '9b55ae459a1fd271da519c5f64e3e0b5') in 0.015045 seconds
Number of updated asset objects reloaded before import = 0
Number of asset objects unloaded after import = 1
========================================================================
Received Import Request.
  Time since last request: 0.000010 seconds.
  path: Assets/PlayMaker/Actions/Animator/GetAnimatorLeftFootBottomHeight.cs
  artifactKey: Guid(9330353483e924d69b2fa7703fa61ca7) Importer(2089858483,0ecaa5967403d082aa24f35e1b516d23)
Start importing Assets/PlayMaker/Actions/Animator/GetAnimatorLeftFootBottomHeight.cs using Guid(9330353483e924d69b2fa7703fa61ca7) Importer(2089858483,0ecaa5967403d082aa24f35e1b516d23)  -> (artifact id: 'c4479059d738828674f5ea2ef7cf2d81') in 0.014767 seconds
Number of updated asset objects reloaded before import = 0
Number of asset objects unloaded after import = 1
========================================================================
Received Import Request.
  Time since last request: 0.000010 seconds.
  path: Assets/PlayMaker/Actions/Animator/GetAnimatorRightFootBottomHeight.cs
  artifactKey: Guid(d19d957c781f6493fbbaed91c968c8ec) Importer(2089858483,0ecaa5967403d082aa24f35e1b516d23)
Start importing Assets/PlayMaker/Actions/Animator/GetAnimatorRightFootBottomHeight.cs using Guid(d19d957c781f6493fbbaed91c968c8ec) Importer(2089858483,0ecaa5967403d082aa24f35e1b516d23)  -> (artifact id: 'b74e6d01f27635d403c757259b2f79d5') in 0.015353 seconds
Number of updated asset objects reloaded before import = 0
Number of asset objects unloaded after import = 1
========================================================================
Received Import Request.
  Time since last request: 0.000011 seconds.
  path: Assets/PlayMaker/Actions/Array/ArrayGetNext.cs
  artifactKey: Guid(7f2c332853b32c743940b57c0a595ed7) Importer(2089858483,0ecaa5967403d082aa24f35e1b516d23)
Start importing Assets/PlayMaker/Actions/Array/ArrayGetNext.cs using Guid(7f2c332853b32c743940b57c0a595ed7) Importer(2089858483,0ecaa5967403d082aa24f35e1b516d23)  -> (artifact id: '08d22dd764adfa266afc2b33a34b9bf1') in 0.013794 seconds
Number of updated asset objects reloaded before import = 0
Number of asset objects unloaded after import = 1
========================================================================
Received Import Request.
  Time since last request: 0.000010 seconds.
  path: Assets/PlayMaker/Actions/Animator/GetAnimatorPlayBackSpeed.cs
  artifactKey: Guid(252f9f13fe96d4f5b8ee1a309ee2e5db) Importer(2089858483,0ecaa5967403d082aa24f35e1b516d23)
Start importing Assets/PlayMaker/Actions/Animator/GetAnimatorPlayBackSpeed.cs using Guid(252f9f13fe96d4f5b8ee1a309ee2e5db) Importer(2089858483,0ecaa5967403d082aa24f35e1b516d23)  -> (artifact id: '517ee7f840c9c347a55c28a06a4ed90b') in 0.014847 seconds
Number of updated asset objects reloaded before import = 0
Number of asset objects unloaded after import = 1
========================================================================
Received Import Request.
  Time since last request: 0.000011 seconds.
  path: Assets/PlayMaker/Actions/Animator/GetAnimatorHumanScale.cs
  artifactKey: Guid(3e4e2701c656149199f7b424b0725b7d) Importer(2089858483,0ecaa5967403d082aa24f35e1b516d23)
Start importing Assets/PlayMaker/Actions/Animator/GetAnimatorHumanScale.cs using Guid(3e4e2701c656149199f7b424b0725b7d) Importer(2089858483,0ecaa5967403d082aa24f35e1b516d23)  -> (artifact id: 'ddaf2627eefd2749098d0b6c01c629f2') in 0.013388 seconds
Number of updated asset objects reloaded before import = 0
Number of asset objects unloaded after import = 1
========================================================================
Received Import Request.
  Time since last request: 0.000010 seconds.
  path: Assets/PlayMaker/Actions/AnimateVariables/EaseColor.cs
  artifactKey: Guid(dad5426318ed96942a8a501e2635a8c6) Importer(2089858483,0ecaa5967403d082aa24f35e1b516d23)
Start importing Assets/PlayMaker/Actions/AnimateVariables/EaseColor.cs using Guid(dad5426318ed96942a8a501e2635a8c6) Importer(2089858483,0ecaa5967403d082aa24f35e1b516d23)  -> (artifact id: 'bcbebb9a678002f103e6469776e88d90') in 0.016193 seconds
Number of updated asset objects reloaded before import = 0
Number of asset objects unloaded after import = 1
========================================================================
Received Import Request.
  Time since last request: 1.377466 seconds.
  path: Assets/PlayMaker/Actions/Camera/WorldToScreenPoint.cs
  artifactKey: Guid(fc3a649c12f2acf42a7c0d61cefddd3f) Importer(2089858483,0ecaa5967403d082aa24f35e1b516d23)
Start importing Assets/PlayMaker/Actions/Camera/WorldToScreenPoint.cs using Guid(fc3a649c12f2acf42a7c0d61cefddd3f) Importer(2089858483,0ecaa5967403d082aa24f35e1b516d23)  -> (artifact id: '0c78ff2b412b8c56b0a5daac13b346bc') in 0.029798 seconds
Number of updated asset objects reloaded before import = 0
Number of asset objects unloaded after import = 0
========================================================================
Received Import Request.
  Time since last request: 0.000065 seconds.
  path: Assets/PlayMaker/Actions/GameObject/ActivateGameObject.cs
  artifactKey: Guid(fc0e3ebc3fd22c6458e70283786cf795) Importer(2089858483,0ecaa5967403d082aa24f35e1b516d23)
Start importing Assets/PlayMaker/Actions/GameObject/ActivateGameObject.cs using Guid(fc0e3ebc3fd22c6458e70283786cf795) Importer(2089858483,0ecaa5967403d082aa24f35e1b516d23)  -> (artifact id: '2f1e961547a641d813b170740c20ab38') in 0.017827 seconds
Number of updated asset objects reloaded before import = 0
Number of asset objects unloaded after import = 1
========================================================================
Received Import Request.
  Time since last request: 0.000076 seconds.
  path: Assets/PlayMaker/Actions/Input/GetMouseY.cs
  artifactKey: Guid(f6b2db7fd3dcefa41b738bd147447ae9) Importer(2089858483,0ecaa5967403d082aa24f35e1b516d23)
Start importing Assets/PlayMaker/Actions/Input/GetMouseY.cs using Guid(f6b2db7fd3dcefa41b738bd147447ae9) Importer(2089858483,0ecaa5967403d082aa24f35e1b516d23)  -> (artifact id: 'f4904eb02a0db67330f55bbf9324568f') in 0.015301 seconds
Number of updated asset objects reloaded before import = 0
Number of asset objects unloaded after import = 1
========================================================================
Received Import Request.
  Time since last request: 0.000010 seconds.
  path: Assets/PlayMaker/Actions/GUI/SetGUISkin.cs
  artifactKey: Guid(3151ca2da34e926439df38bcc05eb495) Importer(2089858483,0ecaa5967403d082aa24f35e1b516d23)
Start importing Assets/PlayMaker/Actions/GUI/SetGUISkin.cs using Guid(3151ca2da34e926439df38bcc05eb495) Importer(2089858483,0ecaa5967403d082aa24f35e1b516d23)  -> (artifact id: '4abad3c1c1084886c039f626b348c825') in 0.016880 seconds
Number of updated asset objects reloaded before import = 0
Number of asset objects unloaded after import = 1
========================================================================
Received Import Request.
  Time since last request: 0.000011 seconds.
  path: Assets/PlayMaker/Actions/Character/GetControllerVelocity.cs
  artifactKey: Guid(be5c9d33ea9db9346ac258213c127cb9) Importer(2089858483,0ecaa5967403d082aa24f35e1b516d23)
Start importing Assets/PlayMaker/Actions/Character/GetControllerVelocity.cs using Guid(be5c9d33ea9db9346ac258213c127cb9) Importer(2089858483,0ecaa5967403d082aa24f35e1b516d23)  -> (artifact id: '3e8d0229edfd1436094e37895b4f4cd5') in 0.017157 seconds
Number of updated asset objects reloaded before import = 0
Number of asset objects unloaded after import = 1
========================================================================
Received Import Request.
  Time since last request: 0.000009 seconds.
  path: Assets/PlayMaker/Actions/Gamepad/GamepadGetButtonValues.cs
  artifactKey: Guid(51773550240a07d4693036127cf9cc0b) Importer(2089858483,0ecaa5967403d082aa24f35e1b516d23)
Start importing Assets/PlayMaker/Actions/Gamepad/GamepadGetButtonValues.cs using Guid(51773550240a07d4693036127cf9cc0b) Importer(2089858483,0ecaa5967403d082aa24f35e1b516d23)  -> (artifact id: 'be8f619f8898ec769273e66b5ae8ff2d') in 0.015340 seconds
Number of updated asset objects reloaded before import = 0
Number of asset objects unloaded after import = 1
========================================================================
Received Import Request.
  Time since last request: 0.000008 seconds.
  path: Assets/PlayMaker/Actions/GUILayout/GUILayoutEmailField.cs
  artifactKey: Guid(c911af626aab7184eb71f56bf16b4bc2) Importer(2089858483,0ecaa5967403d082aa24f35e1b516d23)
Start importing Assets/PlayMaker/Actions/GUILayout/GUILayoutEmailField.cs using Guid(c911af626aab7184eb71f56bf16b4bc2) Importer(2089858483,0ecaa5967403d082aa24f35e1b516d23)  -> (artifact id: 'c96111798977178866aeb426068fa156') in 0.016689 seconds
Number of updated asset objects reloaded before import = 0
Number of asset objects unloaded after import = 1
========================================================================
Received Import Request.
  Time since last request: 0.000011 seconds.
  path: Assets/PlayMaker/Actions/Level/LoadLevel.cs
  artifactKey: Guid(30fcd7ba76646434b8562f5b8d7b10d6) Importer(2089858483,0ecaa5967403d082aa24f35e1b516d23)
Start importing Assets/PlayMaker/Actions/Level/LoadLevel.cs using Guid(30fcd7ba76646434b8562f5b8d7b10d6) Importer(2089858483,0ecaa5967403d082aa24f35e1b516d23)  -> (artifact id: 'e6b23fcebe1bb7ec1a9df66b79680c14') in 0.015314 seconds
Number of updated asset objects reloaded before import = 0
Number of asset objects unloaded after import = 1
========================================================================
Received Import Request.
  Time since last request: 0.000018 seconds.
  path: Assets/PlayMaker/Actions/Character/GetControllerHitInfo.cs
  artifactKey: Guid(4df4faf7dc9040d44bb6f8ef649c9111) Importer(2089858483,0ecaa5967403d082aa24f35e1b516d23)
Start importing Assets/PlayMaker/Actions/Character/GetControllerHitInfo.cs using Guid(4df4faf7dc9040d44bb6f8ef649c9111) Importer(2089858483,0ecaa5967403d082aa24f35e1b516d23)  -> (artifact id: '36f69f30c97b7ff07deefb240872cded') in 0.012141 seconds
Number of updated asset objects reloaded before import = 0
Number of asset objects unloaded after import = 1
========================================================================
Received Import Request.
  Time since last request: 0.000008 seconds.
  path: Assets/PlayMaker/Actions/Logic/BoolAllTrue.cs
  artifactKey: Guid(f14889b04b70ede4cb1aa06309f5f89d) Importer(2089858483,0ecaa5967403d082aa24f35e1b516d23)
Start importing Assets/PlayMaker/Actions/Logic/BoolAllTrue.cs using Guid(f14889b04b70ede4cb1aa06309f5f89d) Importer(2089858483,0ecaa5967403d082aa24f35e1b516d23)  -> (artifact id: '50ca626a8763388dbe89c848a5378768') in 0.016002 seconds
Number of updated asset objects reloaded before import = 0
Number of asset objects unloaded after import = 1
========================================================================
Received Import Request.
  Time since last request: 0.000011 seconds.
  path: Assets/PlayMaker/Actions/Input/GetMouseButtonDown.cs
  artifactKey: Guid(8fe8065692b58344582d703e5912c698) Importer(2089858483,0ecaa5967403d082aa24f35e1b516d23)
Start importing Assets/PlayMaker/Actions/Input/GetMouseButtonDown.cs using Guid(8fe8065692b58344582d703e5912c698) Importer(2089858483,0ecaa5967403d082aa24f35e1b516d23)  -> (artifact id: '1c57e226476899c3f79ba7f0c7f2717c') in 0.017094 seconds
Number of updated asset objects reloaded before import = 0
Number of asset objects unloaded after import = 1
========================================================================
Received Import Request.
  Time since last request: 0.000012 seconds.
  path: Assets/PlayMaker/Actions/Device/GetIPhoneSettings.cs
  artifactKey: Guid(75228a05fe3d0d04080e899b8b2704ad) Importer(2089858483,0ecaa5967403d082aa24f35e1b516d23)
Start importing Assets/PlayMaker/Actions/Device/GetIPhoneSettings.cs using Guid(75228a05fe3d0d04080e899b8b2704ad) Importer(2089858483,0ecaa5967403d082aa24f35e1b516d23)  -> (artifact id: '348336f28c9d552db04d6e65d109e8b7') in 0.016864 seconds
Number of updated asset objects reloaded before import = 0
Number of asset objects unloaded after import = 1
========================================================================
Received Import Request.
  Time since last request: 0.000011 seconds.
  path: Assets/PlayMaker/Actions/GUILayout/GUILayoutEndHorizontal.cs
  artifactKey: Guid(3e2da75bd5e127349a81f1645b16996a) Importer(2089858483,0ecaa5967403d082aa24f35e1b516d23)
Start importing Assets/PlayMaker/Actions/GUILayout/GUILayoutEndHorizontal.cs using Guid(3e2da75bd5e127349a81f1645b16996a) Importer(2089858483,0ecaa5967403d082aa24f35e1b516d23)  -> (artifact id: '584fb35253ae6e85b37107567b12e772') in 0.013210 seconds
Number of updated asset objects reloaded before import = 0
Number of asset objects unloaded after import = 1
========================================================================
Received Import Request.
  Time since last request: 0.000010 seconds.
  path: Assets/PlayMaker/Actions/Color/SetColorRGBA.cs
  artifactKey: Guid(5f7dfba8043adee4e8b44fe39ff17bf8) Importer(2089858483,0ecaa5967403d082aa24f35e1b516d23)
Start importing Assets/PlayMaker/Actions/Color/SetColorRGBA.cs using Guid(5f7dfba8043adee4e8b44fe39ff17bf8) Importer(2089858483,0ecaa5967403d082aa24f35e1b516d23)  -> (artifact id: '4353a98e00b8861d34013e2f49e0533c') in 0.015452 seconds
Number of updated asset objects reloaded before import = 0
Number of asset objects unloaded after import = 1
========================================================================
Received Import Request.
  Time since last request: 0.000009 seconds.
  path: Assets/PlayMaker/Actions/Convert/ConvertFloatToString.cs
  artifactKey: Guid(83cb2bebe956b4e41973ba7844cf7905) Importer(2089858483,0ecaa5967403d082aa24f35e1b516d23)
Start importing Assets/PlayMaker/Actions/Convert/ConvertFloatToString.cs using Guid(83cb2bebe956b4e41973ba7844cf7905) Importer(2089858483,0ecaa5967403d082aa24f35e1b516d23)  -> (artifact id: 'cd9d632ccabaecf1dc16a394ac3e049a') in 0.013700 seconds
Number of updated asset objects reloaded before import = 0
Number of asset objects unloaded after import = 1
========================================================================
Received Import Request.
  Time since last request: 0.000009 seconds.
  path: Assets/PlayMaker/Actions/Character/GetControllerCollisionFlags.cs
  artifactKey: Guid(5fef0e8a9af622c4f962fa8bed423d24) Importer(2089858483,0ecaa5967403d082aa24f35e1b516d23)
Start importing Assets/PlayMaker/Actions/Character/GetControllerCollisionFlags.cs using Guid(5fef0e8a9af622c4f962fa8bed423d24) Importer(2089858483,0ecaa5967403d082aa24f35e1b516d23)  -> (artifact id: '360afdd75a82ae5fd7f48873bdaec273') in 0.011310 seconds
Number of updated asset objects reloaded before import = 0
Number of asset objects unloaded after import = 1
========================================================================
Received Import Request.
  Time since last request: 0.000010 seconds.
  path: Assets/PlayMaker/Actions/Device/GetDeviceAcceleration.cs
  artifactKey: Guid(c9dcc17af4114204f800d38a9aaf19ac) Importer(2089858483,0ecaa5967403d082aa24f35e1b516d23)
Start importing Assets/PlayMaker/Actions/Device/GetDeviceAcceleration.cs using Guid(c9dcc17af4114204f800d38a9aaf19ac) Importer(2089858483,0ecaa5967403d082aa24f35e1b516d23)  -> (artifact id: '8e27e70eeba03e2e16a3d01d630a313b') in 0.013918 seconds
Number of updated asset objects reloaded before import = 0
Number of asset objects unloaded after import = 0
========================================================================
Received Import Request.
  Time since last request: 0.000024 seconds.
  path: Assets/PlayMaker/Actions/Input/GetMouseButtonUp.cs
  artifactKey: Guid(5f7b489fa5d69534a86005b52bc02998) Importer(2089858483,0ecaa5967403d082aa24f35e1b516d23)
Start importing Assets/PlayMaker/Actions/Input/GetMouseButtonUp.cs using Guid(5f7b489fa5d69534a86005b52bc02998) Importer(2089858483,0ecaa5967403d082aa24f35e1b516d23)  -> (artifact id: '161fcf59c6ca5bdc486ce21b779c71da') in 0.013372 seconds
Number of updated asset objects reloaded before import = 0
Number of asset objects unloaded after import = 1
========================================================================
Received Import Request.
  Time since last request: 0.000010 seconds.
  path: Assets/PlayMaker/Actions/GameObject/CreateNewGameObject.cs
  artifactKey: Guid(d7946256d0be1714ca4e44afb546ad37) Importer(2089858483,0ecaa5967403d082aa24f35e1b516d23)
Start importing Assets/PlayMaker/Actions/GameObject/CreateNewGameObject.cs using Guid(d7946256d0be1714ca4e44afb546ad37) Importer(2089858483,0ecaa5967403d082aa24f35e1b516d23)  -> (artifact id: '2a9f4145041b372866e5b03216d6790b') in 0.013051 seconds
Number of updated asset objects reloaded before import = 0
Number of asset objects unloaded after import = 1
========================================================================
Received Import Request.
  Time since last request: 0.000010 seconds.
  path: Assets/PlayMaker/Actions/Device/DeviceOrientationEvent.cs
  artifactKey: Guid(eb3c398f2f2220c44ad7e329f8635c3a) Importer(2089858483,0ecaa5967403d082aa24f35e1b516d23)
Start importing Assets/PlayMaker/Actions/Device/DeviceOrientationEvent.cs using Guid(eb3c398f2f2220c44ad7e329f8635c3a) Importer(2089858483,0ecaa5967403d082aa24f35e1b516d23)  -> (artifact id: '36fbd4f0f6003843b75cd8f7836f9637') in 0.014008 seconds
Number of updated asset objects reloaded before import = 0
Number of asset objects unloaded after import = 1
========================================================================
Received Import Request.
  Time since last request: 0.000010 seconds.
  path: Assets/PlayMaker/Actions/GUI/GUILabel.cs
  artifactKey: Guid(f6f9a724c3a042e459fdd042677426b1) Importer(2089858483,0ecaa5967403d082aa24f35e1b516d23)
Start importing Assets/PlayMaker/Actions/GUI/GUILabel.cs using Guid(f6f9a724c3a042e459fdd042677426b1) Importer(2089858483,0ecaa5967403d082aa24f35e1b516d23)  -> (artifact id: 'f9b9d271e15b34f98b8628a6abb86f3f') in 0.017000 seconds
Number of updated asset objects reloaded before import = 0
Number of asset objects unloaded after import = 1
========================================================================
Received Import Request.
  Time since last request: 0.000008 seconds.
  path: Assets/PlayMaker/Actions/Debug/DrawStateLabel.cs
  artifactKey: Guid(fb63ee17456c1d344b3111b2e201aa57) Importer(2089858483,0ecaa5967403d082aa24f35e1b516d23)
Start importing Assets/PlayMaker/Actions/Debug/DrawStateLabel.cs using Guid(fb63ee17456c1d344b3111b2e201aa57) Importer(2089858483,0ecaa5967403d082aa24f35e1b516d23)  -> (artifact id: '4ed453115bdd2de086e69af75271a59b') in 0.013658 seconds
Number of updated asset objects reloaded before import = 0
Number of asset objects unloaded after import = 1
========================================================================
Received Import Request.
  Time since last request: 0.000010 seconds.
  path: Assets/PlayMaker/Actions/GUI/SetGUIColor.cs
  artifactKey: Guid(31b0ef84843dda14eb74bc1bfecdc167) Importer(2089858483,0ecaa5967403d082aa24f35e1b516d23)
Start importing Assets/PlayMaker/Actions/GUI/SetGUIColor.cs using Guid(31b0ef84843dda14eb74bc1bfecdc167) Importer(2089858483,0ecaa5967403d082aa24f35e1b516d23)  -> (artifact id: '6b03ab4546c25de13e06f37dbd215126') in 0.014335 seconds
Number of updated asset objects reloaded before import = 0
Number of asset objects unloaded after import = 1
========================================================================
Received Import Request.
  Time since last request: 0.000010 seconds.
  path: Assets/PlayMaker/Actions/Device/ProjectLocationToMap.cs
  artifactKey: Guid(ee930a4ffcdc9264c84ed0aa9ca07647) Importer(2089858483,0ecaa5967403d082aa24f35e1b516d23)
Start importing Assets/PlayMaker/Actions/Device/ProjectLocationToMap.cs using Guid(ee930a4ffcdc9264c84ed0aa9ca07647) Importer(2089858483,0ecaa5967403d082aa24f35e1b516d23)  -> (artifact id: '66705a735363ee1735b040237854b1cc') in 0.015094 seconds
Number of updated asset objects reloaded before import = 0
Number of asset objects unloaded after import = 1
========================================================================
Received Import Request.
  Time since last request: 0.000018 seconds.
  path: Assets/PlayMaker/Actions/Gamepad/GamepadStickEvents.cs
  artifactKey: Guid(8efb24226b28fb540aeab72ecead1a39) Importer(2089858483,0ecaa5967403d082aa24f35e1b516d23)
Start importing Assets/PlayMaker/Actions/Gamepad/GamepadStickEvents.cs using Guid(8efb24226b28fb540aeab72ecead1a39) Importer(2089858483,0ecaa5967403d082aa24f35e1b516d23)  -> (artifact id: '05c359a46246dfe6c2671513c08fdd41') in 0.013059 seconds
Number of updated asset objects reloaded before import = 0
Number of asset objects unloaded after import = 1
========================================================================
Received Import Request.
  Time since last request: 0.000009 seconds.
  path: Assets/PlayMaker/Actions/GameObject/GetRoot.cs
  artifactKey: Guid(46d883c3dd43f0044ba8b4133f3a7b5a) Importer(2089858483,0ecaa5967403d082aa24f35e1b516d23)
Start importing Assets/PlayMaker/Actions/GameObject/GetRoot.cs using Guid(46d883c3dd43f0044ba8b4133f3a7b5a) Importer(2089858483,0ecaa5967403d082aa24f35e1b516d23)  -> (artifact id: 'c038f119c958b2c91137b48ff4248bc0') in 0.010710 seconds
Number of updated asset objects reloaded before import = 0
Number of asset objects unloaded after import = 1
========================================================================
Received Import Request.
  Time since last request: 0.000010 seconds.
  path: Assets/PlayMaker/Actions/Input/MouseLook2.cs
  artifactKey: Guid(917ad6be8c2f4ef4ba0cdda783e0a581) Importer(2089858483,0ecaa5967403d082aa24f35e1b516d23)
Start importing Assets/PlayMaker/Actions/Input/MouseLook2.cs using Guid(917ad6be8c2f4ef4ba0cdda783e0a581) Importer(2089858483,0ecaa5967403d082aa24f35e1b516d23)  -> (artifact id: 'eae703f835f8d7de1450b5d69cf405ae') in 0.015411 seconds
Number of updated asset objects reloaded before import = 0
Number of asset objects unloaded after import = 1
========================================================================
Received Import Request.
  Time since last request: 0.000010 seconds.
  path: Assets/PlayMaker/Actions/Convert/ConvertIntToString.cs
  artifactKey: Guid(a57adc7ae10e64947af9dfd85a4b0b7b) Importer(2089858483,0ecaa5967403d082aa24f35e1b516d23)
Start importing Assets/PlayMaker/Actions/Convert/ConvertIntToString.cs using Guid(a57adc7ae10e64947af9dfd85a4b0b7b) Importer(2089858483,0ecaa5967403d082aa24f35e1b516d23)  -> (artifact id: 'c84bb1862725d74b8f8164c17626f13f') in 0.011501 seconds
Number of updated asset objects reloaded before import = 0
Number of asset objects unloaded after import = 1
========================================================================
Received Import Request.
  Time since last request: 1.069377 seconds.
  path: Assets/PlayMaker/Actions/Logic/ColorCompare.cs
  artifactKey: Guid(940dbb49a26d6d04f9ed9e92227e227c) Importer(2089858483,0ecaa5967403d082aa24f35e1b516d23)
Start importing Assets/PlayMaker/Actions/Logic/ColorCompare.cs using Guid(940dbb49a26d6d04f9ed9e92227e227c) Importer(2089858483,0ecaa5967403d082aa24f35e1b516d23)  -> (artifact id: 'a9cbcd28fa40c3d6eb6422ddb0962e0d') in 0.023497 seconds
Number of updated asset objects reloaded before import = 0
Number of asset objects unloaded after import = 1
========================================================================
Received Import Request.
  Time since last request: 0.000160 seconds.
  path: Assets/PlayMaker/Actions/Logic/FsmStateSwitch.cs
  artifactKey: Guid(20cdf56e450bf394ea813472c630dab2) Importer(2089858483,0ecaa5967403d082aa24f35e1b516d23)
Start importing Assets/PlayMaker/Actions/Logic/FsmStateSwitch.cs using Guid(20cdf56e450bf394ea813472c630dab2) Importer(2089858483,0ecaa5967403d082aa24f35e1b516d23)  -> (artifact id: 'd171d8f256ce67d2456b755cb205330a') in 0.013385 seconds
Number of updated asset objects reloaded before import = 0
Number of asset objects unloaded after import = 1
========================================================================
Received Import Request.
  Time since last request: 0.000016 seconds.
  path: Assets/PlayMaker/Actions/Physics/AddExplosionForce.cs
  artifactKey: Guid(4646286250465e744b99a313370fda17) Importer(2089858483,0ecaa5967403d082aa24f35e1b516d23)
Start importing Assets/PlayMaker/Actions/Physics/AddExplosionForce.cs using Guid(4646286250465e744b99a313370fda17) Importer(2089858483,0ecaa5967403d082aa24f35e1b516d23)  -> (artifact id: 'c5835f0e8a980794dd17d88fe52fd6c6') in 0.015387 seconds
Number of updated asset objects reloaded before import = 0
Number of asset objects unloaded after import = 1
========================================================================
Received Import Request.
  Time since last request: 0.000011 seconds.
  path: Assets/PlayMaker/Actions/Math/SetFloatValue.cs
  artifactKey: Guid(d61549e2ee237ae4e9aa9e73d547c3fc) Importer(2089858483,0ecaa5967403d082aa24f35e1b516d23)
Start importing Assets/PlayMaker/Actions/Math/SetFloatValue.cs using Guid(d61549e2ee237ae4e9aa9e73d547c3fc) Importer(2089858483,0ecaa5967403d082aa24f35e1b516d23)  -> (artifact id: 'a3a5b117a8fbe1a8abbb305a95efbc8a') in 0.012660 seconds
Number of updated asset objects reloaded before import = 0
Number of asset objects unloaded after import = 1
========================================================================
Received Import Request.
  Time since last request: 0.000009 seconds.
  path: Assets/PlayMaker/Actions/Physics2D/GetNextOverlapPoint2d.cs
  artifactKey: Guid(a5fdbda89cf314991b58ea3e6b4eee19) Importer(2089858483,0ecaa5967403d082aa24f35e1b516d23)
Start importing Assets/PlayMaker/Actions/Physics2D/GetNextOverlapPoint2d.cs using Guid(a5fdbda89cf314991b58ea3e6b4eee19) Importer(2089858483,0ecaa5967403d082aa24f35e1b516d23)  -> (artifact id: '7b3cfd6610835ecbb8b09b15b7c2b00e') in 0.014226 seconds
Number of updated asset objects reloaded before import = 0
Number of asset objects unloaded after import = 1
========================================================================
Received Import Request.
  Time since last request: 0.000009 seconds.
  path: Assets/PlayMaker/Actions/Logic/GameObjectIsChildOf.cs
  artifactKey: Guid(9cd05436dc89657409bb2199a60b8e0d) Importer(2089858483,0ecaa5967403d082aa24f35e1b516d23)
Start importing Assets/PlayMaker/Actions/Logic/GameObjectIsChildOf.cs using Guid(9cd05436dc89657409bb2199a60b8e0d) Importer(2089858483,0ecaa5967403d082aa24f35e1b516d23)  -> (artifact id: '5bf6382b45693778ed0a6018c936ad99') in 0.015676 seconds
Number of updated asset objects reloaded before import = 0
Number of asset objects unloaded after import = 1
========================================================================
Received Import Request.
  Time since last request: 0.000010 seconds.
  path: Assets/PlayMaker/Actions/Math/IntAdd.cs
  artifactKey: Guid(1fda73f7935c7864c8ac48592bafa1af) Importer(2089858483,0ecaa5967403d082aa24f35e1b516d23)
Start importing Assets/PlayMaker/Actions/Math/IntAdd.cs using Guid(1fda73f7935c7864c8ac48592bafa1af) Importer(2089858483,0ecaa5967403d082aa24f35e1b516d23)  -> (artifact id: '3f92aee8ca87f32bd4485737eb69ff86') in 0.011042 seconds
Number of updated asset objects reloaded before import = 0
Number of asset objects unloaded after import = 1
========================================================================
Received Import Request.
  Time since last request: 0.000027 seconds.
  path: Assets/PlayMaker/Actions/ProceduralMaterial/SetProceduralColor.cs
  artifactKey: Guid(eebd12105255908429bd2e1f76645756) Importer(2089858483,0ecaa5967403d082aa24f35e1b516d23)
Start importing Assets/PlayMaker/Actions/ProceduralMaterial/SetProceduralColor.cs using Guid(eebd12105255908429bd2e1f76645756) Importer(2089858483,0ecaa5967403d082aa24f35e1b516d23)  -> (artifact id: '46574000c3431c940db0f96ebdb7d01d') in 0.013292 seconds
Number of updated asset objects reloaded before import = 0
Number of asset objects unloaded after import = 1
========================================================================
Received Import Request.
  Time since last request: 0.000009 seconds.
  path: Assets/PlayMaker/Actions/Physics2D/Sleep2d.cs
  artifactKey: Guid(0660988017b964055a4f2c8f4ea48a2c) Importer(2089858483,0ecaa5967403d082aa24f35e1b516d23)
Start importing Assets/PlayMaker/Actions/Physics2D/Sleep2d.cs using Guid(0660988017b964055a4f2c8f4ea48a2c) Importer(2089858483,0ecaa5967403d082aa24f35e1b516d23)  -> (artifact id: 'd73b7d7c6733052a28739c1868893120') in 0.013540 seconds
Number of updated asset objects reloaded before import = 0
Number of asset objects unloaded after import = 1
========================================================================
Received Import Request.
  Time since last request: 0.000009 seconds.
  path: Assets/PlayMaker/Actions/Math/FloatOperator.cs
  artifactKey: Guid(9ce19b54bb8fac84f887039b47e758ec) Importer(2089858483,0ecaa5967403d082aa24f35e1b516d23)
Start importing Assets/PlayMaker/Actions/Math/FloatOperator.cs using Guid(9ce19b54bb8fac84f887039b47e758ec) Importer(2089858483,0ecaa5967403d082aa24f35e1b516d23)  -> (artifact id: '450a0b169465b28186e71ae95b53b46b') in 0.013331 seconds
Number of updated asset objects reloaded before import = 0
Number of asset objects unloaded after import = 1
========================================================================
Received Import Request.
  Time since last request: 0.000009 seconds.
  path: Assets/PlayMaker/Actions/Logic/GameObjectCompare.cs
  artifactKey: Guid(8d4a3389d8a0c344faf105a37e5e990b) Importer(2089858483,0ecaa5967403d082aa24f35e1b516d23)
Start importing Assets/PlayMaker/Actions/Logic/GameObjectCompare.cs using Guid(8d4a3389d8a0c344faf105a37e5e990b) Importer(2089858483,0ecaa5967403d082aa24f35e1b516d23)  -> (artifact id: '71d7894df2667803ed183f1f7b1b443c') in 0.013173 seconds
Number of updated asset objects reloaded before import = 0
Number of asset objects unloaded after import = 1
========================================================================
Received Import Request.
  Time since last request: 0.000010 seconds.
  path: Assets/PlayMaker/Actions/Quaternion/QuaternionLerp.cs
  artifactKey: Guid(c8fb9a75de503405bafbc360167a41f3) Importer(2089858483,0ecaa5967403d082aa24f35e1b516d23)
Start importing Assets/PlayMaker/Actions/Quaternion/QuaternionLerp.cs using Guid(c8fb9a75de503405bafbc360167a41f3) Importer(2089858483,0ecaa5967403d082aa24f35e1b516d23)  -> (artifact id: '4deecec35552d5c59258e24625de76df') in 0.014181 seconds
Number of updated asset objects reloaded before import = 0
Number of asset objects unloaded after import = 1
========================================================================
Received Import Request.
  Time since last request: 0.000028 seconds.
  path: Assets/PlayMaker/Actions/Logic/Vector2Compare.cs
  artifactKey: Guid(ea28b7bc89523a840b0f8ba9be8fd8d4) Importer(2089858483,0ecaa5967403d082aa24f35e1b516d23)
Start importing Assets/PlayMaker/Actions/Logic/Vector2Compare.cs using Guid(ea28b7bc89523a840b0f8ba9be8fd8d4) Importer(2089858483,0ecaa5967403d082aa24f35e1b516d23)  -> (artifact id: 'cf6e07541c01dabbe03ff7f8687ef21a') in 0.016893 seconds
Number of updated asset objects reloaded before import = 0
Number of asset objects unloaded after import = 1
========================================================================
Received Import Request.
  Time since last request: 0.000010 seconds.
  path: Assets/PlayMaker/Actions/RectTransform/RectTransformGetAnchorMax.cs
  artifactKey: Guid(62c4fca36b7724c0492d4338dadfd69a) Importer(2089858483,0ecaa5967403d082aa24f35e1b516d23)
Start importing Assets/PlayMaker/Actions/RectTransform/RectTransformGetAnchorMax.cs using Guid(62c4fca36b7724c0492d4338dadfd69a) Importer(2089858483,0ecaa5967403d082aa24f35e1b516d23)  -> (artifact id: '78917cea32dba45799774b7a2c67e648') in 0.016515 seconds
Number of updated asset objects reloaded before import = 0
Number of asset objects unloaded after import = 1
========================================================================
Received Import Request.
  Time since last request: 0.000010 seconds.
  path: Assets/PlayMaker/Actions/Physics/WakeAllRigidBodies.cs
  artifactKey: Guid(ce2109e54235fa04d94f4dd2ac2228d7) Importer(2089858483,0ecaa5967403d082aa24f35e1b516d23)
Start importing Assets/PlayMaker/Actions/Physics/WakeAllRigidBodies.cs using Guid(ce2109e54235fa04d94f4dd2ac2228d7) Importer(2089858483,0ecaa5967403d082aa24f35e1b516d23)  -> (artifact id: '11253636794aa0330b1e325fe36ac9b3') in 0.016040 seconds
Number of updated asset objects reloaded before import = 0
Number of asset objects unloaded after import = 1
========================================================================
Received Import Request.
  Time since last request: 0.000010 seconds.
  path: Assets/PlayMaker/Actions/Physics2D/SetIsFixedAngle2d.cs
  artifactKey: Guid(163a4c6c323834651b53b6165c36392e) Importer(2089858483,0ecaa5967403d082aa24f35e1b516d23)
Start importing Assets/PlayMaker/Actions/Physics2D/SetIsFixedAngle2d.cs using Guid(163a4c6c323834651b53b6165c36392e) Importer(2089858483,0ecaa5967403d082aa24f35e1b516d23)  -> (artifact id: 'b4e148894d05f42f9d0bb47a03b98c26') in 0.014716 seconds
Number of updated asset objects reloaded before import = 0
Number of asset objects unloaded after import = 1
========================================================================
Received Import Request.
  Time since last request: 0.000028 seconds.
  path: Assets/PlayMaker/Actions/Physics2D/WakeAllRigidBodies2d.cs
  artifactKey: Guid(3173d61ebbbc544d3964fd6488da8c4d) Importer(2089858483,0ecaa5967403d082aa24f35e1b516d23)
Start importing Assets/PlayMaker/Actions/Physics2D/WakeAllRigidBodies2d.cs using Guid(3173d61ebbbc544d3964fd6488da8c4d) Importer(2089858483,0ecaa5967403d082aa24f35e1b516d23)  -> (artifact id: 'bd78bb6737cf28d17ec7c470d5adecea') in 0.015489 seconds
Number of updated asset objects reloaded before import = 0
Number of asset objects unloaded after import = 1
========================================================================
Received Import Request.
  Time since last request: 0.000010 seconds.
  path: Assets/PlayMaker/Actions/Physics/SetJointConnectedBody.cs
  artifactKey: Guid(054c73a768a9deb4d9d225f0dd1b6f34) Importer(2089858483,0ecaa5967403d082aa24f35e1b516d23)
Start importing Assets/PlayMaker/Actions/Physics/SetJointConnectedBody.cs using Guid(054c73a768a9deb4d9d225f0dd1b6f34) Importer(2089858483,0ecaa5967403d082aa24f35e1b516d23)  -> (artifact id: '2e3e062dbb70d0e1a84a320b3616c7a1') in 0.018217 seconds
Number of updated asset objects reloaded before import = 0
Number of asset objects unloaded after import = 1
========================================================================
Received Import Request.
  Time since last request: 0.000012 seconds.
  path: Assets/PlayMaker/Actions/RectTransform/RectTransformGetOffsetMax.cs
  artifactKey: Guid(921c6be49b81d4087ba7ff0f115739ac) Importer(2089858483,0ecaa5967403d082aa24f35e1b516d23)
Start importing Assets/PlayMaker/Actions/RectTransform/RectTransformGetOffsetMax.cs using Guid(921c6be49b81d4087ba7ff0f115739ac) Importer(2089858483,0ecaa5967403d082aa24f35e1b516d23)  -> (artifact id: 'f3bf64c482d73197dc67f520857a74e6') in 0.018513 seconds
Number of updated asset objects reloaded before import = 0
Number of asset objects unloaded after import = 1
========================================================================
Received Import Request.
  Time since last request: 0.000012 seconds.
  path: Assets/PlayMaker/Actions/Material/SetRandomMaterial.cs
  artifactKey: Guid(4d27db5568595374abb4629346811b05) Importer(2089858483,0ecaa5967403d082aa24f35e1b516d23)
Start importing Assets/PlayMaker/Actions/Material/SetRandomMaterial.cs using Guid(4d27db5568595374abb4629346811b05) Importer(2089858483,0ecaa5967403d082aa24f35e1b516d23)  -> (artifact id: '72c2b4c7deec45a3f904902b59c2ceae') in 0.017491 seconds
Number of updated asset objects reloaded before import = 0
Number of asset objects unloaded after import = 1
========================================================================
Received Import Request.
  Time since last request: 0.000009 seconds.
  path: Assets/PlayMaker/Actions/PlayerPrefs/PlayerPrefsGetInt.cs
  artifactKey: Guid(45fa0089337d34a1a907acd12ae1ec66) Importer(2089858483,0ecaa5967403d082aa24f35e1b516d23)
Start importing Assets/PlayMaker/Actions/PlayerPrefs/PlayerPrefsGetInt.cs using Guid(45fa0089337d34a1a907acd12ae1ec66) Importer(2089858483,0ecaa5967403d082aa24f35e1b516d23)  -> (artifact id: 'a401dc6091925dda9d30f773ce91306b') in 0.019508 seconds
Number of updated asset objects reloaded before import = 0
Number of asset objects unloaded after import = 1
========================================================================
Received Import Request.
  Time since last request: 0.000010 seconds.
  path: Assets/PlayMaker/Actions/Physics/AddTorque.cs
  artifactKey: Guid(d610dcc6fcb188943808607777423c4f) Importer(2089858483,0ecaa5967403d082aa24f35e1b516d23)
Start importing Assets/PlayMaker/Actions/Physics/AddTorque.cs using Guid(d610dcc6fcb188943808607777423c4f) Importer(2089858483,0ecaa5967403d082aa24f35e1b516d23)  -> (artifact id: '0cf912c1eb09ff3b73c5cf7fe11477ef') in 0.013774 seconds
Number of updated asset objects reloaded before import = 0
Number of asset objects unloaded after import = 1
========================================================================
Received Import Request.
  Time since last request: 0.000015 seconds.
  path: Assets/PlayMaker/Actions/PlayerInput/PlayerInputEnableActionMap.cs
  artifactKey: Guid(febd16f3c68005640821d0e13cb4d197) Importer(2089858483,0ecaa5967403d082aa24f35e1b516d23)
Start importing Assets/PlayMaker/Actions/PlayerInput/PlayerInputEnableActionMap.cs using Guid(febd16f3c68005640821d0e13cb4d197) Importer(2089858483,0ecaa5967403d082aa24f35e1b516d23)  -> (artifact id: '8e8f5b78f4e797f44b1ebd663a1a0e9d') in 0.018081 seconds
Number of updated asset objects reloaded before import = 0
Number of asset objects unloaded after import = 1
========================================================================
Received Import Request.
  Time since last request: 0.000009 seconds.
  path: Assets/PlayMaker/Actions/Physics2D/SetMass2d.cs
  artifactKey: Guid(6b165ecceb37e450e82a58ba6bd21853) Importer(2089858483,0ecaa5967403d082aa24f35e1b516d23)
Start importing Assets/PlayMaker/Actions/Physics2D/SetMass2d.cs using Guid(6b165ecceb37e450e82a58ba6bd21853) Importer(2089858483,0ecaa5967403d082aa24f35e1b516d23)  -> (artifact id: '39151dc39ced7ca2a711d3736001dd93') in 0.015894 seconds
Number of updated asset objects reloaded before import = 0
Number of asset objects unloaded after import = 1
========================================================================
Received Import Request.
  Time since last request: 0.000010 seconds.
  path: Assets/PlayMaker/Actions/Material/GetMaterial.cs
  artifactKey: Guid(77990142c9a8a824a895f46131a474f7) Importer(2089858483,0ecaa5967403d082aa24f35e1b516d23)
Start importing Assets/PlayMaker/Actions/Material/GetMaterial.cs using Guid(77990142c9a8a824a895f46131a474f7) Importer(2089858483,0ecaa5967403d082aa24f35e1b516d23)  -> (artifact id: '720215c1d16ac4f0c81a2759353fd39d') in 0.016862 seconds
Number of updated asset objects reloaded before import = 0
Number of asset objects unloaded after import = 1
========================================================================
Received Import Request.
  Time since last request: 0.000008 seconds.
  path: Assets/PlayMaker/Actions/Math/FloatAdd.cs
  artifactKey: Guid(a0ffdc9f499e2c84fa4d1fb276692d35) Importer(2089858483,0ecaa5967403d082aa24f35e1b516d23)
Start importing Assets/PlayMaker/Actions/Math/FloatAdd.cs using Guid(a0ffdc9f499e2c84fa4d1fb276692d35) Importer(2089858483,0ecaa5967403d082aa24f35e1b516d23)  -> (artifact id: '6b916cbc2e707eb6ee79bdd8ae920782') in 0.012498 seconds
Number of updated asset objects reloaded before import = 0
Number of asset objects unloaded after import = 1
========================================================================
Received Import Request.
  Time since last request: 0.000011 seconds.
  path: Assets/PlayMaker/Actions/Physics2D/GetVelocity2d.cs
  artifactKey: Guid(c6c7f18245c1945cd87f8f62e48df25f) Importer(2089858483,0ecaa5967403d082aa24f35e1b516d23)
Start importing Assets/PlayMaker/Actions/Physics2D/GetVelocity2d.cs using Guid(c6c7f18245c1945cd87f8f62e48df25f) Importer(2089858483,0ecaa5967403d082aa24f35e1b516d23)  -> (artifact id: '782bde49e3ff4aeb5648fa20b9034640') in 0.017472 seconds
Number of updated asset objects reloaded before import = 0
Number of asset objects unloaded after import = 1
========================================================================
Received Import Request.
  Time since last request: 0.000009 seconds.
  path: Assets/PlayMaker/Actions/RectTransform/RectTransformScreenPointToWorldPointInRectangle.cs
  artifactKey: Guid(fa9e7f797ef274a9ba6e1f0397bb78c4) Importer(2089858483,0ecaa5967403d082aa24f35e1b516d23)
Start importing Assets/PlayMaker/Actions/RectTransform/RectTransformScreenPointToWorldPointInRectangle.cs using Guid(fa9e7f797ef274a9ba6e1f0397bb78c4) Importer(2089858483,0ecaa5967403d082aa24f35e1b516d23)  -> (artifact id: 'c310d03912061b09619677af3d9a65c8') in 0.019639 seconds
Number of updated asset objects reloaded before import = 0
Number of asset objects unloaded after import = 1
========================================================================
Received Import Request.
  Time since last request: 0.000014 seconds.
  path: Assets/PlayMaker/Actions/Quaternion/QuaternionCompare.cs
  artifactKey: Guid(109faef134f274d3c8f0073c027ec212) Importer(2089858483,0ecaa5967403d082aa24f35e1b516d23)
Start importing Assets/PlayMaker/Actions/Quaternion/QuaternionCompare.cs using Guid(109faef134f274d3c8f0073c027ec212) Importer(2089858483,0ecaa5967403d082aa24f35e1b516d23)  -> (artifact id: 'f3b0200d7190692657cf45bd41f20a68') in 0.013754 seconds
Number of updated asset objects reloaded before import = 0
Number of asset objects unloaded after import = 1
========================================================================
Received Import Request.
  Time since last request: 0.816624 seconds.
  path: Assets/PlayMaker/Actions/RectTransform/RectTransformSetAnchorRectPosition.cs
  artifactKey: Guid(3a943d0ac6a074637bd0f922808b7be8) Importer(2089858483,0ecaa5967403d082aa24f35e1b516d23)
Start importing Assets/PlayMaker/Actions/RectTransform/RectTransformSetAnchorRectPosition.cs using Guid(3a943d0ac6a074637bd0f922808b7be8) Importer(2089858483,0ecaa5967403d082aa24f35e1b516d23)  -> (artifact id: '5af794b1d2c829b8e104645e7819cac1') in 0.029975 seconds
Number of updated asset objects reloaded before import = 0
Number of asset objects unloaded after import = 1
========================================================================
Received Import Request.
  Time since last request: 0.000051 seconds.
  path: Assets/PlayMaker/Actions/StateMachine/GetEventBoolData.cs
  artifactKey: Guid(cfbd05b45737cd240a172bc0eee8cdd8) Importer(2089858483,0ecaa5967403d082aa24f35e1b516d23)
Start importing Assets/PlayMaker/Actions/StateMachine/GetEventBoolData.cs using Guid(cfbd05b45737cd240a172bc0eee8cdd8) Importer(2089858483,0ecaa5967403d082aa24f35e1b516d23)  -> (artifact id: '251c22c37200bce18283fd580c7ae66e') in 0.014661 seconds
Number of updated asset objects reloaded before import = 0
Number of asset objects unloaded after import = 1
========================================================================
Received Import Request.
  Time since last request: 0.000010 seconds.
  path: Assets/PlayMaker/Actions/UI/UiTextGetText.cs
  artifactKey: Guid(23aa259343155514da5372771520845f) Importer(2089858483,0ecaa5967403d082aa24f35e1b516d23)
Start importing Assets/PlayMaker/Actions/UI/UiTextGetText.cs using Guid(23aa259343155514da5372771520845f) Importer(2089858483,0ecaa5967403d082aa24f35e1b516d23)  -> (artifact id: '0cd48007139a91f83bf64b6b4164e5e1') in 0.013088 seconds
Number of updated asset objects reloaded before import = 0
Number of asset objects unloaded after import = 1
========================================================================
Received Import Request.
  Time since last request: 0.000022 seconds.
  path: Assets/PlayMaker/Actions/SceneManager/SetActiveScene.cs
  artifactKey: Guid(be6a8393d2b754f708a4e2f8f640d475) Importer(2089858483,0ecaa5967403d082aa24f35e1b516d23)
Start importing Assets/PlayMaker/Actions/SceneManager/SetActiveScene.cs using Guid(be6a8393d2b754f708a4e2f8f640d475) Importer(2089858483,0ecaa5967403d082aa24f35e1b516d23)  -> (artifact id: 'b0c6df5b4fdbd0ab0b7c6a67cb1e7ead') in 0.014387 seconds
Number of updated asset objects reloaded before import = 0
Number of asset objects unloaded after import = 1
========================================================================
Received Import Request.
  Time since last request: 0.000010 seconds.
  path: Assets/PlayMaker/Actions/Transform/SetPosition2d.cs
  artifactKey: Guid(cfc739006359cd24ba1ad9ee7b4057ba) Importer(2089858483,0ecaa5967403d082aa24f35e1b516d23)
Start importing Assets/PlayMaker/Actions/Transform/SetPosition2d.cs using Guid(cfc739006359cd24ba1ad9ee7b4057ba) Importer(2089858483,0ecaa5967403d082aa24f35e1b516d23)  -> (artifact id: '76ed9009d586e9e8d684efa81ccef33c') in 0.013890 seconds
Number of updated asset objects reloaded before import = 0
Number of asset objects unloaded after import = 1
========================================================================
Received Import Request.
  Time since last request: 0.000016 seconds.
  path: Assets/PlayMaker/Actions/Vector2/Vector2SnapToGrid.cs
  artifactKey: Guid(8425b451114432d459331a918ae5cddc) Importer(2089858483,0ecaa5967403d082aa24f35e1b516d23)
Start importing Assets/PlayMaker/Actions/Vector2/Vector2SnapToGrid.cs using Guid(8425b451114432d459331a918ae5cddc) Importer(2089858483,0ecaa5967403d082aa24f35e1b516d23)  -> (artifact id: '4977a7d436d1d374232475f52c896ab6') in 0.016355 seconds
Number of updated asset objects reloaded before import = 0
Number of asset objects unloaded after import = 1
========================================================================
Received Import Request.
  Time since last request: 0.000018 seconds.
  path: Assets/PlayMaker/Actions/Vector2/Vector2AddXY.cs
  artifactKey: Guid(5755e237ef15847b1b87b8857345d126) Importer(2089858483,0ecaa5967403d082aa24f35e1b516d23)
Start importing Assets/PlayMaker/Actions/Vector2/Vector2AddXY.cs using Guid(5755e237ef15847b1b87b8857345d126) Importer(2089858483,0ecaa5967403d082aa24f35e1b516d23)  -> (artifact id: 'f2605fbeed3fa9776c1f7d0ca17aabbe') in 0.014127 seconds
Number of updated asset objects reloaded before import = 0
Number of asset objects unloaded after import = 1
========================================================================
Received Import Request.
  Time since last request: 0.000009 seconds.
  path: Assets/PlayMaker/Actions/Transform/GetPosition2d.cs
  artifactKey: Guid(c20e3413e3859224f9c45cd1bbcbab21) Importer(2089858483,0ecaa5967403d082aa24f35e1b516d23)
Start importing Assets/PlayMaker/Actions/Transform/GetPosition2d.cs using Guid(c20e3413e3859224f9c45cd1bbcbab21) Importer(2089858483,0ecaa5967403d082aa24f35e1b516d23)  -> (artifact id: '90d9a8da25e705333630ae3965ee6266') in 0.014165 seconds
Number of updated asset objects reloaded before import = 0
Number of asset objects unloaded after import = 1
========================================================================
Received Import Request.
  Time since last request: 0.000009 seconds.
  path: Assets/PlayMaker/Actions/Vector3/Vector3AddXYZ.cs
  artifactKey: Guid(04a3c6d4bfd04f3409f9b822241251bc) Importer(2089858483,0ecaa5967403d082aa24f35e1b516d23)
Start importing Assets/PlayMaker/Actions/Vector3/Vector3AddXYZ.cs using Guid(04a3c6d4bfd04f3409f9b822241251bc) Importer(2089858483,0ecaa5967403d082aa24f35e1b516d23)  -> (artifact id: '49d696a11d80a8f713bdc12344b9d133') in 0.013305 seconds
Number of updated asset objects reloaded before import = 0
Number of asset objects unloaded after import = 1
========================================================================
Received Import Request.
  Time since last request: 0.000009 seconds.
  path: Assets/PlayMaker/Actions/Vector3/Vector3Interpolate.cs
  artifactKey: Guid(f89b9214e3b15c540a096bd4ba7e22d9) Importer(2089858483,0ecaa5967403d082aa24f35e1b516d23)
Start importing Assets/PlayMaker/Actions/Vector3/Vector3Interpolate.cs using Guid(f89b9214e3b15c540a096bd4ba7e22d9) Importer(2089858483,0ecaa5967403d082aa24f35e1b516d23)  -> (artifact id: '662ebb09a01f6645a07230958f1524e4') in 0.014165 seconds
Number of updated asset objects reloaded before import = 0
Number of asset objects unloaded after import = 1
========================================================================
Received Import Request.
  Time since last request: 0.000055 seconds.
  path: Assets/PlayMaker/Actions/Transform/SimpleLook.cs
  artifactKey: Guid(9ddcc8440a7289e4e8ca97b55e9150b1) Importer(2089858483,0ecaa5967403d082aa24f35e1b516d23)
Start importing Assets/PlayMaker/Actions/Transform/SimpleLook.cs using Guid(9ddcc8440a7289e4e8ca97b55e9150b1) Importer(2089858483,0ecaa5967403d082aa24f35e1b516d23)  -> (artifact id: '802ac4a85d90357f5b24a8cef7eddf87') in 0.015279 seconds
Number of updated asset objects reloaded before import = 0
Number of asset objects unloaded after import = 1
========================================================================
Received Import Request.
  Time since last request: 0.000010 seconds.
  path: Assets/PlayMaker/Actions/UI/UiScrollbarSetNumberOfSteps.cs
  artifactKey: Guid(49837792204a59e46adf9938a41c8e46) Importer(2089858483,0ecaa5967403d082aa24f35e1b516d23)
Start importing Assets/PlayMaker/Actions/UI/UiScrollbarSetNumberOfSteps.cs using Guid(49837792204a59e46adf9938a41c8e46) Importer(2089858483,0ecaa5967403d082aa24f35e1b516d23)  -> (artifact id: '01366ebce685d3034e500fad82df66b5') in 0.013221 seconds
Number of updated asset objects reloaded before import = 0
Number of asset objects unloaded after import = 1
========================================================================
Received Import Request.
  Time since last request: 0.000009 seconds.
  path: Assets/PlayMaker/Actions/SpriteRenderer/SetSpriteColor.cs
  artifactKey: Guid(a2640985419871548877fc416c8f3e58) Importer(2089858483,0ecaa5967403d082aa24f35e1b516d23)
Start importing Assets/PlayMaker/Actions/SpriteRenderer/SetSpriteColor.cs using Guid(a2640985419871548877fc416c8f3e58) Importer(2089858483,0ecaa5967403d082aa24f35e1b516d23)  -> (artifact id: '93d684ce96e45f18250a9488f966ff66') in 0.012919 seconds
Number of updated asset objects reloaded before import = 0
Number of asset objects unloaded after import = 1
========================================================================
Received Import Request.
  Time since last request: 0.000046 seconds.
  path: Assets/PlayMaker/Actions/Tween/TweenRotation.cs
  artifactKey: Guid(d5fef3dc0c514c7478b88a92de89b75c) Importer(2089858483,0ecaa5967403d082aa24f35e1b516d23)
Start importing Assets/PlayMaker/Actions/Tween/TweenRotation.cs using Guid(d5fef3dc0c514c7478b88a92de89b75c) Importer(2089858483,0ecaa5967403d082aa24f35e1b516d23)  -> (artifact id: '8307f93762eea218eb88c923e5d28633') in 0.012328 seconds
Number of updated asset objects reloaded before import = 0
Number of asset objects unloaded after import = 1
========================================================================
Received Import Request.
  Time since last request: 0.000009 seconds.
  path: Assets/PlayMaker/Actions/RenderSettings/SetSkybox.cs
  artifactKey: Guid(928fc049037e6ed449289cc393fbc2c0) Importer(2089858483,0ecaa5967403d082aa24f35e1b516d23)
Start importing Assets/PlayMaker/Actions/RenderSettings/SetSkybox.cs using Guid(928fc049037e6ed449289cc393fbc2c0) Importer(2089858483,0ecaa5967403d082aa24f35e1b516d23)  -> (artifact id: '2fedf1285c25b57a3c003ae3b3153791') in 0.016596 seconds
Number of updated asset objects reloaded before import = 0
Number of asset objects unloaded after import = 1
========================================================================
Received Import Request.
  Time since last request: 0.000010 seconds.
  path: Assets/PlayMaker/Actions/Vector3/Vector3Invert.cs
  artifactKey: Guid(160c9235249d02249ae944e0b2523e69) Importer(2089858483,0ecaa5967403d082aa24f35e1b516d23)
Start importing Assets/PlayMaker/Actions/Vector3/Vector3Invert.cs using Guid(160c9235249d02249ae944e0b2523e69) Importer(2089858483,0ecaa5967403d082aa24f35e1b516d23)  -> (artifact id: '3d24417ca8c1362918dd5fa45f1c274c') in 0.014365 seconds
Number of updated asset objects reloaded before import = 0
Number of asset objects unloaded after import = 1
========================================================================
Received Import Request.
  Time since last request: 0.000010 seconds.
  path: Assets/PlayMaker/Actions/SceneManager/AllowSceneActivation.cs
  artifactKey: Guid(911d2fa2643584b6db0943fe49dbfff4) Importer(2089858483,0ecaa5967403d082aa24f35e1b516d23)
Start importing Assets/PlayMaker/Actions/SceneManager/AllowSceneActivation.cs using Guid(911d2fa2643584b6db0943fe49dbfff4) Importer(2089858483,0ecaa5967403d082aa24f35e1b516d23)  -> (artifact id: '784fbb2f2a7e98ff2583020caee19975') in 0.013974 seconds
Number of updated asset objects reloaded before import = 0
Number of asset objects unloaded after import = 1
========================================================================
Received Import Request.
  Time since last request: 0.000009 seconds.
  path: Assets/PlayMaker/Actions/StateMachine/SequenceEvent.cs
  artifactKey: Guid(36cebf3c20367d04ab464546dbfe2267) Importer(2089858483,0ecaa5967403d082aa24f35e1b516d23)
Start importing Assets/PlayMaker/Actions/StateMachine/SequenceEvent.cs using Guid(36cebf3c20367d04ab464546dbfe2267) Importer(2089858483,0ecaa5967403d082aa24f35e1b516d23)  -> (artifact id: 'e85ab0a1022710122cffbe4ecce8c990') in 0.011642 seconds
Number of updated asset objects reloaded before import = 0
Number of asset objects unloaded after import = 1
========================================================================
Received Import Request.
  Time since last request: 0.000009 seconds.
  path: Assets/PlayMaker/Actions/UI/UiInputFieldOnValueChangeEvent.cs
  artifactKey: Guid(21176bf84b642c943bdbbca3bf927c82) Importer(2089858483,0ecaa5967403d082aa24f35e1b516d23)
Start importing Assets/PlayMaker/Actions/UI/UiInputFieldOnValueChangeEvent.cs using Guid(21176bf84b642c943bdbbca3bf927c82) Importer(2089858483,0ecaa5967403d082aa24f35e1b516d23)  -> (artifact id: 'f809a294c20f59c247cbba5dddda60ca') in 0.012678 seconds
Number of updated asset objects reloaded before import = 0
Number of asset objects unloaded after import = 1
========================================================================
Received Import Request.
  Time since last request: 0.000016 seconds.
  path: Assets/PlayMaker/Actions/StateMachine/RandomEvent.cs
  artifactKey: Guid(44d48efcf6f18084996147a88a4ffb12) Importer(2089858483,0ecaa5967403d082aa24f35e1b516d23)
Start importing Assets/PlayMaker/Actions/StateMachine/RandomEvent.cs using Guid(44d48efcf6f18084996147a88a4ffb12) Importer(2089858483,0ecaa5967403d082aa24f35e1b516d23)  -> (artifact id: 'd6dc11144f9eacf574d0bbafa256ae5f') in 0.014821 seconds
Number of updated asset objects reloaded before import = 0
Number of asset objects unloaded after import = 1
========================================================================
Received Import Request.
  Time since last request: 0.000012 seconds.
  path: Assets/PlayMaker/Actions/ScriptControl/InvokeMethod.cs
  artifactKey: Guid(3a2bdf72fb05ced4294cdb1c5f847fbb) Importer(2089858483,0ecaa5967403d082aa24f35e1b516d23)
Start importing Assets/PlayMaker/Actions/ScriptControl/InvokeMethod.cs using Guid(3a2bdf72fb05ced4294cdb1c5f847fbb) Importer(2089858483,0ecaa5967403d082aa24f35e1b516d23)  -> (artifact id: '6519d602cfff71bd2461dcae0f34161a') in 0.013944 seconds
Number of updated asset objects reloaded before import = 0
Number of asset objects unloaded after import = 1
========================================================================
Received Import Request.
  Time since last request: 0.000021 seconds.
  path: Assets/PlayMaker/Actions/UnityObject/SetObjectValue.cs
  artifactKey: Guid(54662ceb470b9404990da495672da27b) Importer(2089858483,0ecaa5967403d082aa24f35e1b516d23)
Start importing Assets/PlayMaker/Actions/UnityObject/SetObjectValue.cs using Guid(54662ceb470b9404990da495672da27b) Importer(2089858483,0ecaa5967403d082aa24f35e1b516d23)  -> (artifact id: 'a0d2ec479d937bafa0f6707966ba0954') in 0.014121 seconds
Number of updated asset objects reloaded before import = 0
Number of asset objects unloaded after import = 1
========================================================================
Received Import Request.
  Time since last request: 0.000011 seconds.
  path: Assets/PlayMaker/Actions/StateMachine/SendRandomEvent.cs
  artifactKey: Guid(c1ba25b9548a936458186692e85f3259) Importer(2089858483,0ecaa5967403d082aa24f35e1b516d23)
Start importing Assets/PlayMaker/Actions/StateMachine/SendRandomEvent.cs using Guid(c1ba25b9548a936458186692e85f3259) Importer(2089858483,0ecaa5967403d082aa24f35e1b516d23)  -> (artifact id: 'c30d2f6b057719cc42f9debf227baedc') in 0.014295 seconds
Number of updated asset objects reloaded before import = 0
Number of asset objects unloaded after import = 1
========================================================================
Received Import Request.
  Time since last request: 0.000027 seconds.
  path: Assets/PlayMaker/Actions/String/GetStringLeft.cs
  artifactKey: Guid(199c773473d95214b8c31de51d14dbd0) Importer(2089858483,0ecaa5967403d082aa24f35e1b516d23)
Start importing Assets/PlayMaker/Actions/String/GetStringLeft.cs using Guid(199c773473d95214b8c31de51d14dbd0) Importer(2089858483,0ecaa5967403d082aa24f35e1b516d23)  -> (artifact id: '49f65d4b2a006736b95158920269736d') in 0.015434 seconds
Number of updated asset objects reloaded before import = 0
Number of asset objects unloaded after import = 1
========================================================================
Received Import Request.
  Time since last request: 0.000009 seconds.
  path: Assets/PlayMaker/Actions/RenderSettings/EnableFog.cs
  artifactKey: Guid(d36d3bc3048b4bc4c88d96241817350f) Importer(2089858483,0ecaa5967403d082aa24f35e1b516d23)
Start importing Assets/PlayMaker/Actions/RenderSettings/EnableFog.cs using Guid(d36d3bc3048b4bc4c88d96241817350f) Importer(2089858483,0ecaa5967403d082aa24f35e1b516d23)  -> (artifact id: 'de73ccd3ae31bdd50431143f9a8ad6db') in 0.013732 seconds
Number of updated asset objects reloaded before import = 0
Number of asset objects unloaded after import = 1
========================================================================
Received Import Request.
  Time since last request: 0.000009 seconds.
  path: Assets/PlayMaker/Actions/RenderSettings/SetFogColor.cs
  artifactKey: Guid(c42fbae9cb61ffa4bbcc4725b19e802e) Importer(2089858483,0ecaa5967403d082aa24f35e1b516d23)
Start importing Assets/PlayMaker/Actions/RenderSettings/SetFogColor.cs using Guid(c42fbae9cb61ffa4bbcc4725b19e802e) Importer(2089858483,0ecaa5967403d082aa24f35e1b516d23)  -> (artifact id: '4d2ba8b53d0c21ee00ce2fdc585c6289') in 0.014061 seconds
Number of updated asset objects reloaded before import = 0
Number of asset objects unloaded after import = 1
========================================================================
Received Import Request.
  Time since last request: 0.000024 seconds.
  path: Assets/PlayMaker/Actions/Tween/TweenPunch.cs
  artifactKey: Guid(6f714b8da7d64744fbdda3ec0a7e15f4) Importer(2089858483,0ecaa5967403d082aa24f35e1b516d23)
Start importing Assets/PlayMaker/Actions/Tween/TweenPunch.cs using Guid(6f714b8da7d64744fbdda3ec0a7e15f4) Importer(2089858483,0ecaa5967403d082aa24f35e1b516d23)  -> (artifact id: '4dccd453d6bf1907c33f3dd9b5151279') in 0.012951 seconds
Number of updated asset objects reloaded before import = 0
Number of asset objects unloaded after import = 1
========================================================================
Received Import Request.
  Time since last request: 0.000011 seconds.
  path: Assets/PlayMaker/Actions/StateMachine/GetFsmColor.cs
  artifactKey: Guid(1dce27cb44453b74380717775cbf4bcf) Importer(2089858483,0ecaa5967403d082aa24f35e1b516d23)
Start importing Assets/PlayMaker/Actions/StateMachine/GetFsmColor.cs using Guid(1dce27cb44453b74380717775cbf4bcf) Importer(2089858483,0ecaa5967403d082aa24f35e1b516d23)  -> (artifact id: '98dc5e619812a40edc7afb764f8a5209') in 0.012925 seconds
Number of updated asset objects reloaded before import = 0
Number of asset objects unloaded after import = 1
========================================================================
Received Import Request.
  Time since last request: 0.000009 seconds.
  path: Assets/PlayMaker/Actions/String/BuildString.cs
  artifactKey: Guid(7b2ad575559473e4db421da96131de2d) Importer(2089858483,0ecaa5967403d082aa24f35e1b516d23)
Start importing Assets/PlayMaker/Actions/String/BuildString.cs using Guid(7b2ad575559473e4db421da96131de2d) Importer(2089858483,0ecaa5967403d082aa24f35e1b516d23)  -> (artifact id: '51d4b9c93fcd5d5468806af20a1a5f0f') in 0.014154 seconds
Number of updated asset objects reloaded before import = 0
Number of asset objects unloaded after import = 1
========================================================================
Received Import Request.
  Time since last request: 0.000010 seconds.
  path: Assets/PlayMaker/Actions/StateMachine/GetFsmMaterial.cs
  artifactKey: Guid(6b1ca2bc76bd8cc48bc89bd3b995d3a9) Importer(2089858483,0ecaa5967403d082aa24f35e1b516d23)
Start importing Assets/PlayMaker/Actions/StateMachine/GetFsmMaterial.cs using Guid(6b1ca2bc76bd8cc48bc89bd3b995d3a9) Importer(2089858483,0ecaa5967403d082aa24f35e1b516d23)  -> (artifact id: '3ca32f3433d4187c5a9a58e7a91a3ae8') in 0.015078 seconds
Number of updated asset objects reloaded before import = 0
Number of asset objects unloaded after import = 1
========================================================================
Received Import Request.
  Time since last request: 0.000010 seconds.
  path: Assets/PlayMaker/Actions/UI/UiToggleGetIsOn.cs
  artifactKey: Guid(0656aa83464169b4da80db4764165f72) Importer(2089858483,0ecaa5967403d082aa24f35e1b516d23)
Start importing Assets/PlayMaker/Actions/UI/UiToggleGetIsOn.cs using Guid(0656aa83464169b4da80db4764165f72) Importer(2089858483,0ecaa5967403d082aa24f35e1b516d23)  -> (artifact id: '9d9fc805b6107b0831a2a4e2ea4b80df') in 0.018298 seconds
Number of updated asset objects reloaded before import = 0
Number of asset objects unloaded after import = 1
========================================================================
Received Import Request.
  Time since last request: 0.000011 seconds.
  path: Assets/PlayMaker/Actions/StateMachine/GetFsmFloat.cs
  artifactKey: Guid(0e5e91cfed7b66c44b7f5bde1f59fe30) Importer(2089858483,0ecaa5967403d082aa24f35e1b516d23)
Start importing Assets/PlayMaker/Actions/StateMachine/GetFsmFloat.cs using Guid(0e5e91cfed7b66c44b7f5bde1f59fe30) Importer(2089858483,0ecaa5967403d082aa24f35e1b516d23)  -> (artifact id: '3afbf15884ee4e4a55568adad56d61b1') in 0.018438 seconds
Number of updated asset objects reloaded before import = 0
Number of asset objects unloaded after import = 1
========================================================================
Received Import Request.
  Time since last request: 0.000017 seconds.
  path: Assets/PlayMaker/Actions/RenderSettings/SetFogDensity.cs
  artifactKey: Guid(732d8e7e400e6d04eb7d25a443e6bb1a) Importer(2089858483,0ecaa5967403d082aa24f35e1b516d23)
Start importing Assets/PlayMaker/Actions/RenderSettings/SetFogDensity.cs using Guid(732d8e7e400e6d04eb7d25a443e6bb1a) Importer(2089858483,0ecaa5967403d082aa24f35e1b516d23)  -> (artifact id: '4f7d138813c1b001927fc7d7b7024f84') in 0.014190 seconds
Number of updated asset objects reloaded before import = 0
Number of asset objects unloaded after import = 1
========================================================================
Received Import Request.
  Time since last request: 0.000010 seconds.
  path: Assets/PlayMaker/Actions/Trigonometry/GetACosine.cs
  artifactKey: Guid(6fda114c8a66e4296aed4e2a26a0611b) Importer(2089858483,0ecaa5967403d082aa24f35e1b516d23)
Start importing Assets/PlayMaker/Actions/Trigonometry/GetACosine.cs using Guid(6fda114c8a66e4296aed4e2a26a0611b) Importer(2089858483,0ecaa5967403d082aa24f35e1b516d23)  -> (artifact id: '24f21b500b925380b35d61b67bef1a55') in 0.014414 seconds
Number of updated asset objects reloaded before import = 0
Number of asset objects unloaded after import = 1
========================================================================
Received Import Request.
  Time since last request: 0.000010 seconds.
  path: Assets/PlayMaker/Actions/SceneManager/GetSceneLoadedEventData.cs
  artifactKey: Guid(91bd1db18da714a29b743b2ab9f44f59) Importer(2089858483,0ecaa5967403d082aa24f35e1b516d23)
Start importing Assets/PlayMaker/Actions/SceneManager/GetSceneLoadedEventData.cs using Guid(91bd1db18da714a29b743b2ab9f44f59) Importer(2089858483,0ecaa5967403d082aa24f35e1b516d23)  -> (artifact id: 'ca011e4c949016b4470e0e616c9fbd6c') in 0.015428 seconds
Number of updated asset objects reloaded before import = 0
Number of asset objects unloaded after import = 1
========================================================================
Received Import Request.
  Time since last request: 0.000009 seconds.
  path: Assets/PlayMaker/Actions/SceneManager/GetSceneCount.cs
  artifactKey: Guid(49ae585d07dad417c9c8bf850b5b067a) Importer(2089858483,0ecaa5967403d082aa24f35e1b516d23)
Start importing Assets/PlayMaker/Actions/SceneManager/GetSceneCount.cs using Guid(49ae585d07dad417c9c8bf850b5b067a) Importer(2089858483,0ecaa5967403d082aa24f35e1b516d23)  -> (artifact id: 'bdc305aa38150d97e817858264f4db0c') in 0.013311 seconds
Number of updated asset objects reloaded before import = 0
Number of asset objects unloaded after import = 1
========================================================================
Received Import Request.
  Time since last request: 0.000009 seconds.
  path: Assets/PlayMaker/Actions/StateMachine/BaseFsmVariableIndexAction.cs
  artifactKey: Guid(37ea9ae7ff8e58d4c84872f21d5c8182) Importer(2089858483,0ecaa5967403d082aa24f35e1b516d23)
Start importing Assets/PlayMaker/Actions/StateMachine/BaseFsmVariableIndexAction.cs using Guid(37ea9ae7ff8e58d4c84872f21d5c8182) Importer(2089858483,0ecaa5967403d082aa24f35e1b516d23)  -> (artifact id: '09a67431c591ebccb41708f0e3e1c463') in 0.014543 seconds
Number of updated asset objects reloaded before import = 0
Number of asset objects unloaded after import = 1
========================================================================
Received Import Request.
  Time since last request: 0.000012 seconds.
  path: Assets/PlayMaker/Actions/UI/UiInputFieldOnSubmitEvent.cs
  artifactKey: Guid(f4911c754438d9b4083d964c519a6e0b) Importer(2089858483,0ecaa5967403d082aa24f35e1b516d23)
Start importing Assets/PlayMaker/Actions/UI/UiInputFieldOnSubmitEvent.cs using Guid(f4911c754438d9b4083d964c519a6e0b) Importer(2089858483,0ecaa5967403d082aa24f35e1b516d23)  -> (artifact id: '4eca14767acc2a3e92e52c352a83bec9') in 0.013621 seconds
Number of updated asset objects reloaded before import = 0
Number of asset objects unloaded after import = 1
========================================================================
Received Import Request.
  Time since last request: 0.000018 seconds.
  path: Assets/PlayMaker/Actions/UI/UiSliderGetWholeNumbers.cs
  artifactKey: Guid(8d9d85ba5f8739e4d8b5795f2c495bd8) Importer(2089858483,0ecaa5967403d082aa24f35e1b516d23)
Start importing Assets/PlayMaker/Actions/UI/UiSliderGetWholeNumbers.cs using Guid(8d9d85ba5f8739e4d8b5795f2c495bd8) Importer(2089858483,0ecaa5967403d082aa24f35e1b516d23)  -> (artifact id: '0afbddabd753b9f1878b77ec715838b4') in 0.015491 seconds
Number of updated asset objects reloaded before import = 0
Number of asset objects unloaded after import = 1
========================================================================
Received Import Request.
  Time since last request: 0.000009 seconds.
  path: Assets/PlayMaker/Actions/Transform/Translate.cs
  artifactKey: Guid(64964a3148c610e4ba0de21b424e6169) Importer(2089858483,0ecaa5967403d082aa24f35e1b516d23)
Start importing Assets/PlayMaker/Actions/Transform/Translate.cs using Guid(64964a3148c610e4ba0de21b424e6169) Importer(2089858483,0ecaa5967403d082aa24f35e1b516d23)  -> (artifact id: '4b066558bbefd4442d4f411c52e81245') in 0.012448 seconds
Number of updated asset objects reloaded before import = 0
Number of asset objects unloaded after import = 1
========================================================================
Received Import Request.
  Time since last request: 0.000009 seconds.
  path: Assets/PlayMaker/Actions/UI/UiToggleSetIsOn.cs
  artifactKey: Guid(8e42438db49956343b640322838a96e5) Importer(2089858483,0ecaa5967403d082aa24f35e1b516d23)
Start importing Assets/PlayMaker/Actions/UI/UiToggleSetIsOn.cs using Guid(8e42438db49956343b640322838a96e5) Importer(2089858483,0ecaa5967403d082aa24f35e1b516d23)  -> (artifact id: 'e4c5ed955e868da66af6d282764d2656') in 0.013491 seconds
Number of updated asset objects reloaded before import = 0
Number of asset objects unloaded after import = 1
========================================================================
Received Import Request.
  Time since last request: 0.000013 seconds.
  path: Assets/PlayMaker/Actions/VideoClip/VideoClipGetFrameRate.cs
  artifactKey: Guid(34f7cf89619bf4c5499948e3c1b83ff4) Importer(2089858483,0ecaa5967403d082aa24f35e1b516d23)
Start importing Assets/PlayMaker/Actions/VideoClip/VideoClipGetFrameRate.cs using Guid(34f7cf89619bf4c5499948e3c1b83ff4) Importer(2089858483,0ecaa5967403d082aa24f35e1b516d23)  -> (artifact id: '63eb94b9cec456920a26b7a329179194') in 0.010654 seconds
Number of updated asset objects reloaded before import = 0
Number of asset objects unloaded after import = 1
========================================================================
Received Import Request.
  Time since last request: 0.435180 seconds.
  path: Assets/PlayMaker/Actions/VideoPlayer/VideoPlayerFrameDroppedEvent.cs
  artifactKey: Guid(10c18889f119a4700b24cd1202c5df95) Importer(2089858483,0ecaa5967403d082aa24f35e1b516d23)
Start importing Assets/PlayMaker/Actions/VideoPlayer/VideoPlayerFrameDroppedEvent.cs using Guid(10c18889f119a4700b24cd1202c5df95) Importer(2089858483,0ecaa5967403d082aa24f35e1b516d23)  -> (artifact id: '43e35b3e06678eefca1485f5b66eae71') in 0.012772 seconds
Number of updated asset objects reloaded before import = 0
Number of asset objects unloaded after import = 1
========================================================================
Received Import Request.
  Time since last request: 0.000010 seconds.
  path: Assets/STYLY_Plugin/Scripts/Editor/NotifyPluginUpdateWindow.cs
  artifactKey: Guid(2b323306137ba09468484dfb1a9e5b18) Importer(2089858483,0ecaa5967403d082aa24f35e1b516d23)
Start importing Assets/STYLY_Plugin/Scripts/Editor/NotifyPluginUpdateWindow.cs using Guid(2b323306137ba09468484dfb1a9e5b18) Importer(2089858483,0ecaa5967403d082aa24f35e1b516d23)  -> (artifact id: '8d242a03ee904ab0b154a347626eb409') in 0.013371 seconds
Number of updated asset objects reloaded before import = 0
Number of asset objects unloaded after import = 1
========================================================================
Received Import Request.
  Time since last request: 0.000010 seconds.
  path: Assets/UniGLTF/Resources/Shaders/NormalMapDecoder.shader
  artifactKey: Guid(53762a37d0a403e42a4921e3e3b84915) Importer(2089858483,0ecaa5967403d082aa24f35e1b516d23)
Start importing Assets/UniGLTF/Resources/Shaders/NormalMapDecoder.shader using Guid(53762a37d0a403e42a4921e3e3b84915) Importer(2089858483,0ecaa5967403d082aa24f35e1b516d23)  -> (artifact id: '17a71e153da8db4e5af4215973b43353') in 0.011340 seconds
Number of updated asset objects reloaded before import = 0
Number of asset objects unloaded after import = 1
========================================================================
Received Import Request.
  Time since last request: 0.000010 seconds.
  path: Assets/UniGLTF/UniHumanoid/Scripts/BoneMapping.cs
  artifactKey: Guid(44f5895a2095a2848ba2c9627a5c1ad9) Importer(2089858483,0ecaa5967403d082aa24f35e1b516d23)
Start importing Assets/UniGLTF/UniHumanoid/Scripts/BoneMapping.cs using Guid(44f5895a2095a2848ba2c9627a5c1ad9) Importer(2089858483,0ecaa5967403d082aa24f35e1b516d23)  -> (artifact id: '28433c77c3dd7ca83db8758110d2b2f2') in 0.011433 seconds
Number of updated asset objects reloaded before import = 0
Number of asset objects unloaded after import = 1
========================================================================
Received Import Request.
  Time since last request: 0.000010 seconds.
  path: Assets/PlayMaker/Actions/Animator/Editor/GetAnimatorCurrentStateInfoIsNameActionEditor.cs
  artifactKey: Guid(cb96adea5998a47ad856307f387542b2) Importer(2089858483,0ecaa5967403d082aa24f35e1b516d23)
Start importing Assets/PlayMaker/Actions/Animator/Editor/GetAnimatorCurrentStateInfoIsNameActionEditor.cs using Guid(cb96adea5998a47ad856307f387542b2) Importer(2089858483,0ecaa5967403d082aa24f35e1b516d23)  -> (artifact id: 'ec2e26109265f7e18b0564be611a0212') in 0.010202 seconds
Number of updated asset objects reloaded before import = 0
Number of asset objects unloaded after import = 1
========================================================================
Received Import Request.
  Time since last request: 0.000008 seconds.
  path: Assets/PlayMaker/Editor/Install/Playmaker.1.9.6.unitypackage
  artifactKey: Guid(368eae1f0540d1e479cef9f883154683) Importer(2089858483,0ecaa5967403d082aa24f35e1b516d23)
Start importing Assets/PlayMaker/Editor/Install/Playmaker.1.9.6.unitypackage using Guid(368eae1f0540d1e479cef9f883154683) Importer(2089858483,0ecaa5967403d082aa24f35e1b516d23)  -> (artifact id: 'e4e17f3d987c2f5fd086c09ff34ff00e') in 0.012523 seconds
Number of updated asset objects reloaded before import = 0
Number of asset objects unloaded after import = 1
========================================================================
Received Import Request.
  Time since last request: 0.000015 seconds.
  path: Assets/UniGLTF/Resources/Shaders/NormalMapEncoder.shader
  artifactKey: Guid(3e39586253f31b34f87fa7e133449b1e) Importer(2089858483,0ecaa5967403d082aa24f35e1b516d23)
Start importing Assets/UniGLTF/Resources/Shaders/NormalMapEncoder.shader using Guid(3e39586253f31b34f87fa7e133449b1e) Importer(2089858483,0ecaa5967403d082aa24f35e1b516d23)  -> (artifact id: 'fed0705fb33b592f9ab08ddac2610565') in 0.015052 seconds
Number of updated asset objects reloaded before import = 0
Number of asset objects unloaded after import = 0
========================================================================
Received Import Request.
  Time since last request: 0.000052 seconds.
  path: Assets/PlayMaker/Editor/Install/LegacyITween.unitypackage
  artifactKey: Guid(6d756ccf978926042887a51b4116f6a1) Importer(2089858483,0ecaa5967403d082aa24f35e1b516d23)
Start importing Assets/PlayMaker/Editor/Install/LegacyITween.unitypackage using Guid(6d756ccf978926042887a51b4116f6a1) Importer(2089858483,0ecaa5967403d082aa24f35e1b516d23)  -> (artifact id: 'a42d3102e25a0de6fc2264945ae5ffb8') in 0.013592 seconds
Number of updated asset objects reloaded before import = 0
Number of asset objects unloaded after import = 1
========================================================================
Received Import Request.
  Time since last request: 0.000009 seconds.
  path: Assets/PlayMaker/Editor/Watermarks/Info.png
  artifactKey: Guid(e916f404af82731418d593ba28c1d354) Importer(2089858483,0ecaa5967403d082aa24f35e1b516d23)
Start importing Assets/PlayMaker/Editor/Watermarks/Info.png using Guid(e916f404af82731418d593ba28c1d354) Importer(2089858483,0ecaa5967403d082aa24f35e1b516d23)  -> (artifact id: 'ebdbe0b22b6bd64c9bec48221975ca35') in 0.023480 seconds
Number of updated asset objects reloaded before import = 0
Number of asset objects unloaded after import = 1
========================================================================
Received Import Request.
  Time since last request: 0.000032 seconds.
  path: Assets/PlayMaker/Editor/Watermarks/StarInCircle.png
  artifactKey: Guid(d06d066acbe641949a1dbabc7a5de36f) Importer(2089858483,0ecaa5967403d082aa24f35e1b516d23)
Start importing Assets/PlayMaker/Editor/Watermarks/StarInCircle.png using Guid(d06d066acbe641949a1dbabc7a5de36f) Importer(2089858483,0ecaa5967403d082aa24f35e1b516d23)  -> (artifact id: '36be8af3b583b515907cd134f395973c') in 0.026790 seconds
Number of updated asset objects reloaded before import = 0
Number of asset objects unloaded after import = 1
========================================================================
Received Import Request.
  Time since last request: 0.000013 seconds.
  path: Assets/PolyTope_VoxelWorld_Animals/Content/Prefabs/prefab_prop_animal_lion.prefab
  artifactKey: Guid(4a01dab078dea2f43b221a2fe4c5d874) Importer(2089858483,0ecaa5967403d082aa24f35e1b516d23)
Start importing Assets/PolyTope_VoxelWorld_Animals/Content/Prefabs/prefab_prop_animal_lion.prefab using Guid(4a01dab078dea2f43b221a2fe4c5d874) Importer(2089858483,0ecaa5967403d082aa24f35e1b516d23)  -> (artifact id: 'edd27135e161a625434299056ebbc979') in 0.027014 seconds
Number of updated asset objects reloaded before import = 0
Number of asset objects unloaded after import = 9
========================================================================
Received Import Request.
  Time since last request: 0.000014 seconds.
  path: Assets/PlayMaker/Actions/Animator/Editor/GetAnimatorAnimatorRootActionEditor.cs
  artifactKey: Guid(c01181456b38a445a9d46b1adb204fef) Importer(2089858483,0ecaa5967403d082aa24f35e1b516d23)
Start importing Assets/PlayMaker/Actions/Animator/Editor/GetAnimatorAnimatorRootActionEditor.cs using Guid(c01181456b38a445a9d46b1adb204fef) Importer(2089858483,0ecaa5967403d082aa24f35e1b516d23)  -> (artifact id: 'fe98421ab796a01b19dbec6a2a4ef0a4') in 0.013867 seconds
Number of updated asset objects reloaded before import = 0
Number of asset objects unloaded after import = 1
========================================================================
Received Import Request.
  Time since last request: 0.000011 seconds.
  path: Assets/PlayMaker/Actions/VideoPlayer/VideoPlayerGetFrameCount.cs
  artifactKey: Guid(cccec08041739487fab290d6ae79f978) Importer(2089858483,0ecaa5967403d082aa24f35e1b516d23)
Start importing Assets/PlayMaker/Actions/VideoPlayer/VideoPlayerGetFrameCount.cs using Guid(cccec08041739487fab290d6ae79f978) Importer(2089858483,0ecaa5967403d082aa24f35e1b516d23)  -> (artifact id: '92769ce929633505bfe774e3dd345828') in 0.012453 seconds
Number of updated asset objects reloaded before import = 0
Number of asset objects unloaded after import = 1
========================================================================
Received Import Request.
  Time since last request: 0.000010 seconds.
  path: Assets/PlayMaker/Editor/Watermarks/OpenBox.png
  artifactKey: Guid(916e944e848448c47b38203b7c06a13a) Importer(2089858483,0ecaa5967403d082aa24f35e1b516d23)
Start importing Assets/PlayMaker/Editor/Watermarks/OpenBox.png using Guid(916e944e848448c47b38203b7c06a13a) Importer(2089858483,0ecaa5967403d082aa24f35e1b516d23)  -> (artifact id: '926cfc763e297570eed6d29ce04ade0e') in 0.023735 seconds
Number of updated asset objects reloaded before import = 0
Number of asset objects unloaded after import = 1
========================================================================
Received Import Request.
  Time since last request: 0.000010 seconds.
  path: Assets/STYLY_Plugin/STYLY_ImmersalUI/Example/STYLY_ImmersalUIExample.unity
  artifactKey: Guid(3d907d57d1aa26640ab1a753a9a77f3c) Importer(2089858483,0ecaa5967403d082aa24f35e1b516d23)
Start importing Assets/STYLY_Plugin/STYLY_ImmersalUI/Example/STYLY_ImmersalUIExample.unity using Guid(3d907d57d1aa26640ab1a753a9a77f3c) Importer(2089858483,0ecaa5967403d082aa24f35e1b516d23)  -> (artifact id: '589a5f7e3c714a559411ecb88069357b') in 0.015227 seconds
Number of updated asset objects reloaded before import = 0
Number of asset objects unloaded after import = 1
========================================================================
Received Import Request.
  Time since last request: 0.000011 seconds.
  path: Assets/STYLY_Plugin/STYLY_ImmersalUI/Sprites/image_fade.png
  artifactKey: Guid(0364c797f68f55a4d8894193a7b536ea) Importer(2089858483,0ecaa5967403d082aa24f35e1b516d23)
Start importing Assets/STYLY_Plugin/STYLY_ImmersalUI/Sprites/image_fade.png using Guid(0364c797f68f55a4d8894193a7b536ea) Importer(2089858483,0ecaa5967403d082aa24f35e1b516d23)  -> (artifact id: 'b3bc656bba354b6dfac326ce517a5069') in 0.020544 seconds
Number of updated asset objects reloaded before import = 0
Number of asset objects unloaded after import = 3
========================================================================
Received Import Request.
  Time since last request: 0.000010 seconds.
  path: Assets/PlayMaker/Editor/Watermarks/SpeechBubbles.png
  artifactKey: Guid(4a613549877ab9d4e88665fda6bd5575) Importer(2089858483,0ecaa5967403d082aa24f35e1b516d23)
Start importing Assets/PlayMaker/Editor/Watermarks/SpeechBubbles.png using Guid(4a613549877ab9d4e88665fda6bd5575) Importer(2089858483,0ecaa5967403d082aa24f35e1b516d23)  -> (artifact id: 'c5dbb983edcadbdf3e02adfbe445b4ea') in 0.024240 seconds
Number of updated asset objects reloaded before import = 0
Number of asset objects unloaded after import = 1
========================================================================
Received Import Request.
  Time since last request: 0.000009 seconds.
  path: Assets/PlayMaker/Actions/Animator/Editor/GetAnimatorIntActionEditor.cs
  artifactKey: Guid(a3ce5496c052a4d51a21cd2d7a6b4ff6) Importer(2089858483,0ecaa5967403d082aa24f35e1b516d23)
Start importing Assets/PlayMaker/Actions/Animator/Editor/GetAnimatorIntActionEditor.cs using Guid(a3ce5496c052a4d51a21cd2d7a6b4ff6) Importer(2089858483,0ecaa5967403d082aa24f35e1b516d23)  -> (artifact id: '73e3a2783032ffc09b5aa91963c4f2e7') in 0.011978 seconds
Number of updated asset objects reloaded before import = 0
Number of asset objects unloaded after import = 1
========================================================================
Received Import Request.
  Time since last request: 0.000011 seconds.
  path: Assets/PlayMaker/Actions/VideoPlayer/VideoPlayerGetPlaybackSpeed.cs
  artifactKey: Guid(79f6d46d2044049d4b82f2247866966c) Importer(2089858483,0ecaa5967403d082aa24f35e1b516d23)
Start importing Assets/PlayMaker/Actions/VideoPlayer/VideoPlayerGetPlaybackSpeed.cs using Guid(79f6d46d2044049d4b82f2247866966c) Importer(2089858483,0ecaa5967403d082aa24f35e1b516d23)  -> (artifact id: '1d8f12d7a347112faad24886d34cdf72') in 0.013873 seconds
Number of updated asset objects reloaded before import = 0
Number of asset objects unloaded after import = 1
========================================================================
Received Import Request.
  Time since last request: 0.000010 seconds.
  path: Assets/STYLY_Plugin/Scripts/Editor/VersionInformationProvider.cs
  artifactKey: Guid(62d29969d12ff6f44b8b1c8219b565f0) Importer(2089858483,0ecaa5967403d082aa24f35e1b516d23)
Start importing Assets/STYLY_Plugin/Scripts/Editor/VersionInformationProvider.cs using Guid(62d29969d12ff6f44b8b1c8219b565f0) Importer(2089858483,0ecaa5967403d082aa24f35e1b516d23)  -> (artifact id: 'bc7d249b31fc59c83ac2ce492c8a732e') in 0.011493 seconds
Number of updated asset objects reloaded before import = 0
Number of asset objects unloaded after import = 1
========================================================================
Received Import Request.
  Time since last request: 0.000011 seconds.
  path: Assets/PlayMaker/Editor/Install/ProfilerActions.unitypackage
  artifactKey: Guid(b83c94daea818bd40bcfe0d991f71767) Importer(2089858483,0ecaa5967403d082aa24f35e1b516d23)
Start importing Assets/PlayMaker/Editor/Install/ProfilerActions.unitypackage using Guid(b83c94daea818bd40bcfe0d991f71767) Importer(2089858483,0ecaa5967403d082aa24f35e1b516d23)  -> (artifact id: '2cbed642af29a87ce9c5f3cb3a29feec') in 0.011852 seconds
Number of updated asset objects reloaded before import = 0
Number of asset objects unloaded after import = 1
========================================================================
Received Import Request.
  Time since last request: 0.000028 seconds.
  path: Assets/PlayMaker/Editor/Watermarks/Download.png
  artifactKey: Guid(d80f9af5080f82042a9fa0ca83cd7e30) Importer(2089858483,0ecaa5967403d082aa24f35e1b516d23)
Start importing Assets/PlayMaker/Editor/Watermarks/Download.png using Guid(d80f9af5080f82042a9fa0ca83cd7e30) Importer(2089858483,0ecaa5967403d082aa24f35e1b516d23)  -> (artifact id: '759bbd0c4060ab250ec9edc296363430') in 0.024138 seconds
Number of updated asset objects reloaded before import = 0
Number of asset objects unloaded after import = 1
========================================================================
Received Import Request.
  Time since last request: 0.000010 seconds.
  path: Assets/PlayMaker/Actions/VideoPlayer/VideoPlayerSetPlaybackSpeed.cs
  artifactKey: Guid(7ddddb181277d4884a24adefda2861dc) Importer(2089858483,0ecaa5967403d082aa24f35e1b516d23)
Start importing Assets/PlayMaker/Actions/VideoPlayer/VideoPlayerSetPlaybackSpeed.cs using Guid(7ddddb181277d4884a24adefda2861dc) Importer(2089858483,0ecaa5967403d082aa24f35e1b516d23)  -> (artifact id: '085151ae1cc3546f894b27e0e20531b9') in 0.013367 seconds
Number of updated asset objects reloaded before import = 0
Number of asset objects unloaded after import = 1
========================================================================
Received Import Request.
  Time since last request: 0.000010 seconds.
  path: Assets/UniGLTF/UniHumanoid/Scenes/target.mat
  artifactKey: Guid(94b4b45712e88334c9e7c5ecc53c50e6) Importer(2089858483,0ecaa5967403d082aa24f35e1b516d23)
Start importing Assets/UniGLTF/UniHumanoid/Scenes/target.mat using Guid(94b4b45712e88334c9e7c5ecc53c50e6) Importer(2089858483,0ecaa5967403d082aa24f35e1b516d23)  -> (artifact id: 'e222cba675b69079573ff1f071f53496') in 0.014236 seconds
Number of updated asset objects reloaded before import = 0
Number of asset objects unloaded after import = 1
========================================================================
Received Import Request.
  Time since last request: 0.000013 seconds.
  path: Assets/PolyTope_VoxelWorld_Animals/Content/Prefabs/prefab_prop_animal_cow.prefab
  artifactKey: Guid(09aca85bf6d6a3648b9082cc4cd4a912) Importer(2089858483,0ecaa5967403d082aa24f35e1b516d23)
Start importing Assets/PolyTope_VoxelWorld_Animals/Content/Prefabs/prefab_prop_animal_cow.prefab using Guid(09aca85bf6d6a3648b9082cc4cd4a912) Importer(2089858483,0ecaa5967403d082aa24f35e1b516d23)  -> (artifact id: '366b2b37ecd4902e1ac50afe19a54e83') in 0.016653 seconds
Number of updated asset objects reloaded before import = 0
Number of asset objects unloaded after import = 9
========================================================================
Received Import Request.
  Time since last request: 0.000018 seconds.
  path: Assets/PlayMaker/Editor/es-ES/PlayMakerEditorResources.resources.dll
  artifactKey: Guid(519359e55debe8845a68a0e0ff935e16) Importer(2089858483,0ecaa5967403d082aa24f35e1b516d23)
Start importing Assets/PlayMaker/Editor/es-ES/PlayMakerEditorResources.resources.dll using Guid(519359e55debe8845a68a0e0ff935e16) Importer(2089858483,0ecaa5967403d082aa24f35e1b516d23)  -> (artifact id: 'e3b64a2cd25fc83eb3002739260f2d1b') in 0.012590 seconds
Number of updated asset objects reloaded before import = 0
Number of asset objects unloaded after import = 1
========================================================================
Received Import Request.
  Time since last request: 0.000012 seconds.
  path: Assets/STYLY_Plugin/Scripts/Editor/MiniJSON.cs
  artifactKey: Guid(1fbe69149d1d34115b856efe96e84508) Importer(2089858483,0ecaa5967403d082aa24f35e1b516d23)
Start importing Assets/STYLY_Plugin/Scripts/Editor/MiniJSON.cs using Guid(1fbe69149d1d34115b856efe96e84508) Importer(2089858483,0ecaa5967403d082aa24f35e1b516d23)  -> (artifact id: '70d36351c59172e0a84bb911fa9b0af7') in 0.012970 seconds
Number of updated asset objects reloaded before import = 0
Number of asset objects unloaded after import = 1
========================================================================
Received Import Request.
  Time since last request: 0.000009 seconds.
  path: Assets/STYLY_Plugin/STYLY_ImmersalUI/Sprites/image_frame.png
  artifactKey: Guid(077704eadae8f4eae94e239c0bba1db0) Importer(2089858483,0ecaa5967403d082aa24f35e1b516d23)
Start importing Assets/STYLY_Plugin/STYLY_ImmersalUI/Sprites/image_frame.png using Guid(077704eadae8f4eae94e239c0bba1db0) Importer(2089858483,0ecaa5967403d082aa24f35e1b516d23)  -> (artifact id: '1e26debc08f1f010f7d63365c812a77b') in 0.026772 seconds
Number of updated asset objects reloaded before import = 0
Number of asset objects unloaded after import = 3
========================================================================
Received Import Request.
  Time since last request: 0.000011 seconds.
  path: Assets/PolyTope_VoxelWorld_Animals/Content/Models/mod_prop_animal_chicken.fbx
  artifactKey: Guid(6a8750b53b25f864085468095755beb9) Importer(2089858483,0ecaa5967403d082aa24f35e1b516d23)
Start importing Assets/PolyTope_VoxelWorld_Animals/Content/Models/mod_prop_animal_chicken.fbx using Guid(6a8750b53b25f864085468095755beb9) Importer(2089858483,0ecaa5967403d082aa24f35e1b516d23)  -> (artifact id: 'e4c6e80a5a225eb2f521b0144a41aaa9') in 0.031968 seconds
Number of updated asset objects reloaded before import = 0
Number of asset objects unloaded after import = 7
========================================================================
Received Import Request.
  Time since last request: 0.000010 seconds.
  path: Assets/PlayMaker/Editor/Watermarks/Key.png
  artifactKey: Guid(f66e9dd8406b6fd43b861cebe995f540) Importer(2089858483,0ecaa5967403d082aa24f35e1b516d23)
Start importing Assets/PlayMaker/Editor/Watermarks/Key.png using Guid(f66e9dd8406b6fd43b861cebe995f540) Importer(2089858483,0ecaa5967403d082aa24f35e1b516d23)  -> (artifact id: 'cc25215c3becde5fceac18b49c0518a3') in 0.026106 seconds
Number of updated asset objects reloaded before import = 0
Number of asset objects unloaded after import = 1
========================================================================
Received Import Request.
  Time since last request: 0.000017 seconds.
  path: Assets/UniGLTF/UniHumanoid/Scenes/RuntimeBvhLoader.cs
  artifactKey: Guid(7b994e1476323bf4fbe1ae28bea164f2) Importer(2089858483,0ecaa5967403d082aa24f35e1b516d23)
Start importing Assets/UniGLTF/UniHumanoid/Scenes/RuntimeBvhLoader.cs using Guid(7b994e1476323bf4fbe1ae28bea164f2) Importer(2089858483,0ecaa5967403d082aa24f35e1b516d23)  -> (artifact id: '96d59826096521d71d23fcc3da2ebd76') in 0.010224 seconds
Number of updated asset objects reloaded before import = 0
Number of asset objects unloaded after import = 1
========================================================================
Received Import Request.
  Time since last request: 0.000010 seconds.
  path: Assets/PlayMaker/Editor/fr/PlayMakerEditorResources.resources.dll
  artifactKey: Guid(e47236d35f408df498a319746efab596) Importer(2089858483,0ecaa5967403d082aa24f35e1b516d23)
Start importing Assets/PlayMaker/Editor/fr/PlayMakerEditorResources.resources.dll using Guid(e47236d35f408df498a319746efab596) Importer(2089858483,0ecaa5967403d082aa24f35e1b516d23)  -> (artifact id: 'e398cb2e257ece46a9416744ecbfe59a') in 0.014972 seconds
Number of updated asset objects reloaded before import = 0
Number of asset objects unloaded after import = 1
========================================================================
Received Import Request.
  Time since last request: 0.000016 seconds.
  path: Assets/PlayMaker/Actions/VideoPlayer/VideoPlayerSetTargetCameraAlpha.cs
  artifactKey: Guid(d19feffe640364c8d8ec6774af295846) Importer(2089858483,0ecaa5967403d082aa24f35e1b516d23)
Start importing Assets/PlayMaker/Actions/VideoPlayer/VideoPlayerSetTargetCameraAlpha.cs using Guid(d19feffe640364c8d8ec6774af295846) Importer(2089858483,0ecaa5967403d082aa24f35e1b516d23)  -> (artifact id: 'dc47c9144ea9ec1bcce7a811cffdf35b') in 0.014967 seconds
Number of updated asset objects reloaded before import = 0
Number of asset objects unloaded after import = 1
========================================================================
Received Import Request.
  Time since last request: 0.000039 seconds.
  path: Assets/STYLY_Plugin/STYLY_ImmersalUI/Animations/ImageFinderCircle.anim
  artifactKey: Guid(539862832f512ab4e9d70c3a16e8d44f) Importer(2089858483,0ecaa5967403d082aa24f35e1b516d23)
Start importing Assets/STYLY_Plugin/STYLY_ImmersalUI/Animations/ImageFinderCircle.anim using Guid(539862832f512ab4e9d70c3a16e8d44f) Importer(2089858483,0ecaa5967403d082aa24f35e1b516d23)  -> (artifact id: '7525b86450a0caf6dea3879a822da0ea') in 0.028356 seconds
Number of updated asset objects reloaded before import = 0
Number of asset objects unloaded after import = 1
========================================================================
Received Import Request.
  Time since last request: 0.000011 seconds.
  path: Assets/PlayMaker/Editor/Resources/linkCheck@2x.png
  artifactKey: Guid(c219b454ea0be154ebfd781223431364) Importer(2089858483,0ecaa5967403d082aa24f35e1b516d23)
Start importing Assets/PlayMaker/Editor/Resources/linkCheck@2x.png using Guid(c219b454ea0be154ebfd781223431364) Importer(2089858483,0ecaa5967403d082aa24f35e1b516d23)  -> (artifact id: 'b9393ebb2d5447787c55d78c1869c2c2') in 0.020959 seconds
Number of updated asset objects reloaded before import = 0
Number of asset objects unloaded after import = 1
========================================================================
Received Import Request.
  Time since last request: 0.000012 seconds.
  path: Assets/Plugins/PlayMaker/WebGL/PlayMaker.dll
  artifactKey: Guid(9754d4abda502c6458053d5ed8e4fc5a) Importer(2089858483,0ecaa5967403d082aa24f35e1b516d23)
Start importing Assets/Plugins/PlayMaker/WebGL/PlayMaker.dll using Guid(9754d4abda502c6458053d5ed8e4fc5a) Importer(2089858483,0ecaa5967403d082aa24f35e1b516d23)  -> (artifact id: '633885e7be28c9ee2ae0458a0621bea3') in 0.026835 seconds
Number of updated asset objects reloaded before import = 0
Number of asset objects unloaded after import = 1
========================================================================
Received Import Request.
  Time since last request: 0.000064 seconds.
  path: Assets/Plugins/PlayMaker/WP8/PlayMaker.dll
  artifactKey: Guid(de72a6d2da64d114d95e3c5a01cfaec5) Importer(2089858483,0ecaa5967403d082aa24f35e1b516d23)
Start importing Assets/Plugins/PlayMaker/WP8/PlayMaker.dll using Guid(de72a6d2da64d114d95e3c5a01cfaec5) Importer(2089858483,0ecaa5967403d082aa24f35e1b516d23)  -> (artifact id: 'ab5b12bf4556a9dc44e474ae107d58da') in 0.025657 seconds
Number of updated asset objects reloaded before import = 0
Number of asset objects unloaded after import = 1
========================================================================
Received Import Request.
  Time since last request: 0.000018 seconds.
  path: Assets/STYLY_Plugin/Scripts/Editor/Thumbnail.cs
  artifactKey: Guid(f7363d7efb97a9c4f9ff535b5a37c25c) Importer(2089858483,0ecaa5967403d082aa24f35e1b516d23)
Start importing Assets/STYLY_Plugin/Scripts/Editor/Thumbnail.cs using Guid(f7363d7efb97a9c4f9ff535b5a37c25c) Importer(2089858483,0ecaa5967403d082aa24f35e1b516d23)  -> (artifact id: '699bb7bdc52132d8ef961c21d05ac0c7') in 0.016139 seconds
Number of updated asset objects reloaded before import = 0
Number of asset objects unloaded after import = 1
========================================================================
Received Import Request.
  Time since last request: 0.000019 seconds.
  path: Assets/UniGLTF/UniHumanoid/doc/mesh.png
  artifactKey: Guid(7e153a45f4c3fab428c47e3d6509252d) Importer(2089858483,0ecaa5967403d082aa24f35e1b516d23)
Start importing Assets/UniGLTF/UniHumanoid/doc/mesh.png using Guid(7e153a45f4c3fab428c47e3d6509252d) Importer(2089858483,0ecaa5967403d082aa24f35e1b516d23)  -> (artifact id: '302f259677a680755363f4abcdd92da2') in 0.023939 seconds
Number of updated asset objects reloaded before import = 0
Number of asset objects unloaded after import = 1
========================================================================
Received Import Request.
  Time since last request: 0.000009 seconds.
  path: Assets/STYLY_Plugin/STYLY_Playmaker_CustomActions/StylyService/StylyService.asmdef
  artifactKey: Guid(39a93cc8de6b01742a682b3ab0a65de0) Importer(2089858483,0ecaa5967403d082aa24f35e1b516d23)
Start importing Assets/STYLY_Plugin/STYLY_Playmaker_CustomActions/StylyService/StylyService.asmdef using Guid(39a93cc8de6b01742a682b3ab0a65de0) Importer(2089858483,0ecaa5967403d082aa24f35e1b516d23)  -> (artifact id: '0c8b4fc8c37368db36c3675cef24e6a9') in 0.019890 seconds
Number of updated asset objects reloaded before import = 0
Number of asset objects unloaded after import = 1
========================================================================
Received Import Request.
  Time since last request: 0.000010 seconds.
  path: Assets/STYLY_Plugin/STYLY_InteractionSDK/Simulator/Editor/DummySDKManagerDestroyer.cs
  artifactKey: Guid(37b630012009e1e40b1a72ac568a7040) Importer(2089858483,0ecaa5967403d082aa24f35e1b516d23)
Start importing Assets/STYLY_Plugin/STYLY_InteractionSDK/Simulator/Editor/DummySDKManagerDestroyer.cs using Guid(37b630012009e1e40b1a72ac568a7040) Importer(2089858483,0ecaa5967403d082aa24f35e1b516d23)  -> (artifact id: 'a0cf62b65dde745c93d7dc8bf913695d') in 0.014310 seconds
Number of updated asset objects reloaded before import = 0
Number of asset objects unloaded after import = 1
========================================================================
Received Import Request.
  Time since last request: 0.000009 seconds.
  path: Assets/STYLY_Plugin/STYLY_Playmaker_CustomActions/CustomActions/Release/VideoStop.cs
  artifactKey: Guid(c4f5d388ceb70aa4491b68464f95d2f4) Importer(2089858483,0ecaa5967403d082aa24f35e1b516d23)
Start importing Assets/STYLY_Plugin/STYLY_Playmaker_CustomActions/CustomActions/Release/VideoStop.cs using Guid(c4f5d388ceb70aa4491b68464f95d2f4) Importer(2089858483,0ecaa5967403d082aa24f35e1b516d23)  -> (artifact id: '75925f6c6757da2e7d88fe6e9a2b9737') in 0.016543 seconds
Number of updated asset objects reloaded before import = 0
Number of asset objects unloaded after import = 1
========================================================================
Received Import Request.
  Time since last request: 0.000013 seconds.
  path: Assets/PlayMaker/Actions/UI/Selectable/UiNavigationGetMode.cs
  artifactKey: Guid(1408b151c1606474da092718351ef2d0) Importer(2089858483,0ecaa5967403d082aa24f35e1b516d23)
Start importing Assets/PlayMaker/Actions/UI/Selectable/UiNavigationGetMode.cs using Guid(1408b151c1606474da092718351ef2d0) Importer(2089858483,0ecaa5967403d082aa24f35e1b516d23)  -> (artifact id: 'eca31d3e34afc601aa506c3d0cde3ca2') in 0.013875 seconds
Number of updated asset objects reloaded before import = 0
Number of asset objects unloaded after import = 1
========================================================================
Received Import Request.
  Time since last request: 0.000009 seconds.
  path: Assets/PlayMaker/Actions/UI/Components/PlayMakerUiDropEvent.cs
  artifactKey: Guid(c32e752b1d2fdde4893b29118abcd9db) Importer(2089858483,0ecaa5967403d082aa24f35e1b516d23)
Start importing Assets/PlayMaker/Actions/UI/Components/PlayMakerUiDropEvent.cs using Guid(c32e752b1d2fdde4893b29118abcd9db) Importer(2089858483,0ecaa5967403d082aa24f35e1b516d23)  -> (artifact id: '347207999c4f10d3a01594e869a085ad') in 0.014749 seconds
Number of updated asset objects reloaded before import = 0
Number of asset objects unloaded after import = 1
========================================================================
Received Import Request.
  Time since last request: 0.000043 seconds.
  path: Assets/PlayMaker/Actions/Tween/Editor/TweenQuaternionEditor.cs
  artifactKey: Guid(12dce58eb0a7ecb4590f815ef32667e2) Importer(2089858483,0ecaa5967403d082aa24f35e1b516d23)
Start importing Assets/PlayMaker/Actions/Tween/Editor/TweenQuaternionEditor.cs using Guid(12dce58eb0a7ecb4590f815ef32667e2) Importer(2089858483,0ecaa5967403d082aa24f35e1b516d23)  -> (artifact id: '7a6b30eff6025c2d7230828b291a9d6f') in 0.019236 seconds
Number of updated asset objects reloaded before import = 0
Number of asset objects unloaded after import = 1
========================================================================
Received Import Request.
  Time since last request: 0.000010 seconds.
  path: Assets/STYLY_Plugin/STYLY_Playmaker_CustomActions/CustomActions/Release/PostHttpRequest.cs
  artifactKey: Guid(4eb105aefa4c9de43a45226770c60fe7) Importer(2089858483,0ecaa5967403d082aa24f35e1b516d23)
Start importing Assets/STYLY_Plugin/STYLY_Playmaker_CustomActions/CustomActions/Release/PostHttpRequest.cs using Guid(4eb105aefa4c9de43a45226770c60fe7) Importer(2089858483,0ecaa5967403d082aa24f35e1b516d23)  -> (artifact id: '3883ed63d49d35ba49afc78dd55bfff7') in 0.015137 seconds
Number of updated asset objects reloaded before import = 0
Number of asset objects unloaded after import = 1
========================================================================
Received Import Request.
  Time since last request: 0.000010 seconds.
  path: Assets/PlayMaker/Actions/UI/Selectable/UiSetBlockColor.cs
  artifactKey: Guid(7141db86984ea7545b676c1ee90d3989) Importer(2089858483,0ecaa5967403d082aa24f35e1b516d23)
Start importing Assets/PlayMaker/Actions/UI/Selectable/UiSetBlockColor.cs using Guid(7141db86984ea7545b676c1ee90d3989) Importer(2089858483,0ecaa5967403d082aa24f35e1b516d23)  -> (artifact id: '22437064a76ea79a3c7ac1b439c75552') in 0.014386 seconds
Number of updated asset objects reloaded before import = 0
Number of asset objects unloaded after import = 1
========================================================================
Received Import Request.
  Time since last request: 0.000010 seconds.
  path: Assets/STYLY_Plugin/STYLY_InteractionSDK/Simulator/DummyImpls/DummyBreaker.cs
  artifactKey: Guid(3ca0d5a0886ce924a9ebcf88c19455cb) Importer(2089858483,0ecaa5967403d082aa24f35e1b516d23)
Start importing Assets/STYLY_Plugin/STYLY_InteractionSDK/Simulator/DummyImpls/DummyBreaker.cs using Guid(3ca0d5a0886ce924a9ebcf88c19455cb) Importer(2089858483,0ecaa5967403d082aa24f35e1b516d23)  -> (artifact id: 'bb057aa4f71027ca908f20444982001b') in 0.013471 seconds
Number of updated asset objects reloaded before import = 0
Number of asset objects unloaded after import = 1
========================================================================
Received Import Request.
  Time since last request: 0.000011 seconds.
  path: Assets/PlayMaker/Actions/SceneManager/Editor/LoadSceneAsynchCustomEditor.cs
  artifactKey: Guid(5f75dd5cdbbff41059666f2fa0e54303) Importer(2089858483,0ecaa5967403d082aa24f35e1b516d23)
Start importing Assets/PlayMaker/Actions/SceneManager/Editor/LoadSceneAsynchCustomEditor.cs using Guid(5f75dd5cdbbff41059666f2fa0e54303) Importer(2089858483,0ecaa5967403d082aa24f35e1b516d23)  -> (artifact id: 'e1155b3015fe75f56a387acef5ec9153') in 0.014861 seconds
Number of updated asset objects reloaded before import = 0
Number of asset objects unloaded after import = 1
========================================================================
Received Import Request.
  Time since last request: 0.000011 seconds.
  path: Assets/STYLY_Plugin/STYLY_InteractionSDK/Runtime/FeatureComponents/Components/STYLY_Action_Timer.cs
  artifactKey: Guid(5f2155b000f2a904f8e34a5300dd827d) Importer(2089858483,0ecaa5967403d082aa24f35e1b516d23)
Start importing Assets/STYLY_Plugin/STYLY_InteractionSDK/Runtime/FeatureComponents/Components/STYLY_Action_Timer.cs using Guid(5f2155b000f2a904f8e34a5300dd827d) Importer(2089858483,0ecaa5967403d082aa24f35e1b516d23)  -> (artifact id: '9080970ab66fc8325a5875b0bd551884') in 0.012483 seconds
Number of updated asset objects reloaded before import = 0
Number of asset objects unloaded after import = 1
========================================================================
Received Import Request.
  Time since last request: 0.000010 seconds.
  path: Assets/STYLY_Plugin/STYLY_Playmaker_CustomActions/StylyService/DummyImpls/DummyVideoPlayer/DummyVideoPlayerResources.asset
  artifactKey: Guid(e2906eea3e577a64c9abcfa4d6260f21) Importer(2089858483,0ecaa5967403d082aa24f35e1b516d23)
Start importing Assets/STYLY_Plugin/STYLY_Playmaker_CustomActions/StylyService/DummyImpls/DummyVideoPlayer/DummyVideoPlayerResources.asset using Guid(e2906eea3e577a64c9abcfa4d6260f21) Importer(2089858483,0ecaa5967403d082aa24f35e1b516d23)  -> (artifact id: 'f9ea600d2433d614866b1375a72f9820') in 0.029091 seconds
Number of updated asset objects reloaded before import = 0
Number of asset objects unloaded after import = 2
========================================================================
Received Import Request.
  Time since last request: 0.000018 seconds.
  path: Assets/PlayMaker/Actions/UI/Selectable/UiSetAnimationTriggers.cs
  artifactKey: Guid(63049dfca036ace4cb9aa8b01d954c36) Importer(2089858483,0ecaa5967403d082aa24f35e1b516d23)
Start importing Assets/PlayMaker/Actions/UI/Selectable/UiSetAnimationTriggers.cs using Guid(63049dfca036ace4cb9aa8b01d954c36) Importer(2089858483,0ecaa5967403d082aa24f35e1b516d23)  -> (artifact id: 'fa301801288ee3584cbfc001b450bca1') in 0.015103 seconds
Number of updated asset objects reloaded before import = 0
Number of asset objects unloaded after import = 1
========================================================================
Received Import Request.
  Time since last request: 0.000015 seconds.
  path: Assets/PlayMaker/Actions/UI/Components/PlayMakerUiEndEditEvent.cs
  artifactKey: Guid(7d7e1badce2380640aa176f44829956a) Importer(2089858483,0ecaa5967403d082aa24f35e1b516d23)
Start importing Assets/PlayMaker/Actions/UI/Components/PlayMakerUiEndEditEvent.cs using Guid(7d7e1badce2380640aa176f44829956a) Importer(2089858483,0ecaa5967403d082aa24f35e1b516d23)  -> (artifact id: '2e3edd38b66336cf874daf0b2a5d6a86') in 0.018883 seconds
Number of updated asset objects reloaded before import = 0
Number of asset objects unloaded after import = 1
========================================================================
Received Import Request.
  Time since last request: 0.000014 seconds.
  path: Assets/STYLY_Plugin/STYLY_InteractionSDK/Runtime/FeatureComponents/Components/STYLY_Attr_Equipment.cs
  artifactKey: Guid(6b4e6e3280f34c94784326aea589586f) Importer(2089858483,0ecaa5967403d082aa24f35e1b516d23)
Start importing Assets/STYLY_Plugin/STYLY_InteractionSDK/Runtime/FeatureComponents/Components/STYLY_Attr_Equipment.cs using Guid(6b4e6e3280f34c94784326aea589586f) Importer(2089858483,0ecaa5967403d082aa24f35e1b516d23)  -> (artifact id: 'c6a80f2bfd477b39d68ee8acc63dcf37') in 0.017047 seconds
Number of updated asset objects reloaded before import = 0
Number of asset objects unloaded after import = 1
========================================================================
Received Import Request.
  Time since last request: 0.000010 seconds.
  path: Assets/UniGLTF/UniJSON/Scripts/JsonSchemaValidator/JsonSchemaValidatorFactory.cs
  artifactKey: Guid(9fef66d39a7b22b499bea68e0b22d000) Importer(2089858483,0ecaa5967403d082aa24f35e1b516d23)
Start importing Assets/UniGLTF/UniJSON/Scripts/JsonSchemaValidator/JsonSchemaValidatorFactory.cs using Guid(9fef66d39a7b22b499bea68e0b22d000) Importer(2089858483,0ecaa5967403d082aa24f35e1b516d23)  -> (artifact id: '96d7d4578cb120264e00b67bc2f0b21b') in 0.016276 seconds
Number of updated asset objects reloaded before import = 0
Number of asset objects unloaded after import = 1
========================================================================
Received Import Request.
  Time since last request: 0.000010 seconds.
  path: Assets/STYLY_Plugin/STYLY_InteractionSDK/Runtime/FeatureComponents/Interfaces/ICollision.cs
  artifactKey: Guid(f839b805ad8091841b36bcecf6630a75) Importer(2089858483,0ecaa5967403d082aa24f35e1b516d23)
Start importing Assets/STYLY_Plugin/STYLY_InteractionSDK/Runtime/FeatureComponents/Interfaces/ICollision.cs using Guid(f839b805ad8091841b36bcecf6630a75) Importer(2089858483,0ecaa5967403d082aa24f35e1b516d23)  -> (artifact id: '183648f1d9f0acf458b76946090e152b') in 0.016197 seconds
Number of updated asset objects reloaded before import = 0
Number of asset objects unloaded after import = 1
========================================================================
Received Import Request.
  Time since last request: 0.000011 seconds.
  path: Assets/UniGLTF/Core/Scripts/Extensions/UnityExtensions.cs
  artifactKey: Guid(5294813527b3278458026afc820dd63d) Importer(2089858483,0ecaa5967403d082aa24f35e1b516d23)
Start importing Assets/UniGLTF/Core/Scripts/Extensions/UnityExtensions.cs using Guid(5294813527b3278458026afc820dd63d) Importer(2089858483,0ecaa5967403d082aa24f35e1b516d23)  -> (artifact id: 'd67c831b9268226a95434e3632e409df') in 0.019290 seconds
Number of updated asset objects reloaded before import = 0
Number of asset objects unloaded after import = 1
========================================================================
Received Import Request.
  Time since last request: 0.000009 seconds.
  path: Assets/STYLY_Plugin/STYLY_MaintenanceTool/Scripts/Runtime/Model/stylyAssetData.cs
  artifactKey: Guid(6b80eb5469532b74e94b45edb1e7a6ec) Importer(2089858483,0ecaa5967403d082aa24f35e1b516d23)
Start importing Assets/STYLY_Plugin/STYLY_MaintenanceTool/Scripts/Runtime/Model/stylyAssetData.cs using Guid(6b80eb5469532b74e94b45edb1e7a6ec) Importer(2089858483,0ecaa5967403d082aa24f35e1b516d23)  -> (artifact id: '269d9f4a71c0ab33d54a0730b22c30cc') in 0.016889 seconds
Number of updated asset objects reloaded before import = 0
Number of asset objects unloaded after import = 1
========================================================================
Received Import Request.
  Time since last request: 0.000008 seconds.
  path: Assets/PlayMaker/Actions/Quaternion/Editor/QuaternionSlerpCustomEditor.cs
  artifactKey: Guid(fc3d3cdb1536b4608b848887535f5b8e) Importer(2089858483,0ecaa5967403d082aa24f35e1b516d23)
Start importing Assets/PlayMaker/Actions/Quaternion/Editor/QuaternionSlerpCustomEditor.cs using Guid(fc3d3cdb1536b4608b848887535f5b8e) Importer(2089858483,0ecaa5967403d082aa24f35e1b516d23)  -> (artifact id: 'f9b044902799d076114bb4940b490d7b') in 0.014159 seconds
Number of updated asset objects reloaded before import = 0
Number of asset objects unloaded after import = 1
========================================================================
Received Import Request.
  Time since last request: 0.000010 seconds.
  path: Assets/STYLY_Plugin/UI/Editor/Settings/Settings.uss
  artifactKey: Guid(38f0e0233e7036d44ae8c8682aca29a9) Importer(2089858483,0ecaa5967403d082aa24f35e1b516d23)
Start importing Assets/STYLY_Plugin/UI/Editor/Settings/Settings.uss using Guid(38f0e0233e7036d44ae8c8682aca29a9) Importer(2089858483,0ecaa5967403d082aa24f35e1b516d23)  -> (artifact id: '30871bcf60b92b807cd3d4fa25220588') in 0.022206 seconds
Number of updated asset objects reloaded before import = 0
Number of asset objects unloaded after import = 3
========================================================================
Received Import Request.
  Time since last request: 0.000011 seconds.
  path: Assets/PlayMaker/Actions/Tween/BaseActions/TweenExtensions.cs
  artifactKey: Guid(d5605d4b926a3f040a665c412b1d97e3) Importer(2089858483,0ecaa5967403d082aa24f35e1b516d23)
Start importing Assets/PlayMaker/Actions/Tween/BaseActions/TweenExtensions.cs using Guid(d5605d4b926a3f040a665c412b1d97e3) Importer(2089858483,0ecaa5967403d082aa24f35e1b516d23)  -> (artifact id: '35b86810167ef8f3c2b626f0d861909b') in 0.011340 seconds
Number of updated asset objects reloaded before import = 0
Number of asset objects unloaded after import = 0
========================================================================
Received Import Request.
  Time since last request: 0.000028 seconds.
  path: Assets/PlayMaker/Actions/UI/EventSystem/UiIsPointerOverUiObject.cs
  artifactKey: Guid(e7596b89fcea30044adb6fe2bdc541c8) Importer(2089858483,0ecaa5967403d082aa24f35e1b516d23)
Start importing Assets/PlayMaker/Actions/UI/EventSystem/UiIsPointerOverUiObject.cs using Guid(e7596b89fcea30044adb6fe2bdc541c8) Importer(2089858483,0ecaa5967403d082aa24f35e1b516d23)  -> (artifact id: 'a21f781e5a75d2aaa8bcbf432feb6cee') in 0.018662 seconds
Number of updated asset objects reloaded before import = 0
Number of asset objects unloaded after import = 1
========================================================================
Received Import Request.
  Time since last request: 0.000010 seconds.
  path: Assets/PlayMaker/Actions/Animator/Editor/GetAnimatorIsLayerInTransitionActionEditor.cs
  artifactKey: Guid(dc486d0004d9c4ff0b33b013672e2819) Importer(2089858483,0ecaa5967403d082aa24f35e1b516d23)
Start importing Assets/PlayMaker/Actions/Animator/Editor/GetAnimatorIsLayerInTransitionActionEditor.cs using Guid(dc486d0004d9c4ff0b33b013672e2819) Importer(2089858483,0ecaa5967403d082aa24f35e1b516d23)  -> (artifact id: '483327d6554b7134d47bcc74e91aee32') in 0.017612 seconds
Number of updated asset objects reloaded before import = 0
Number of asset objects unloaded after import = 1
========================================================================
Received Import Request.
  Time since last request: 0.000010 seconds.
  path: Assets/STYLY_Plugin/STYLY_MaintenanceTool/Template/SceneXMLTemplate.json
  artifactKey: Guid(b2e4c07d4af3c244ca4a946436886096) Importer(2089858483,0ecaa5967403d082aa24f35e1b516d23)
Start importing Assets/STYLY_Plugin/STYLY_MaintenanceTool/Template/SceneXMLTemplate.json using Guid(b2e4c07d4af3c244ca4a946436886096) Importer(2089858483,0ecaa5967403d082aa24f35e1b516d23)  -> (artifact id: '177f2b988dfb6cf164b3ddefcca52c64') in 0.018478 seconds
Number of updated asset objects reloaded before import = 0
Number of asset objects unloaded after import = 1
========================================================================
Received Import Request.
  Time since last request: 0.000013 seconds.
  path: Assets/PlayMaker/Actions/Tween/Editor/TweenEditorBase.cs
  artifactKey: Guid(13ea2268047cb504c9ec859169f996c7) Importer(2089858483,0ecaa5967403d082aa24f35e1b516d23)
Start importing Assets/PlayMaker/Actions/Tween/Editor/TweenEditorBase.cs using Guid(13ea2268047cb504c9ec859169f996c7) Importer(2089858483,0ecaa5967403d082aa24f35e1b516d23)  -> (artifact id: '26f66d384297dec88a334117bfc52eb5') in 0.014703 seconds
Number of updated asset objects reloaded before import = 0
Number of asset objects unloaded after import = 1
========================================================================
Received Import Request.
  Time since last request: 0.000017 seconds.
  path: Assets/UniGLTF/Core/Scripts/IO/MeshImporter.cs
  artifactKey: Guid(cbd062b14ca5eba4da4a5653b85e2151) Importer(2089858483,0ecaa5967403d082aa24f35e1b516d23)
Start importing Assets/UniGLTF/Core/Scripts/IO/MeshImporter.cs using Guid(cbd062b14ca5eba4da4a5653b85e2151) Importer(2089858483,0ecaa5967403d082aa24f35e1b516d23)  -> (artifact id: '1550d3b910bb54e938c6c312e62295bf') in 0.014236 seconds
Number of updated asset objects reloaded before import = 0
Number of asset objects unloaded after import = 1
========================================================================
Received Import Request.
  Time since last request: 0.000011 seconds.
  path: Assets/UniGLTF/UniJSON/Scripts/JsonSchemaValidator/JsonObjectValidator.cs
  artifactKey: Guid(1bdf39f36f58f584daee6d67f7ab446f) Importer(2089858483,0ecaa5967403d082aa24f35e1b516d23)
Start importing Assets/UniGLTF/UniJSON/Scripts/JsonSchemaValidator/JsonObjectValidator.cs using Guid(1bdf39f36f58f584daee6d67f7ab446f) Importer(2089858483,0ecaa5967403d082aa24f35e1b516d23)  -> (artifact id: '6fcb82d7602c42723780d89dbe7977a3') in 0.012034 seconds
Number of updated asset objects reloaded before import = 0
Number of asset objects unloaded after import = 1
========================================================================
Received Import Request.
  Time since last request: 0.000010 seconds.
  path: Assets/UniGLTF/Core/Scripts/Format/ExtensionsAndExtras/glTFNode.cs
  artifactKey: Guid(eef0405c0c9670947ab6fa2034f0343f) Importer(2089858483,0ecaa5967403d082aa24f35e1b516d23)
Start importing Assets/UniGLTF/Core/Scripts/Format/ExtensionsAndExtras/glTFNode.cs using Guid(eef0405c0c9670947ab6fa2034f0343f) Importer(2089858483,0ecaa5967403d082aa24f35e1b516d23)  -> (artifact id: '51de6732baaf4f44e249afa88e3863f1') in 0.012034 seconds
Number of updated asset objects reloaded before import = 0
Number of asset objects unloaded after import = 1
========================================================================
Received Import Request.
  Time since last request: 0.000009 seconds.
  path: Assets/UniGLTF/Core/Scripts/IO/MeshWithMaterials.cs
  artifactKey: Guid(04f2758551c076e4e9060e3117817e29) Importer(2089858483,0ecaa5967403d082aa24f35e1b516d23)
Start importing Assets/UniGLTF/Core/Scripts/IO/MeshWithMaterials.cs using Guid(04f2758551c076e4e9060e3117817e29) Importer(2089858483,0ecaa5967403d082aa24f35e1b516d23)  -> (artifact id: 'e421589d0ed280ac7d0e4bf293a87610') in 0.014194 seconds
Number of updated asset objects reloaded before import = 0
Number of asset objects unloaded after import = 1
========================================================================
Received Import Request.
  Time since last request: 0.000089 seconds.
  path: Assets/STYLY_Plugin/STYLY_MaintenanceTool/LocalPreviewTool/Editor/LocalPreviewToolError.cs
  artifactKey: Guid(ed5b97f1aed0b4ede96e95c595b19cd0) Importer(2089858483,0ecaa5967403d082aa24f35e1b516d23)
Start importing Assets/STYLY_Plugin/STYLY_MaintenanceTool/LocalPreviewTool/Editor/LocalPreviewToolError.cs using Guid(ed5b97f1aed0b4ede96e95c595b19cd0) Importer(2089858483,0ecaa5967403d082aa24f35e1b516d23)  -> (artifact id: 'd30d73bef0aefb5871ff5762f03c9d58') in 0.013991 seconds
Number of updated asset objects reloaded before import = 0
Number of asset objects unloaded after import = 1
========================================================================
Received Import Request.
  Time since last request: 0.000010 seconds.
  path: Assets/UniGLTF/Core/Scripts/Format/MonoBehaviourComparator.cs
  artifactKey: Guid(7cee53236ca4f234ab42ba8e92afd178) Importer(2089858483,0ecaa5967403d082aa24f35e1b516d23)
Start importing Assets/UniGLTF/Core/Scripts/Format/MonoBehaviourComparator.cs using Guid(7cee53236ca4f234ab42ba8e92afd178) Importer(2089858483,0ecaa5967403d082aa24f35e1b516d23)  -> (artifact id: '781abf5e36f1317eb40cc7717cac9699') in 0.014986 seconds
Number of updated asset objects reloaded before import = 0
Number of asset objects unloaded after import = 1
========================================================================
Received Import Request.
  Time since last request: 0.000033 seconds.
  path: Assets/UniGLTF/Core/Scripts/IO/BytesReader.cs
  artifactKey: Guid(ecae7b7664269624ba8e03025a53819e) Importer(2089858483,0ecaa5967403d082aa24f35e1b516d23)
Start importing Assets/UniGLTF/Core/Scripts/IO/BytesReader.cs using Guid(ecae7b7664269624ba8e03025a53819e) Importer(2089858483,0ecaa5967403d082aa24f35e1b516d23)  -> (artifact id: '4f73d6710df476df3bc2108ad16c98c2') in 0.017731 seconds
Number of updated asset objects reloaded before import = 0
Number of asset objects unloaded after import = 1
========================================================================
Received Import Request.
  Time since last request: 0.000009 seconds.
  path: Assets/STYLY_Plugin/STYLY_InteractionSDK/Runtime/FeatureComponents/Components/STYLY_Attr_DoNotSync.cs
  artifactKey: Guid(30bd7bb0ce6c71b4f86663d07526cd32) Importer(2089858483,0ecaa5967403d082aa24f35e1b516d23)
Start importing Assets/STYLY_Plugin/STYLY_InteractionSDK/Runtime/FeatureComponents/Components/STYLY_Attr_DoNotSync.cs using Guid(30bd7bb0ce6c71b4f86663d07526cd32) Importer(2089858483,0ecaa5967403d082aa24f35e1b516d23)  -> (artifact id: '49845a784e912b2fbd138886978bd5dc') in 0.017382 seconds
Number of updated asset objects reloaded before import = 0
Number of asset objects unloaded after import = 1
========================================================================
Received Import Request.
  Time since last request: 0.000009 seconds.
  path: Assets/PlayMaker/Actions/Tween/Editor/TweenScaleEditor.cs
  artifactKey: Guid(e8e4c47b1354dfa409fbe1e25ae7bcae) Importer(2089858483,0ecaa5967403d082aa24f35e1b516d23)
Start importing Assets/PlayMaker/Actions/Tween/Editor/TweenScaleEditor.cs using Guid(e8e4c47b1354dfa409fbe1e25ae7bcae) Importer(2089858483,0ecaa5967403d082aa24f35e1b516d23)  -> (artifact id: '11dc9212b1bae5a5512b2162b1d5005a') in 0.016133 seconds
Number of updated asset objects reloaded before import = 0
Number of asset objects unloaded after import = 1
========================================================================
Received Import Request.
  Time since last request: 0.000008 seconds.
  path: Assets/STYLY_Plugin/STYLY_InteractionSDK/Runtime/FeatureComponents/Interfaces/IMover.cs
  artifactKey: Guid(4d863b99b50250649b51a6000d1cc4b4) Importer(2089858483,0ecaa5967403d082aa24f35e1b516d23)
Start importing Assets/STYLY_Plugin/STYLY_InteractionSDK/Runtime/FeatureComponents/Interfaces/IMover.cs using Guid(4d863b99b50250649b51a6000d1cc4b4) Importer(2089858483,0ecaa5967403d082aa24f35e1b516d23)  -> (artifact id: '5fa1447523550a20cb9fba3179fae208') in 0.015108 seconds
Number of updated asset objects reloaded before import = 0
Number of asset objects unloaded after import = 1
========================================================================
Received Import Request.
  Time since last request: 0.000010 seconds.
  path: Assets/STYLY_Plugin/STYLY_InteractionSDK/Runtime/FeatureComponents/Components/STYLY_Attr_Breakable.cs
  artifactKey: Guid(f9473a107b6254e488472bb2b6662fe0) Importer(2089858483,0ecaa5967403d082aa24f35e1b516d23)
Start importing Assets/STYLY_Plugin/STYLY_InteractionSDK/Runtime/FeatureComponents/Components/STYLY_Attr_Breakable.cs using Guid(f9473a107b6254e488472bb2b6662fe0) Importer(2089858483,0ecaa5967403d082aa24f35e1b516d23)  -> (artifact id: '1a3313bef9cf9ea6923d45e74c3bb9a1') in 0.011215 seconds
Number of updated asset objects reloaded before import = 0
Number of asset objects unloaded after import = 1
========================================================================
Received Import Request.
  Time since last request: 0.000009 seconds.
  path: Assets/STYLY_Plugin/STYLY_Playmaker_CustomActions/CustomActions/Release/GLTFLoad.cs
  artifactKey: Guid(7c188088c413bd545ae3611072bc930c) Importer(2089858483,0ecaa5967403d082aa24f35e1b516d23)
Start importing Assets/STYLY_Plugin/STYLY_Playmaker_CustomActions/CustomActions/Release/GLTFLoad.cs using Guid(7c188088c413bd545ae3611072bc930c) Importer(2089858483,0ecaa5967403d082aa24f35e1b516d23)  -> (artifact id: 'e6e1d031af8e7e3787a429945330115a') in 0.012306 seconds
Number of updated asset objects reloaded before import = 0
Number of asset objects unloaded after import = 1
========================================================================
Received Import Request.
  Time since last request: 0.000016 seconds.
  path: Assets/STYLY_Plugin/STYLY_Playmaker_CustomActions/CustomActions/Release/Lib/RestrictHttpRequester.cs
  artifactKey: Guid(759cdb351e4ffd94f99b5533653a7f00) Importer(2089858483,0ecaa5967403d082aa24f35e1b516d23)
Start importing Assets/STYLY_Plugin/STYLY_Playmaker_CustomActions/CustomActions/Release/Lib/RestrictHttpRequester.cs using Guid(759cdb351e4ffd94f99b5533653a7f00) Importer(2089858483,0ecaa5967403d082aa24f35e1b516d23)  -> (artifact id: '80eced9722483a72d4154c6146ad276f') in 0.013603 seconds
Number of updated asset objects reloaded before import = 0
Number of asset objects unloaded after import = 1
========================================================================
Received Import Request.
  Time since last request: 0.000009 seconds.
  path: Assets/STYLY_Plugin/STYLY_InteractionSDK/Editor/FeatureComponents/FeatureComponents.Editor.asmdef
  artifactKey: Guid(5ee7965e5f455f14a9ee486d6f0e4635) Importer(2089858483,0ecaa5967403d082aa24f35e1b516d23)
Start importing Assets/STYLY_Plugin/STYLY_InteractionSDK/Editor/FeatureComponents/FeatureComponents.Editor.asmdef using Guid(5ee7965e5f455f14a9ee486d6f0e4635) Importer(2089858483,0ecaa5967403d082aa24f35e1b516d23)  -> (artifact id: 'f559a6a9fc6ae26055adfa114ef71a27') in 0.018099 seconds
Number of updated asset objects reloaded before import = 0
Number of asset objects unloaded after import = 1
========================================================================
Received Import Request.
  Time since last request: 0.000012 seconds.
  path: Assets/STYLY_Plugin/STYLY_InteractionSDK/Runtime/FeatureComponents/Interfaces/IDestroyTarget.cs
  artifactKey: Guid(caeb25a53eee03e49a061c5eba94749d) Importer(2089858483,0ecaa5967403d082aa24f35e1b516d23)
Start importing Assets/STYLY_Plugin/STYLY_InteractionSDK/Runtime/FeatureComponents/Interfaces/IDestroyTarget.cs using Guid(caeb25a53eee03e49a061c5eba94749d) Importer(2089858483,0ecaa5967403d082aa24f35e1b516d23)  -> (artifact id: '6b2cb022fd2f65f6bfbb2e7dbda75a2c') in 0.015245 seconds
Number of updated asset objects reloaded before import = 0
Number of asset objects unloaded after import = 1
========================================================================
Received Import Request.
  Time since last request: 0.000017 seconds.
  path: Assets/PlayMaker/Actions/UI/EventSystem/UiOnEndDragEvent.cs
  artifactKey: Guid(1ca33874f7a436442a490f0f733e5462) Importer(2089858483,0ecaa5967403d082aa24f35e1b516d23)
Start importing Assets/PlayMaker/Actions/UI/EventSystem/UiOnEndDragEvent.cs using Guid(1ca33874f7a436442a490f0f733e5462) Importer(2089858483,0ecaa5967403d082aa24f35e1b516d23)  -> (artifact id: '89fbcc64d27c715fbaf2eb6c69b5499e') in 0.014620 seconds
Number of updated asset objects reloaded before import = 0
Number of asset objects unloaded after import = 1
========================================================================
Received Import Request.
  Time since last request: 0.000010 seconds.
  path: Assets/UniGLTF/UniJSON/Scripts/JsonSchemaValidator/JsonNumberValidator.cs
  artifactKey: Guid(fb1d83ccd68b93c47821000b53471eae) Importer(2089858483,0ecaa5967403d082aa24f35e1b516d23)
Start importing Assets/UniGLTF/UniJSON/Scripts/JsonSchemaValidator/JsonNumberValidator.cs using Guid(fb1d83ccd68b93c47821000b53471eae) Importer(2089858483,0ecaa5967403d082aa24f35e1b516d23)  -> (artifact id: 'd6e484cf0f30beda0e613f45ba618f23') in 0.015397 seconds
Number of updated asset objects reloaded before import = 0
Number of asset objects unloaded after import = 1
========================================================================
Received Import Request.
  Time since last request: 0.000013 seconds.
  path: Assets/UniGLTF/UniJSON/Editor/Tests/MsgPack/FloatTest.cs
  artifactKey: Guid(51cdc6be3b73a34429cae41cd020c71c) Importer(2089858483,0ecaa5967403d082aa24f35e1b516d23)
Start importing Assets/UniGLTF/UniJSON/Editor/Tests/MsgPack/FloatTest.cs using Guid(51cdc6be3b73a34429cae41cd020c71c) Importer(2089858483,0ecaa5967403d082aa24f35e1b516d23)  -> (artifact id: 'd21cc57fdf4515f47a370db61e9cdc46') in 0.014800 seconds
Number of updated asset objects reloaded before import = 0
Number of asset objects unloaded after import = 1
========================================================================
Received Import Request.
  Time since last request: 0.000009 seconds.
  path: Assets/STYLY_Plugin/STYLY_MaintenanceTool/Scripts/Editor/StylyAnalytics/GoogleAnalyticsRequestParams.cs
  artifactKey: Guid(ee6c03916e4f2674388ccaeb94293131) Importer(2089858483,0ecaa5967403d082aa24f35e1b516d23)
Start importing Assets/STYLY_Plugin/STYLY_MaintenanceTool/Scripts/Editor/StylyAnalytics/GoogleAnalyticsRequestParams.cs using Guid(ee6c03916e4f2674388ccaeb94293131) Importer(2089858483,0ecaa5967403d082aa24f35e1b516d23)  -> (artifact id: '88b21e3e522a0a3b4141fe191d951a0e') in 0.016413 seconds
Number of updated asset objects reloaded before import = 0
Number of asset objects unloaded after import = 1
========================================================================
Received Import Request.
  Time since last request: 0.000045 seconds.
  path: Assets/STYLY_Plugin/STYLY_MaintenanceTool/Scripts/Editor/EnvConfig/EnvConfigParser.cs
  artifactKey: Guid(3af550cbfa2035343b31cc637403b963) Importer(2089858483,0ecaa5967403d082aa24f35e1b516d23)
Start importing Assets/STYLY_Plugin/STYLY_MaintenanceTool/Scripts/Editor/EnvConfig/EnvConfigParser.cs using Guid(3af550cbfa2035343b31cc637403b963) Importer(2089858483,0ecaa5967403d082aa24f35e1b516d23)  -> (artifact id: '10c3406c03a8dac9b5f6c1e32cf2d431') in 0.017249 seconds
Number of updated asset objects reloaded before import = 0
Number of asset objects unloaded after import = 1
========================================================================
Received Import Request.
  Time since last request: 0.000082 seconds.
  path: Assets/UniGLTF/Core/Scripts/IO/TriangleUtil.cs
  artifactKey: Guid(3d3209540c7379646b36b389bea94f6f) Importer(2089858483,0ecaa5967403d082aa24f35e1b516d23)
Start importing Assets/UniGLTF/Core/Scripts/IO/TriangleUtil.cs using Guid(3d3209540c7379646b36b389bea94f6f) Importer(2089858483,0ecaa5967403d082aa24f35e1b516d23)  -> (artifact id: '584a20e6644b1bef3ff32c5983cb07d4') in 0.023695 seconds
Number of updated asset objects reloaded before import = 0
Number of asset objects unloaded after import = 1
========================================================================
Received Import Request.
  Time since last request: 0.000020 seconds.
  path: Assets/STYLY_Plugin/STYLY_Playmaker_CustomActions/CustomActions/Release/VideoInit.cs
  artifactKey: Guid(48a36ace271865242b045bd9d64dafdd) Importer(2089858483,0ecaa5967403d082aa24f35e1b516d23)
Start importing Assets/STYLY_Plugin/STYLY_Playmaker_CustomActions/CustomActions/Release/VideoInit.cs using Guid(48a36ace271865242b045bd9d64dafdd) Importer(2089858483,0ecaa5967403d082aa24f35e1b516d23)  -> (artifact id: '5c824b8f7e8e5a743da5f5e476fb3ebb') in 0.014001 seconds
Number of updated asset objects reloaded before import = 0
Number of asset objects unloaded after import = 0
========================================================================
Received Import Request.
  Time since last request: 0.000075 seconds.
  path: Assets/UniGLTF/UniHumanoid/Scripts/IO/Extensions/UnityExtensions.cs
  artifactKey: Guid(6c4a2b80b74e499428637f36774bbdcf) Importer(2089858483,0ecaa5967403d082aa24f35e1b516d23)
Start importing Assets/UniGLTF/UniHumanoid/Scripts/IO/Extensions/UnityExtensions.cs using Guid(6c4a2b80b74e499428637f36774bbdcf) Importer(2089858483,0ecaa5967403d082aa24f35e1b516d23)  -> (artifact id: 'f4cf3db02d49adada93a4f3579d88554') in 0.014647 seconds
Number of updated asset objects reloaded before import = 0
Number of asset objects unloaded after import = 1
========================================================================
Received Import Request.
  Time since last request: 0.000021 seconds.
  path: Assets/UniGLTF/Core/Scripts/PreExportShaderProps/UniGLTF_UniUnlit.cs
  artifactKey: Guid(ad4b6b115b83ecd48a513f697afc95f0) Importer(2089858483,0ecaa5967403d082aa24f35e1b516d23)
Start importing Assets/UniGLTF/Core/Scripts/PreExportShaderProps/UniGLTF_UniUnlit.cs using Guid(ad4b6b115b83ecd48a513f697afc95f0) Importer(2089858483,0ecaa5967403d082aa24f35e1b516d23)  -> (artifact id: '506c62b3a6064768854ad6273d6034d6') in 0.014055 seconds
Number of updated asset objects reloaded before import = 0
Number of asset objects unloaded after import = 1
========================================================================
Received Import Request.
  Time since last request: 0.000011 seconds.
  path: Assets/PlayMaker/Actions/SceneManager/Editor/GetScenePathCustomEditor.cs
  artifactKey: Guid(4df77c150640c4ce6b6b0bcbfc332a67) Importer(2089858483,0ecaa5967403d082aa24f35e1b516d23)
Start importing Assets/PlayMaker/Actions/SceneManager/Editor/GetScenePathCustomEditor.cs using Guid(4df77c150640c4ce6b6b0bcbfc332a67) Importer(2089858483,0ecaa5967403d082aa24f35e1b516d23)  -> (artifact id: 'cc38b3c8476f12c244ae47448c203fcc') in 0.013491 seconds
Number of updated asset objects reloaded before import = 0
Number of asset objects unloaded after import = 1
Editor requested this worker to shutdown with reason: Scaling down because of idle timeout
TcpMessagingSession - receive error: operation aborted. errorcode: 995, details: スレッドの終了またはアプリケーションの要求によって、I/O 処理は中止されました。
AssetImportWorker is now disconnected from the server
Process exiting
Exiting without the bug reporter. Application will terminate with return code 0