Using pre-set license
Built from '2022.3/staging' branch; Version is '2022.3.24f1 (334eb2a0b267) revision 3362482'; Using compiler version '192829333'; Build Type 'Release'
OS: 'Windows 11  (10.0.22631) 64bit Core' Language: 'ja' Physical Memory: 32611 MB
BatchMode: 1, IsHumanControllingUs: 0, StartBugReporterOnCrash: 0, Is64bit: 1, IsPro: 1

COMMAND LINE ARGUMENTS:
C:\Program Files\Unity\Hub\Editor\2022.3.24f1\Editor\Unity.exe
-adb2
-batchMode
-noUpm
-name
AssetImportWorker1
-projectPath
D:/Unity/SW_github/SW_OZ_ver2/SW OZ
-logFile
Logs/AssetImportWorker1.log
-srvPort
57927
Successfully changed project path to: D:/Unity/SW_github/SW_OZ_ver2/SW OZ
D:/Unity/SW_github/SW_OZ_ver2/SW OZ
[UnityMemory] Configuration Parameters - Can be set up in boot.config
    "memorysetup-bucket-allocator-granularity=16"
    "memorysetup-bucket-allocator-bucket-count=8"
    "memorysetup-bucket-allocator-block-size=33554432"
    "memorysetup-bucket-allocator-block-count=8"
    "memorysetup-main-allocator-block-size=16777216"
    "memorysetup-thread-allocator-block-size=16777216"
    "memorysetup-gfx-main-allocator-block-size=16777216"
    "memorysetup-gfx-thread-allocator-block-size=16777216"
    "memorysetup-cache-allocator-block-size=4194304"
    "memorysetup-typetree-allocator-block-size=2097152"
    "memorysetup-profiler-bucket-allocator-granularity=16"
    "memorysetup-profiler-bucket-allocator-bucket-count=8"
    "memorysetup-profiler-bucket-allocator-block-size=33554432"
    "memorysetup-profiler-bucket-allocator-block-count=8"
    "memorysetup-profiler-allocator-block-size=16777216"
    "memorysetup-profiler-editor-allocator-block-size=1048576"
    "memorysetup-temp-allocator-size-main=16777216"
    "memorysetup-job-temp-allocator-block-size=2097152"
    "memorysetup-job-temp-allocator-block-size-background=1048576"
    "memorysetup-job-temp-allocator-reduction-small-platforms=262144"
    "memorysetup-allocator-temp-initial-block-size-main=262144"
    "memorysetup-allocator-temp-initial-block-size-worker=262144"
    "memorysetup-temp-allocator-size-background-worker=32768"
    "memorysetup-temp-allocator-size-job-worker=262144"
    "memorysetup-temp-allocator-size-preload-manager=33554432"
    "memorysetup-temp-allocator-size-nav-mesh-worker=65536"
    "memorysetup-temp-allocator-size-audio-worker=65536"
    "memorysetup-temp-allocator-size-cloud-worker=32768"
    "memorysetup-temp-allocator-size-gi-baking-worker=262144"
    "memorysetup-temp-allocator-size-gfx=262144"
Player connection [47020] Host "[IP] 192.168.11.2 [Port] 0 [Flags] 2 [Guid] 3624925988 [EditorId] 3624925988 [Version] 1048832 [Id] WindowsEditor(7,M_F) [Debug] 1 [PackageName] WindowsEditor [ProjectName] Editor" joined multi-casting on [225.0.0.222:54997]...

Player connection [47020] Host "[IP] 192.168.11.2 [Port] 0 [Flags] 2 [Guid] 3624925988 [EditorId] 3624925988 [Version] 1048832 [Id] WindowsEditor(7,M_F) [Debug] 1 [PackageName] WindowsEditor [ProjectName] Editor" joined alternative multi-casting on [225.0.0.222:34997]...

[Physics::Module] Initialized MultithreadedJobDispatcher with 31 workers.
Refreshing native plugins compatible for Editor in 7.65 ms, found 4 plugins.
Preloading 0 native plugins for Editor in 0.00 ms.
Initialize engine version: 2022.3.24f1 (334eb2a0b267)
[Subsystems] Discovering subsystems at path C:/Program Files/Unity/Hub/Editor/2022.3.24f1/Editor/Data/Resources/UnitySubsystems
[Subsystems] Discovering subsystems at path D:/Unity/SW_github/SW_OZ_ver2/SW OZ/Assets
GfxDevice: creating device client; threaded=0; jobified=0
Direct3D:
    Version:  Direct3D 11.0 [level 11.1]
    Renderer: NVIDIA GeForce RTX 3060 (ID=0x2504)
    Vendor:   NVIDIA
    VRAM:     12129 MB
    Driver:   31.0.15.3598
Initialize mono
Mono path[0] = 'C:/Program Files/Unity/Hub/Editor/2022.3.24f1/Editor/Data/Managed'
Mono path[1] = 'C:/Program Files/Unity/Hub/Editor/2022.3.24f1/Editor/Data/MonoBleedingEdge/lib/mono/unityjit-win32'
Mono config path = 'C:/Program Files/Unity/Hub/Editor/2022.3.24f1/Editor/Data/MonoBleedingEdge/etc'
Using monoOptions --debugger-agent=transport=dt_socket,embedding=1,server=y,suspend=n,address=127.0.0.1:56260
Begin MonoManager ReloadAssembly
Registering precompiled unity dll's ...
Register platform support module: C:/Program Files/Unity/Hub/Editor/2022.3.24f1/Editor/Data/PlaybackEngines/WebGLSupport/UnityEditor.WebGL.Extensions.dll
Register platform support module: C:/Program Files/Unity/Hub/Editor/2022.3.24f1/Editor/Data/PlaybackEngines/MacStandaloneSupport/UnityEditor.OSXStandalone.Extensions.dll
Register platform support module: C:/Program Files/Unity/Hub/Editor/2022.3.24f1/Editor/Data/PlaybackEngines/AndroidPlayer/UnityEditor.Android.Extensions.dll
Register platform support module: C:/Program Files/Unity/Hub/Editor/2022.3.24f1/Editor/Data/PlaybackEngines/iOSSupport/UnityEditor.iOS.Extensions.dll
Register platform support module: C:/Program Files/Unity/Hub/Editor/2022.3.24f1/Editor/Data/PlaybackEngines/WindowsStandaloneSupport/UnityEditor.WindowsStandalone.Extensions.dll
Registered in 0.007489 seconds.
- Loaded All Assemblies, in  0.206 seconds
Native extension for WindowsStandalone target not found
[usbmuxd] Start listen thread
[usbmuxd] Listen thread started
Native extension for iOS target not found
Native extension for Android target not found
Native extension for OSXStandalone target not found
Native extension for WebGL target not found
Mono: successfully reloaded assembly
- Finished resetting the current domain, in  0.176 seconds
Domain Reload Profiling: 381ms
	BeginReloadAssembly (62ms)
		ExecutionOrderSort (0ms)
		DisableScriptedObjects (0ms)
		BackupInstance (0ms)
		ReleaseScriptingObjects (0ms)
		CreateAndSetChildDomain (0ms)
	RebuildCommonClasses (19ms)
	RebuildNativeTypeToScriptingClass (6ms)
	initialDomainReloadingComplete (34ms)
	LoadAllAssembliesAndSetupDomain (85ms)
		LoadAssemblies (62ms)
		RebuildTransferFunctionScriptingTraits (0ms)
		AnalyzeDomain (82ms)
			TypeCache.Refresh (81ms)
				TypeCache.ScanAssembly (73ms)
			ScanForSourceGeneratedMonoScriptInfo (0ms)
			ResolveRequiredComponents (0ms)
	FinalizeReload (176ms)
		ReleaseScriptCaches (0ms)
		RebuildScriptCaches (0ms)
		SetupLoadedEditorAssemblies (145ms)
			LogAssemblyErrors (0ms)
			InitializePlatformSupportModulesInManaged (56ms)
			SetLoadedEditorAssemblies (2ms)
			RefreshPlugins (0ms)
			BeforeProcessingInitializeOnLoad (1ms)
			ProcessInitializeOnLoadAttributes (61ms)
			ProcessInitializeOnLoadMethodAttributes (25ms)
			AfterProcessingInitializeOnLoad (0ms)
			EditorAssembliesLoaded (0ms)
		ExecutionOrderSort2 (0ms)
		AwakeInstancesAfterBackupRestoration (0ms)
========================================================================
Worker process is ready to serve import requests
Begin MonoManager ReloadAssembly
- Loaded All Assemblies, in  0.531 seconds
Refreshing native plugins compatible for Editor in 5.59 ms, found 4 plugins.
Native extension for WindowsStandalone target not found
Native extension for iOS target not found
Native extension for Android target not found
Native extension for OSXStandalone target not found
Native extension for WebGL target not found
Package Manager log level set to [2]
[Package Manager] Server::EnsureServerProcessIsRunning -- launch failed, reason: Unity was launched with the -noUpm command-line argument
[Package Manager] UpmClient::Send -- Unable to send message (not connected to UPM process).
[Package Manager] Cannot connect to Unity Package Manager local server
Mono: successfully reloaded assembly
- Finished resetting the current domain, in  0.325 seconds
Domain Reload Profiling: 855ms
	BeginReloadAssembly (95ms)
		ExecutionOrderSort (0ms)
		DisableScriptedObjects (3ms)
		BackupInstance (0ms)
		ReleaseScriptingObjects (0ms)
		CreateAndSetChildDomain (13ms)
	RebuildCommonClasses (18ms)
	RebuildNativeTypeToScriptingClass (6ms)
	initialDomainReloadingComplete (24ms)
	LoadAllAssembliesAndSetupDomain (387ms)
		LoadAssemblies (367ms)
		RebuildTransferFunctionScriptingTraits (0ms)
		AnalyzeDomain (69ms)
			TypeCache.Refresh (58ms)
				TypeCache.ScanAssembly (49ms)
			ScanForSourceGeneratedMonoScriptInfo (7ms)
			ResolveRequiredComponents (2ms)
	FinalizeReload (326ms)
		ReleaseScriptCaches (0ms)
		RebuildScriptCaches (0ms)
		SetupLoadedEditorAssemblies (244ms)
			LogAssemblyErrors (0ms)
			InitializePlatformSupportModulesInManaged (23ms)
			SetLoadedEditorAssemblies (2ms)
			RefreshPlugins (0ms)
			BeforeProcessingInitializeOnLoad (39ms)
			ProcessInitializeOnLoadAttributes (165ms)
			ProcessInitializeOnLoadMethodAttributes (12ms)
			AfterProcessingInitializeOnLoad (3ms)
			EditorAssembliesLoaded (0ms)
		ExecutionOrderSort2 (0ms)
		AwakeInstancesAfterBackupRestoration (4ms)
Failed to load shader (instanceID 412, GUID 3e39586253f31b34f87fa7e133449b1e)
Launched and connected shader compiler UnityShaderCompiler.exe after 0.04 seconds
Refreshing native plugins compatible for Editor in 2.36 ms, found 4 plugins.
Preloading 0 native plugins for Editor in 0.00 ms.
Unloading 2877 Unused Serialized files (Serialized files now loaded: 0)
Unloading 46 unused Assets / (62.4 KB). Loaded Objects now: 3445.
Memory consumption went from 123.3 MB to 123.3 MB.
Total: 1.771600 ms (FindLiveObjects: 0.124200 ms CreateObjectMapping: 0.040000 ms MarkObjects: 1.532600 ms  DeleteObjects: 0.073900 ms)

AssetImportParameters requested are different than current active one (requested -> active):
  custom:video-decoder-webm-vp8: 9c59270c3fd7afecdb556c50c9e8de78 -> 
  custom:SearchIndexIgnoredProperties: e643bd26f0fe6173181afceb89e7c659 -> 
  custom:container-demuxer-ogg: 62fdf1f143b41e24485cea50d1cbac27 -> 
  custom:AudioImporter_EditorPlatform: d09bf68614088b80899f8185d706f6e7 -> 
  custom:video-codec-MediaFoundation-h265: 746d11721c4dcdbdad8f713fa42b33f4 -> 
  custom:video-decoder-ogg-theora: a1e56fd34408186e4bbccfd4996cb3dc -> 
  custom:framework-win-MediaFoundation: 216162199b28c13a410421893ffa2e32 -> 
  custom:video-encoder-webm-vp8: eb34c28f22e8b96e1ab97ce403110664 -> 
  custom:audio-decoder-ogg-vorbis: bf7c407c2cedff20999df2af8eb42d56 -> 
  custom:CustomObjectIndexerAttribute: 9a22284fe3817be447336de3de66b15e -> 
  custom:container-demuxer-webm: 4f35f7cbe854078d1ac9338744f61a02 -> 
  custom:audio-encoder-webm-vorbis: bf7c407c2cedff20999df2af8eb42d56 -> 
  custom:container-muxer-webm: aa71ff27fc2769a1b78a27578f13a17b -> 
========================================================================
Received Import Request.
  Time since last request: 246043.451695 seconds.
  path: Assets/FujitoWork
  artifactKey: Guid(a4daadf4c737d344291bd7eb24aedfed) Importer(815301076,1909f56bfc062723c751e8b465ee728b)
Start importing Assets/FujitoWork using Guid(a4daadf4c737d344291bd7eb24aedfed) Importer(815301076,1909f56bfc062723c751e8b465ee728b)  -> (artifact id: '18fea159c082d39e70685802e38b203b') in 0.001783 seconds
Number of updated asset objects reloaded before import = 0
Number of asset objects unloaded after import = 0
========================================================================
Received Prepare
Begin MonoManager ReloadAssembly
- Loaded All Assemblies, in  0.548 seconds
Refreshing native plugins compatible for Editor in 3.25 ms, found 4 plugins.
Native extension for WindowsStandalone target not found
Native extension for iOS target not found
Native extension for Android target not found
Native extension for OSXStandalone target not found
Native extension for WebGL target not found
[Package Manager] Server::EnsureServerProcessIsRunning -- launch failed, reason: Unity was launched with the -noUpm command-line argument
[Package Manager] UpmClient::Send -- Unable to send message (not connected to UPM process).
[Package Manager] Cannot connect to Unity Package Manager local server
Mono: successfully reloaded assembly
- Finished resetting the current domain, in  0.424 seconds
Domain Reload Profiling: 971ms
	BeginReloadAssembly (100ms)
		ExecutionOrderSort (0ms)
		DisableScriptedObjects (2ms)
		BackupInstance (0ms)
		ReleaseScriptingObjects (0ms)
		CreateAndSetChildDomain (22ms)
	RebuildCommonClasses (18ms)
	RebuildNativeTypeToScriptingClass (6ms)
	initialDomainReloadingComplete (18ms)
	LoadAllAssembliesAndSetupDomain (404ms)
		LoadAssemblies (442ms)
		RebuildTransferFunctionScriptingTraits (0ms)
		AnalyzeDomain (15ms)
			TypeCache.Refresh (7ms)
				TypeCache.ScanAssembly (2ms)
			ScanForSourceGeneratedMonoScriptInfo (4ms)
			ResolveRequiredComponents (2ms)
	FinalizeReload (425ms)
		ReleaseScriptCaches (0ms)
		RebuildScriptCaches (0ms)
		SetupLoadedEditorAssemblies (245ms)
			LogAssemblyErrors (0ms)
			InitializePlatformSupportModulesInManaged (25ms)
			SetLoadedEditorAssemblies (2ms)
			RefreshPlugins (0ms)
			BeforeProcessingInitializeOnLoad (55ms)
			ProcessInitializeOnLoadAttributes (147ms)
			ProcessInitializeOnLoadMethodAttributes (13ms)
			AfterProcessingInitializeOnLoad (3ms)
			EditorAssembliesLoaded (0ms)
		ExecutionOrderSort2 (0ms)
		AwakeInstancesAfterBackupRestoration (4ms)
Failed to load shader (instanceID 412, GUID 3e39586253f31b34f87fa7e133449b1e)
Refreshing native plugins compatible for Editor in 2.77 ms, found 4 plugins.
Preloading 0 native plugins for Editor in 0.00 ms.
Unloading 2870 Unused Serialized files (Serialized files now loaded: 0)
Unloading 37 unused Assets / (236.3 KB). Loaded Objects now: 3452.
Memory consumption went from 123.5 MB to 123.2 MB.
Total: 1.768700 ms (FindLiveObjects: 0.147300 ms CreateObjectMapping: 0.044800 ms MarkObjects: 1.439300 ms  DeleteObjects: 0.136700 ms)

Prepare: number of updated asset objects reloaded= 1
AssetImportParameters requested are different than current active one (requested -> active):
  custom:video-decoder-webm-vp8: 9c59270c3fd7afecdb556c50c9e8de78 -> 
  custom:SearchIndexIgnoredProperties: e643bd26f0fe6173181afceb89e7c659 -> 
  custom:container-demuxer-ogg: 62fdf1f143b41e24485cea50d1cbac27 -> 
  custom:AudioImporter_EditorPlatform: d09bf68614088b80899f8185d706f6e7 -> 
  custom:video-codec-MediaFoundation-h265: 746d11721c4dcdbdad8f713fa42b33f4 -> 
  custom:video-decoder-ogg-theora: a1e56fd34408186e4bbccfd4996cb3dc -> 
  custom:framework-win-MediaFoundation: 216162199b28c13a410421893ffa2e32 -> 
  custom:video-encoder-webm-vp8: eb34c28f22e8b96e1ab97ce403110664 -> 
  custom:audio-decoder-ogg-vorbis: bf7c407c2cedff20999df2af8eb42d56 -> 
  custom:CustomObjectIndexerAttribute: 9a22284fe3817be447336de3de66b15e -> 
  custom:container-demuxer-webm: 4f35f7cbe854078d1ac9338744f61a02 -> 
  custom:audio-encoder-webm-vorbis: bf7c407c2cedff20999df2af8eb42d56 -> 
  custom:container-muxer-webm: aa71ff27fc2769a1b78a27578f13a17b -> 
========================================================================
Received Prepare
Begin MonoManager ReloadAssembly
- Loaded All Assemblies, in  0.510 seconds
Refreshing native plugins compatible for Editor in 3.25 ms, found 4 plugins.
Native extension for WindowsStandalone target not found
Native extension for iOS target not found
Native extension for Android target not found
Native extension for OSXStandalone target not found
Native extension for WebGL target not found
[Package Manager] Server::EnsureServerProcessIsRunning -- launch failed, reason: Unity was launched with the -noUpm command-line argument
[Package Manager] UpmClient::Send -- Unable to send message (not connected to UPM process).
[Package Manager] Cannot connect to Unity Package Manager local server
Mono: successfully reloaded assembly
- Finished resetting the current domain, in  0.424 seconds
Domain Reload Profiling: 932ms
	BeginReloadAssembly (89ms)
		ExecutionOrderSort (0ms)
		DisableScriptedObjects (2ms)
		BackupInstance (0ms)
		ReleaseScriptingObjects (0ms)
		CreateAndSetChildDomain (17ms)
	RebuildCommonClasses (18ms)
	RebuildNativeTypeToScriptingClass (6ms)
	initialDomainReloadingComplete (18ms)
	LoadAllAssembliesAndSetupDomain (377ms)
		LoadAssemblies (410ms)
		RebuildTransferFunctionScriptingTraits (0ms)
		AnalyzeDomain (14ms)
			TypeCache.Refresh (7ms)
				TypeCache.ScanAssembly (2ms)
			ScanForSourceGeneratedMonoScriptInfo (4ms)
			ResolveRequiredComponents (2ms)
	FinalizeReload (425ms)
		ReleaseScriptCaches (0ms)
		RebuildScriptCaches (0ms)
		SetupLoadedEditorAssemblies (243ms)
			LogAssemblyErrors (0ms)
			InitializePlatformSupportModulesInManaged (24ms)
			SetLoadedEditorAssemblies (2ms)
			RefreshPlugins (0ms)
			BeforeProcessingInitializeOnLoad (54ms)
			ProcessInitializeOnLoadAttributes (147ms)
			ProcessInitializeOnLoadMethodAttributes (12ms)
			AfterProcessingInitializeOnLoad (3ms)
			EditorAssembliesLoaded (0ms)
		ExecutionOrderSort2 (0ms)
		AwakeInstancesAfterBackupRestoration (4ms)
Failed to load shader (instanceID 412, GUID 3e39586253f31b34f87fa7e133449b1e)
Refreshing native plugins compatible for Editor in 3.71 ms, found 4 plugins.
Preloading 0 native plugins for Editor in 0.00 ms.
Unloading 2871 Unused Serialized files (Serialized files now loaded: 0)
Unloading 37 unused Assets / (235.2 KB). Loaded Objects now: 3455.
Memory consumption went from 125.7 MB to 125.4 MB.
Total: 1.714200 ms (FindLiveObjects: 0.128800 ms CreateObjectMapping: 0.033800 ms MarkObjects: 1.426000 ms  DeleteObjects: 0.124500 ms)

Prepare: number of updated asset objects reloaded= 0
AssetImportParameters requested are different than current active one (requested -> active):
  custom:video-decoder-webm-vp8: 9c59270c3fd7afecdb556c50c9e8de78 -> 
  custom:SearchIndexIgnoredProperties: e643bd26f0fe6173181afceb89e7c659 -> 
  custom:container-demuxer-ogg: 62fdf1f143b41e24485cea50d1cbac27 -> 
  custom:AudioImporter_EditorPlatform: d09bf68614088b80899f8185d706f6e7 -> 
  custom:video-codec-MediaFoundation-h265: 746d11721c4dcdbdad8f713fa42b33f4 -> 
  custom:video-decoder-ogg-theora: a1e56fd34408186e4bbccfd4996cb3dc -> 
  custom:framework-win-MediaFoundation: 216162199b28c13a410421893ffa2e32 -> 
  custom:video-encoder-webm-vp8: eb34c28f22e8b96e1ab97ce403110664 -> 
  custom:audio-decoder-ogg-vorbis: bf7c407c2cedff20999df2af8eb42d56 -> 
  custom:CustomObjectIndexerAttribute: 9a22284fe3817be447336de3de66b15e -> 
  custom:container-demuxer-webm: 4f35f7cbe854078d1ac9338744f61a02 -> 
  custom:audio-encoder-webm-vorbis: bf7c407c2cedff20999df2af8eb42d56 -> 
  custom:container-muxer-webm: aa71ff27fc2769a1b78a27578f13a17b -> 
========================================================================
Received Import Request.
  Time since last request: 8207.655109 seconds.
  path: Assets/Gizmos/FsmTemplate Icon.png
  artifactKey: Guid(b79a8c6a7f59ffe4caefb7ee0dbb6c28) Importer(2089858483,0ecaa5967403d082aa24f35e1b516d23)
Start importing Assets/Gizmos/FsmTemplate Icon.png using Guid(b79a8c6a7f59ffe4caefb7ee0dbb6c28) Importer(2089858483,0ecaa5967403d082aa24f35e1b516d23)  -> (artifact id: '0451eaa06749238a14f43e0868881afa') in 0.393397 seconds
Number of updated asset objects reloaded before import = 0
Number of asset objects unloaded after import = 1
========================================================================
Received Import Request.
  Time since last request: 0.000034 seconds.
  path: Assets/3D/sion/TestCircleRandom.fbx
  artifactKey: Guid(ddb0939f88793854fa65ff2f53a1cae0) Importer(2089858483,0ecaa5967403d082aa24f35e1b516d23)
Start importing Assets/3D/sion/TestCircleRandom.fbx using Guid(ddb0939f88793854fa65ff2f53a1cae0) Importer(2089858483,0ecaa5967403d082aa24f35e1b516d23)  -> (artifact id: 'e108dea5c8f168cfe7859f0a524a6e45') in 0.066503 seconds
Number of updated asset objects reloaded before import = 0
Number of asset objects unloaded after import = 7
========================================================================
Received Import Request.
  Time since last request: 0.000020 seconds.
  path: Assets/Fishing Docks and Boats/Models/SM_CoolerBox_01d.fbx
  artifactKey: Guid(b817133f023216a4abc1c7e0a88d9577) Importer(2089858483,0ecaa5967403d082aa24f35e1b516d23)
Start importing Assets/Fishing Docks and Boats/Models/SM_CoolerBox_01d.fbx using Guid(b817133f023216a4abc1c7e0a88d9577) Importer(2089858483,0ecaa5967403d082aa24f35e1b516d23)  -> (artifact id: '3915818dd8c0a78254fcd6d0fb92e92c') in 0.030964 seconds
Number of updated asset objects reloaded before import = 0
Number of asset objects unloaded after import = 7
========================================================================
Received Import Request.
  Time since last request: 0.000012 seconds.
  path: Assets/Fishing Docks and Boats/Materials/M_BoatFender.mat
  artifactKey: Guid(91553ca2f631c454bb6b67e7c830a4ef) Importer(2089858483,0ecaa5967403d082aa24f35e1b516d23)
Start importing Assets/Fishing Docks and Boats/Materials/M_BoatFender.mat using Guid(91553ca2f631c454bb6b67e7c830a4ef) Importer(2089858483,0ecaa5967403d082aa24f35e1b516d23)  -> (artifact id: 'cd26af962af880c8d0b56ff115b17133') in 0.014868 seconds
Number of updated asset objects reloaded before import = 0
Number of asset objects unloaded after import = 1
========================================================================
Received Import Request.
  Time since last request: 0.000017 seconds.
  path: Assets/Fishing Docks and Boats/Models/SM_TyreChain_01a.fbx
  artifactKey: Guid(9cb0c2ec1c5a4fe4d9d68d415a5d4132) Importer(2089858483,0ecaa5967403d082aa24f35e1b516d23)
Start importing Assets/Fishing Docks and Boats/Models/SM_TyreChain_01a.fbx using Guid(9cb0c2ec1c5a4fe4d9d68d415a5d4132) Importer(2089858483,0ecaa5967403d082aa24f35e1b516d23)  -> (artifact id: 'e7fd7bf9e123dd597c8457f4dd2aef83') in 0.025228 seconds
Number of updated asset objects reloaded before import = 0
Number of asset objects unloaded after import = 7
========================================================================
Received Import Request.
  Time since last request: 0.000012 seconds.
  path: Assets/STYLY_Plugin/PluginUpdateNotifierSettings.asset
  artifactKey: Guid(5f314f72fa3521f4fadab10094dcadf9) Importer(2089858483,0ecaa5967403d082aa24f35e1b516d23)
Start importing Assets/STYLY_Plugin/PluginUpdateNotifierSettings.asset using Guid(5f314f72fa3521f4fadab10094dcadf9) Importer(2089858483,0ecaa5967403d082aa24f35e1b516d23)  -> (artifact id: '53801639fe3896a3bc5ae9b087c99827') in 0.020281 seconds
Number of updated asset objects reloaded before import = 0
Number of asset objects unloaded after import = 1
========================================================================
Received Import Request.
  Time since last request: 0.000012 seconds.
  path: Assets/Fishing Docks and Boats/Models/SM_Fishing_Hat_01a.fbx
  artifactKey: Guid(b29355f6854afd6419d381e2fad64e64) Importer(2089858483,0ecaa5967403d082aa24f35e1b516d23)
Start importing Assets/Fishing Docks and Boats/Models/SM_Fishing_Hat_01a.fbx using Guid(b29355f6854afd6419d381e2fad64e64) Importer(2089858483,0ecaa5967403d082aa24f35e1b516d23)  -> (artifact id: '6f568761ea38f1253b5c5a131e90876a') in 0.026802 seconds
Number of updated asset objects reloaded before import = 0
Number of asset objects unloaded after import = 7
========================================================================
Received Import Request.
  Time since last request: 0.000013 seconds.
  path: Assets/Fishing Docks and Boats/Materials/M_Floor.mat
  artifactKey: Guid(bebcd926ceaa9044a9a38b7e6080044a) Importer(2089858483,0ecaa5967403d082aa24f35e1b516d23)
Start importing Assets/Fishing Docks and Boats/Materials/M_Floor.mat using Guid(bebcd926ceaa9044a9a38b7e6080044a) Importer(2089858483,0ecaa5967403d082aa24f35e1b516d23)  -> (artifact id: '9b5b73851469a9ba680f34715965da32') in 0.011410 seconds
Number of updated asset objects reloaded before import = 0
Number of asset objects unloaded after import = 1
========================================================================
Received Import Request.
  Time since last request: 0.000013 seconds.
  path: Assets/Gizmos/VariableTypeDefinitionAsset Icon.png
  artifactKey: Guid(30bf117e9e9b31c478115ce54be2ef9d) Importer(2089858483,0ecaa5967403d082aa24f35e1b516d23)
Start importing Assets/Gizmos/VariableTypeDefinitionAsset Icon.png using Guid(30bf117e9e9b31c478115ce54be2ef9d) Importer(2089858483,0ecaa5967403d082aa24f35e1b516d23)  -> (artifact id: '9761d2779d7d7b128bf5cba8644e9698') in 0.038190 seconds
Number of updated asset objects reloaded before import = 0
Number of asset objects unloaded after import = 1
========================================================================
Received Import Request.
  Time since last request: 0.000073 seconds.
  path: Assets/Fishing Docks and Boats/Models/SM_FlareGun_01b_c.fbx
  artifactKey: Guid(1380b414ab5e47a4da5f1db4eaac2c96) Importer(2089858483,0ecaa5967403d082aa24f35e1b516d23)
Start importing Assets/Fishing Docks and Boats/Models/SM_FlareGun_01b_c.fbx using Guid(1380b414ab5e47a4da5f1db4eaac2c96) Importer(2089858483,0ecaa5967403d082aa24f35e1b516d23)  -> (artifact id: '82b0cbdc5c5d4c0ab8a387c82854e165') in 0.025072 seconds
Number of updated asset objects reloaded before import = 0
Number of asset objects unloaded after import = 7
========================================================================
Received Import Request.
  Time since last request: 0.000013 seconds.
  path: Assets/Fishing Docks and Boats/Models/SM_Fishing_Rod_Closed_01a.fbx
  artifactKey: Guid(08cb8bc08bb617f4b8906325d3aa2f6d) Importer(2089858483,0ecaa5967403d082aa24f35e1b516d23)
Start importing Assets/Fishing Docks and Boats/Models/SM_Fishing_Rod_Closed_01a.fbx using Guid(08cb8bc08bb617f4b8906325d3aa2f6d) Importer(2089858483,0ecaa5967403d082aa24f35e1b516d23)  -> (artifact id: '46497b9fc87e8cc307e761ac7a94779d') in 0.031969 seconds
Number of updated asset objects reloaded before import = 0
Number of asset objects unloaded after import = 7
========================================================================
Received Import Request.
  Time since last request: 0.000015 seconds.
  path: Assets/Fishing Docks and Boats/Models/SM_PoleNet_01a.fbx
  artifactKey: Guid(7a2d611e914ecd84994a3c3e22a6b791) Importer(2089858483,0ecaa5967403d082aa24f35e1b516d23)
Start importing Assets/Fishing Docks and Boats/Models/SM_PoleNet_01a.fbx using Guid(7a2d611e914ecd84994a3c3e22a6b791) Importer(2089858483,0ecaa5967403d082aa24f35e1b516d23)  -> (artifact id: '21084f8b53710193b7eba449d0a9328d') in 0.036101 seconds
Number of updated asset objects reloaded before import = 0
Number of asset objects unloaded after import = 8
========================================================================
Received Import Request.
  Time since last request: 0.000026 seconds.
  path: Assets/Fishing Docks and Boats/Prefab/Prfb_BaitBox_01b.prefab
  artifactKey: Guid(95964f101c990b04094429bffe7c271f) Importer(2089858483,0ecaa5967403d082aa24f35e1b516d23)
Start importing Assets/Fishing Docks and Boats/Prefab/Prfb_BaitBox_01b.prefab using Guid(95964f101c990b04094429bffe7c271f) Importer(2089858483,0ecaa5967403d082aa24f35e1b516d23)  -> (artifact id: '7e6c31066bdd9ff8e101ab14f88a7acb') in 0.026772 seconds
Number of updated asset objects reloaded before import = 0
Number of asset objects unloaded after import = 8
========================================================================
Received Import Request.
  Time since last request: 0.000011 seconds.
  path: Assets/Fishing Docks and Boats/Materials/M_Tacklebox.mat
  artifactKey: Guid(a77fbf5c6234df042828597c87baf25c) Importer(2089858483,0ecaa5967403d082aa24f35e1b516d23)
Start importing Assets/Fishing Docks and Boats/Materials/M_Tacklebox.mat using Guid(a77fbf5c6234df042828597c87baf25c) Importer(2089858483,0ecaa5967403d082aa24f35e1b516d23)  -> (artifact id: '1be5c2cb164bb330b2d39227e87300c8') in 0.013193 seconds
Number of updated asset objects reloaded before import = 0
Number of asset objects unloaded after import = 1
========================================================================
Received Import Request.
  Time since last request: 0.000009 seconds.
  path: Assets/Fishing Docks and Boats/Materials/M_FlareGun.mat
  artifactKey: Guid(d1c8011eb3812a346a6075455ab33d94) Importer(2089858483,0ecaa5967403d082aa24f35e1b516d23)
Start importing Assets/Fishing Docks and Boats/Materials/M_FlareGun.mat using Guid(d1c8011eb3812a346a6075455ab33d94) Importer(2089858483,0ecaa5967403d082aa24f35e1b516d23)  -> (artifact id: '126f2478cd207b9f02493048bd5e7496') in 0.014532 seconds
Number of updated asset objects reloaded before import = 0
Number of asset objects unloaded after import = 1
========================================================================
Received Import Request.
  Time since last request: 0.000018 seconds.
  path: Assets/Fishing Docks and Boats/Models/SM_FlareGun_01a.fbx
  artifactKey: Guid(8cf52a931b7b11d44bc396de12fbce9a) Importer(2089858483,0ecaa5967403d082aa24f35e1b516d23)
Start importing Assets/Fishing Docks and Boats/Models/SM_FlareGun_01a.fbx using Guid(8cf52a931b7b11d44bc396de12fbce9a) Importer(2089858483,0ecaa5967403d082aa24f35e1b516d23)  -> (artifact id: '295e9980516316efd37831e40a20d905') in 0.022106 seconds
Number of updated asset objects reloaded before import = 0
Number of asset objects unloaded after import = 7
========================================================================
Received Import Request.
  Time since last request: 0.000014 seconds.
  path: Assets/Scenes/SampleScene.unity
  artifactKey: Guid(9fc0d4010bbf28b4594072e72b8655ab) Importer(2089858483,0ecaa5967403d082aa24f35e1b516d23)
Start importing Assets/Scenes/SampleScene.unity using Guid(9fc0d4010bbf28b4594072e72b8655ab) Importer(2089858483,0ecaa5967403d082aa24f35e1b516d23)  -> (artifact id: '9d5130d3105526bf2f05fce122c5d850') in 0.010644 seconds
Number of updated asset objects reloaded before import = 0
Number of asset objects unloaded after import = 1
========================================================================
Received Import Request.
  Time since last request: 0.000054 seconds.
  path: Assets/Fishing Docks and Boats/Materials/M_BaitBox.mat
  artifactKey: Guid(a7b457b13fa93764e975cbe0fea06803) Importer(2089858483,0ecaa5967403d082aa24f35e1b516d23)
Start importing Assets/Fishing Docks and Boats/Materials/M_BaitBox.mat using Guid(a7b457b13fa93764e975cbe0fea06803) Importer(2089858483,0ecaa5967403d082aa24f35e1b516d23)  -> (artifact id: '58f5588e47bf8fb5d98f42a79fa17b9c') in 0.014982 seconds
Number of updated asset objects reloaded before import = 0
Number of asset objects unloaded after import = 1
========================================================================
Received Import Request.
  Time since last request: 0.000013 seconds.
  path: Assets/Fishing Docks and Boats/Models/SM_BoatFender_01b.fbx
  artifactKey: Guid(a8619e59f21c1b6458a771f98b365c0c) Importer(2089858483,0ecaa5967403d082aa24f35e1b516d23)
Start importing Assets/Fishing Docks and Boats/Models/SM_BoatFender_01b.fbx using Guid(a8619e59f21c1b6458a771f98b365c0c) Importer(2089858483,0ecaa5967403d082aa24f35e1b516d23)  -> (artifact id: '9a7601bc3c10c0e6a346dff21737f44f') in 0.026888 seconds
Number of updated asset objects reloaded before import = 0
Number of asset objects unloaded after import = 8
========================================================================
Received Import Request.
  Time since last request: 0.000012 seconds.
  path: Assets/Fishing Docks and Boats/Materials/M_FishingRod.mat
  artifactKey: Guid(6fd041c60d9115542a7e298c4c99fe9a) Importer(2089858483,0ecaa5967403d082aa24f35e1b516d23)
Start importing Assets/Fishing Docks and Boats/Materials/M_FishingRod.mat using Guid(6fd041c60d9115542a7e298c4c99fe9a) Importer(2089858483,0ecaa5967403d082aa24f35e1b516d23)  -> (artifact id: '20a6f746e72d9c489a00b0bbce540ab1') in 0.009670 seconds
Number of updated asset objects reloaded before import = 0
Number of asset objects unloaded after import = 1
========================================================================
Received Import Request.
  Time since last request: 0.000015 seconds.
  path: Assets/Fishing Docks and Boats/Materials/M_FishingHat_01.mat
  artifactKey: Guid(d38967353f6d5474986070baeccb5f6d) Importer(2089858483,0ecaa5967403d082aa24f35e1b516d23)
Start importing Assets/Fishing Docks and Boats/Materials/M_FishingHat_01.mat using Guid(d38967353f6d5474986070baeccb5f6d) Importer(2089858483,0ecaa5967403d082aa24f35e1b516d23)  -> (artifact id: '77fedaa4060b7b4b68e471ea4a8b16f3') in 0.012857 seconds
Number of updated asset objects reloaded before import = 0
Number of asset objects unloaded after import = 1
========================================================================
Received Import Request.
  Time since last request: 0.000012 seconds.
  path: Assets/Fishing Docks and Boats/Models/SM_FlareGun_01b_e.fbx
  artifactKey: Guid(6fa04a800c9ce8b42baab8c656c6da1c) Importer(2089858483,0ecaa5967403d082aa24f35e1b516d23)
Start importing Assets/Fishing Docks and Boats/Models/SM_FlareGun_01b_e.fbx using Guid(6fa04a800c9ce8b42baab8c656c6da1c) Importer(2089858483,0ecaa5967403d082aa24f35e1b516d23)  -> (artifact id: '2110ab6b25310ce8586d5dc33062d458') in 0.019658 seconds
Number of updated asset objects reloaded before import = 0
Number of asset objects unloaded after import = 7
========================================================================
Received Import Request.
  Time since last request: 0.000016 seconds.
  path: Assets/Fishing Docks and Boats/Models/SM_Docks_01b.fbx
  artifactKey: Guid(f492e8ad47acfd3409b6adddf0213421) Importer(2089858483,0ecaa5967403d082aa24f35e1b516d23)
Start importing Assets/Fishing Docks and Boats/Models/SM_Docks_01b.fbx using Guid(f492e8ad47acfd3409b6adddf0213421) Importer(2089858483,0ecaa5967403d082aa24f35e1b516d23)  -> (artifact id: '98521d08061a492f1a43854b14b7643c') in 0.025145 seconds
Number of updated asset objects reloaded before import = 0
Number of asset objects unloaded after import = 7
========================================================================
Received Import Request.
  Time since last request: 0.000009 seconds.
  path: Assets/Fishing Docks and Boats/Models/SM_Tyre_01a.fbx
  artifactKey: Guid(582a8288756f9e249ba8fb3f4a062261) Importer(2089858483,0ecaa5967403d082aa24f35e1b516d23)
Start importing Assets/Fishing Docks and Boats/Models/SM_Tyre_01a.fbx using Guid(582a8288756f9e249ba8fb3f4a062261) Importer(2089858483,0ecaa5967403d082aa24f35e1b516d23)  -> (artifact id: '3854ebee4c95690b1d78495d2bae0e07') in 0.020057 seconds
Number of updated asset objects reloaded before import = 0
Number of asset objects unloaded after import = 7
========================================================================
Received Import Request.
  Time since last request: 0.000017 seconds.
  path: Assets/Fishing Docks and Boats/Materials/M_Boat_01b.mat
  artifactKey: Guid(15911a0af29e8884ba0bada8583b5c28) Importer(2089858483,0ecaa5967403d082aa24f35e1b516d23)
Start importing Assets/Fishing Docks and Boats/Materials/M_Boat_01b.mat using Guid(15911a0af29e8884ba0bada8583b5c28) Importer(2089858483,0ecaa5967403d082aa24f35e1b516d23)  -> (artifact id: 'ce9fb128ae10916d49b4fc4e3be39a94') in 0.010690 seconds
Number of updated asset objects reloaded before import = 0
Number of asset objects unloaded after import = 1
========================================================================
Received Import Request.
  Time since last request: 0.000019 seconds.
  path: Assets/Fishing Docks and Boats/Materials/M_Bucket.mat
  artifactKey: Guid(6acca0d688092664c98fae9d1d19f33d) Importer(2089858483,0ecaa5967403d082aa24f35e1b516d23)
Start importing Assets/Fishing Docks and Boats/Materials/M_Bucket.mat using Guid(6acca0d688092664c98fae9d1d19f33d) Importer(2089858483,0ecaa5967403d082aa24f35e1b516d23)  -> (artifact id: 'be26041de0fbbca051ccc09c528b2c4c') in 0.035876 seconds
Number of updated asset objects reloaded before import = 0
Number of asset objects unloaded after import = 2
========================================================================
Received Import Request.
  Time since last request: 0.000022 seconds.
  path: Assets/Fishing Docks and Boats/Materials/Skybox_Mat.mat
  artifactKey: Guid(0ffaa0b7117ba8c47a9d05ae701d4b4d) Importer(2089858483,0ecaa5967403d082aa24f35e1b516d23)
Start importing Assets/Fishing Docks and Boats/Materials/Skybox_Mat.mat using Guid(0ffaa0b7117ba8c47a9d05ae701d4b4d) Importer(2089858483,0ecaa5967403d082aa24f35e1b516d23)  -> (artifact id: '1fd8a631d4b6efbbf2fcb7b9f63c5ca8') in 0.013092 seconds
Number of updated asset objects reloaded before import = 0
Number of asset objects unloaded after import = 1
========================================================================
Received Import Request.
  Time since last request: 0.000015 seconds.
  path: Assets/Fishing Docks and Boats/Materials/TX_Boat_01a_DIF.mat
  artifactKey: Guid(bedca008c1cda5040a242d65129093ca) Importer(2089858483,0ecaa5967403d082aa24f35e1b516d23)
Start importing Assets/Fishing Docks and Boats/Materials/TX_Boat_01a_DIF.mat using Guid(bedca008c1cda5040a242d65129093ca) Importer(2089858483,0ecaa5967403d082aa24f35e1b516d23)  -> (artifact id: '868480b50908249bbf29b512e67c1b7f') in 0.028402 seconds
Number of updated asset objects reloaded before import = 0
Number of asset objects unloaded after import = 2
========================================================================
Received Import Request.
  Time since last request: 0.000016 seconds.
  path: Assets/Fishing Docks and Boats/Models/SM_Tyre_01c.fbx
  artifactKey: Guid(7bca6011f988c3f43bcada444da879d4) Importer(2089858483,0ecaa5967403d082aa24f35e1b516d23)
Start importing Assets/Fishing Docks and Boats/Models/SM_Tyre_01c.fbx using Guid(7bca6011f988c3f43bcada444da879d4) Importer(2089858483,0ecaa5967403d082aa24f35e1b516d23)  -> (artifact id: '9f23412c4e8f94f647c1f58bcdd99e2b') in 0.023493 seconds
Number of updated asset objects reloaded before import = 0
Number of asset objects unloaded after import = 7
========================================================================
Received Import Request.
  Time since last request: 0.000010 seconds.
  path: Assets/Fishing Docks and Boats/Models/SM_Docks_01a.fbx
  artifactKey: Guid(b71f2214777ad814bbae004ebe186522) Importer(2089858483,0ecaa5967403d082aa24f35e1b516d23)
Start importing Assets/Fishing Docks and Boats/Models/SM_Docks_01a.fbx using Guid(b71f2214777ad814bbae004ebe186522) Importer(2089858483,0ecaa5967403d082aa24f35e1b516d23)  -> (artifact id: '8a4ea66109bdd7dbadd9915ecbe3b32f') in 0.023399 seconds
Number of updated asset objects reloaded before import = 0
Number of asset objects unloaded after import = 7
========================================================================
Received Import Request.
  Time since last request: 0.000022 seconds.
  path: Assets/Fishing Docks and Boats/Models/SM_FishingNet_01a.fbx
  artifactKey: Guid(14c32b3ce9ab85645a90518f80bd5b6b) Importer(2089858483,0ecaa5967403d082aa24f35e1b516d23)
Start importing Assets/Fishing Docks and Boats/Models/SM_FishingNet_01a.fbx using Guid(14c32b3ce9ab85645a90518f80bd5b6b) Importer(2089858483,0ecaa5967403d082aa24f35e1b516d23)  -> (artifact id: '0967935cb33650a66ebed82f845ec9b3') in 0.026022 seconds
Number of updated asset objects reloaded before import = 0
Number of asset objects unloaded after import = 7
========================================================================
Received Import Request.
  Time since last request: 0.000010 seconds.
  path: Assets/Gizmos/PlaymakerIcon.png
  artifactKey: Guid(bffda5937c31b0442bb9cb53bbc2771b) Importer(2089858483,0ecaa5967403d082aa24f35e1b516d23)
Start importing Assets/Gizmos/PlaymakerIcon.png using Guid(bffda5937c31b0442bb9cb53bbc2771b) Importer(2089858483,0ecaa5967403d082aa24f35e1b516d23)  -> (artifact id: 'b11bb46aa4c04bf7f0549ecc8433aacf') in 0.025411 seconds
Number of updated asset objects reloaded before import = 0
Number of asset objects unloaded after import = 1
========================================================================
Received Import Request.
  Time since last request: 0.000010 seconds.
  path: Assets/Gizmos/PlayMakerControls Icon.png
  artifactKey: Guid(4ac9185bf8ba41e4d81d2d443a326b2f) Importer(2089858483,0ecaa5967403d082aa24f35e1b516d23)
Start importing Assets/Gizmos/PlayMakerControls Icon.png using Guid(4ac9185bf8ba41e4d81d2d443a326b2f) Importer(2089858483,0ecaa5967403d082aa24f35e1b516d23)  -> (artifact id: '00d4bd0e35bf9ea58197ef1322ca9ff0') in 0.027201 seconds
Number of updated asset objects reloaded before import = 0
Number of asset objects unloaded after import = 1
========================================================================
Received Import Request.
  Time since last request: 0.001910 seconds.
  path: Assets/Fishing Docks and Boats/Materials/M_PlasticBarrel.mat
  artifactKey: Guid(fd030e283fc7aec44854b73c744ab68e) Importer(2089858483,0ecaa5967403d082aa24f35e1b516d23)
Start importing Assets/Fishing Docks and Boats/Materials/M_PlasticBarrel.mat using Guid(fd030e283fc7aec44854b73c744ab68e) Importer(2089858483,0ecaa5967403d082aa24f35e1b516d23)  -> (artifact id: 'fba54fc9a3c8dc6711684c6e49aa5a37') in 0.024198 seconds
Number of updated asset objects reloaded before import = 0
Number of asset objects unloaded after import = 1
========================================================================
Received Import Request.
  Time since last request: 0.000012 seconds.
  path: Assets/Fishing Docks and Boats/Models/SM_Docks_01c.fbx
  artifactKey: Guid(cfdae3d56bad6734c97caafb43cdcace) Importer(2089858483,0ecaa5967403d082aa24f35e1b516d23)
Start importing Assets/Fishing Docks and Boats/Models/SM_Docks_01c.fbx using Guid(cfdae3d56bad6734c97caafb43cdcace) Importer(2089858483,0ecaa5967403d082aa24f35e1b516d23)  -> (artifact id: '80cecc8e1bf63917e231efea3e83a351') in 0.030805 seconds
Number of updated asset objects reloaded before import = 0
Number of asset objects unloaded after import = 7
========================================================================
Received Import Request.
  Time since last request: 0.000018 seconds.
  path: Assets/Fishing Docks and Boats/Models/SM_Boat_01b.fbx
  artifactKey: Guid(6852a92fb72a6b146a0c46ff398743c3) Importer(2089858483,0ecaa5967403d082aa24f35e1b516d23)
Start importing Assets/Fishing Docks and Boats/Models/SM_Boat_01b.fbx using Guid(6852a92fb72a6b146a0c46ff398743c3) Importer(2089858483,0ecaa5967403d082aa24f35e1b516d23)  -> (artifact id: '4fdd8fa2d635f4c29c3273d10b6e34ec') in 0.023793 seconds
Number of updated asset objects reloaded before import = 0
Number of asset objects unloaded after import = 7
========================================================================
Received Import Request.
  Time since last request: 0.012096 seconds.
  path: Assets/MAT/Red desk.mat
  artifactKey: Guid(558e65d3992d7a44bbfda947d7ac39bc) Importer(2089858483,0ecaa5967403d082aa24f35e1b516d23)
Start importing Assets/MAT/Red desk.mat using Guid(558e65d3992d7a44bbfda947d7ac39bc) Importer(2089858483,0ecaa5967403d082aa24f35e1b516d23)  -> (artifact id: 'b2b204263b0a12271a9c0e5248a72ace') in 0.008363 seconds
Number of updated asset objects reloaded before import = 0
Number of asset objects unloaded after import = 1
========================================================================
Received Import Request.
  Time since last request: 0.011995 seconds.
  path: Assets/Fishing Docks and Boats/Models/SM_Fishing_Hat_02a.fbx
  artifactKey: Guid(e0bf45fc98968324cb0a852d7d81e7ef) Importer(2089858483,0ecaa5967403d082aa24f35e1b516d23)
Start importing Assets/Fishing Docks and Boats/Models/SM_Fishing_Hat_02a.fbx using Guid(e0bf45fc98968324cb0a852d7d81e7ef) Importer(2089858483,0ecaa5967403d082aa24f35e1b516d23)  -> (artifact id: '5d6b1a26b732083f928ee6054f33b425') in 0.023367 seconds
Number of updated asset objects reloaded before import = 0
Number of asset objects unloaded after import = 7
========================================================================
Received Import Request.
  Time since last request: 0.000010 seconds.
  path: Assets/Fishing Docks and Boats/Materials/M_PoleNet.mat
  artifactKey: Guid(da27eb1f4b0b32b4caba3a7972c56f45) Importer(2089858483,0ecaa5967403d082aa24f35e1b516d23)
Start importing Assets/Fishing Docks and Boats/Materials/M_PoleNet.mat using Guid(da27eb1f4b0b32b4caba3a7972c56f45) Importer(2089858483,0ecaa5967403d082aa24f35e1b516d23)  -> (artifact id: '6153babb7ba3ab1156cc742b104a9218') in 0.010754 seconds
Number of updated asset objects reloaded before import = 0
Number of asset objects unloaded after import = 1
========================================================================
Received Import Request.
  Time since last request: 0.000011 seconds.
  path: Assets/Fishing Docks and Boats/Models/SM_TackleBox_01b.fbx
  artifactKey: Guid(8882c52a9de035b46854238629b7c2ad) Importer(2089858483,0ecaa5967403d082aa24f35e1b516d23)
Start importing Assets/Fishing Docks and Boats/Models/SM_TackleBox_01b.fbx using Guid(8882c52a9de035b46854238629b7c2ad) Importer(2089858483,0ecaa5967403d082aa24f35e1b516d23)  -> (artifact id: '97acdfba139e1d811893b39f7260be1d') in 0.020597 seconds
Number of updated asset objects reloaded before import = 0
Number of asset objects unloaded after import = 7
========================================================================
Received Import Request.
  Time since last request: 0.000011 seconds.
  path: Assets/Fishing Docks and Boats/Prefab/Prfb_BaitBox_01a.prefab
  artifactKey: Guid(7eab0e8468a4a3e468e95aea6aa915f0) Importer(2089858483,0ecaa5967403d082aa24f35e1b516d23)
Start importing Assets/Fishing Docks and Boats/Prefab/Prfb_BaitBox_01a.prefab using Guid(7eab0e8468a4a3e468e95aea6aa915f0) Importer(2089858483,0ecaa5967403d082aa24f35e1b516d23)  -> (artifact id: 'df1ead5e448eb2ac12d074b8408b4e32') in 0.018233 seconds
Number of updated asset objects reloaded before import = 0
Number of asset objects unloaded after import = 8
========================================================================
Received Import Request.
  Time since last request: 0.000010 seconds.
  path: Assets/Fishing Docks and Boats/Materials/M_Docks.mat
  artifactKey: Guid(9b8b69b1a5f44274bbf9052a34b7c622) Importer(2089858483,0ecaa5967403d082aa24f35e1b516d23)
Start importing Assets/Fishing Docks and Boats/Materials/M_Docks.mat using Guid(9b8b69b1a5f44274bbf9052a34b7c622) Importer(2089858483,0ecaa5967403d082aa24f35e1b516d23)  -> (artifact id: 'e5c27a9a7cd757c7b29bdbf88dba97f4') in 0.010550 seconds
Number of updated asset objects reloaded before import = 0
Number of asset objects unloaded after import = 1
========================================================================
Received Import Request.
  Time since last request: 0.000011 seconds.
  path: Assets/Fishing Docks and Boats/Models/SM_Boat_01d.fbx
  artifactKey: Guid(7f3274e4286352f4680f387e5fa93e15) Importer(2089858483,0ecaa5967403d082aa24f35e1b516d23)
Start importing Assets/Fishing Docks and Boats/Models/SM_Boat_01d.fbx using Guid(7f3274e4286352f4680f387e5fa93e15) Importer(2089858483,0ecaa5967403d082aa24f35e1b516d23)  -> (artifact id: '623e3d8b838c9e21dd9bd0ea1a8ed5d3') in 0.025790 seconds
Number of updated asset objects reloaded before import = 0
Number of asset objects unloaded after import = 7
========================================================================
Received Import Request.
  Time since last request: 0.000012 seconds.
  path: Assets/Fishing Docks and Boats/Materials/M_Lifering.mat
  artifactKey: Guid(26e9db531b77e3b4886c3864f2c97bd9) Importer(2089858483,0ecaa5967403d082aa24f35e1b516d23)
Start importing Assets/Fishing Docks and Boats/Materials/M_Lifering.mat using Guid(26e9db531b77e3b4886c3864f2c97bd9) Importer(2089858483,0ecaa5967403d082aa24f35e1b516d23)  -> (artifact id: '83920a7bce7a45d3ff70daa9c134b12c') in 0.011975 seconds
Number of updated asset objects reloaded before import = 0
Number of asset objects unloaded after import = 1
========================================================================
Received Import Request.
  Time since last request: 0.000019 seconds.
  path: Assets/Gizmos/PlayMakerNotes Icon.png
  artifactKey: Guid(3c6ce8269c92d4a4f99f911813c0b613) Importer(2089858483,0ecaa5967403d082aa24f35e1b516d23)
Start importing Assets/Gizmos/PlayMakerNotes Icon.png using Guid(3c6ce8269c92d4a4f99f911813c0b613) Importer(2089858483,0ecaa5967403d082aa24f35e1b516d23)  -> (artifact id: 'a1ccfeb3d53163cac40176a23acfc304') in 0.020026 seconds
Number of updated asset objects reloaded before import = 0
Number of asset objects unloaded after import = 1
========================================================================
Received Import Request.
  Time since last request: 0.000010 seconds.
  path: Assets/Fishing Docks and Boats/Models/SM_Lifering_01b.fbx
  artifactKey: Guid(2c7b8e50c29d12d4ea2f93f0bc31a6ba) Importer(2089858483,0ecaa5967403d082aa24f35e1b516d23)
Start importing Assets/Fishing Docks and Boats/Models/SM_Lifering_01b.fbx using Guid(2c7b8e50c29d12d4ea2f93f0bc31a6ba) Importer(2089858483,0ecaa5967403d082aa24f35e1b516d23)  -> (artifact id: '96c2531977dedb9279d8aa3bb573d1ad') in 0.023141 seconds
Number of updated asset objects reloaded before import = 0
Number of asset objects unloaded after import = 7
========================================================================
Received Import Request.
  Time since last request: 0.000010 seconds.
  path: Assets/Gizmos/PlayMakerPrefs Icon.png
  artifactKey: Guid(70b5f8288a5c3a64b9b1bc002bcf0c28) Importer(2089858483,0ecaa5967403d082aa24f35e1b516d23)
Start importing Assets/Gizmos/PlayMakerPrefs Icon.png using Guid(70b5f8288a5c3a64b9b1bc002bcf0c28) Importer(2089858483,0ecaa5967403d082aa24f35e1b516d23)  -> (artifact id: 'c6f655157d2986a04e8101f9392b9c90') in 0.022197 seconds
Number of updated asset objects reloaded before import = 0
Number of asset objects unloaded after import = 1
========================================================================
Received Import Request.
  Time since last request: 0.630367 seconds.
  path: Assets/Fishing Docks and Boats/Prefab/Prfb_BoatFender_01a 1.prefab
  artifactKey: Guid(e7b6b56314ac6924a9f8fb0040ffde93) Importer(2089858483,0ecaa5967403d082aa24f35e1b516d23)
Start importing Assets/Fishing Docks and Boats/Prefab/Prfb_BoatFender_01a 1.prefab using Guid(e7b6b56314ac6924a9f8fb0040ffde93) Importer(2089858483,0ecaa5967403d082aa24f35e1b516d23)  -> (artifact id: '0569014169bcac26690d51c6f25a9ce7') in 0.036365 seconds
Number of updated asset objects reloaded before import = 0
Number of asset objects unloaded after import = 8
========================================================================
Received Import Request.
  Time since last request: 0.000010 seconds.
  path: Assets/Fishing Docks and Boats/Prefab/Prfb_FlareGun_01b_c.prefab
  artifactKey: Guid(32ea25a01ad3bf8448c6af81619fe919) Importer(2089858483,0ecaa5967403d082aa24f35e1b516d23)
Start importing Assets/Fishing Docks and Boats/Prefab/Prfb_FlareGun_01b_c.prefab using Guid(32ea25a01ad3bf8448c6af81619fe919) Importer(2089858483,0ecaa5967403d082aa24f35e1b516d23)  -> (artifact id: 'e9f2980e46352bb1ea162d5d01636b3f') in 0.026243 seconds
Number of updated asset objects reloaded before import = 0
Number of asset objects unloaded after import = 8
========================================================================
Received Import Request.
  Time since last request: 0.000013 seconds.
  path: Assets/Fishing Docks and Boats/Prefab/Prfb_Fishing_Rod_Open_01a.prefab
  artifactKey: Guid(de1983277ac88a1438a66645afa71d4d) Importer(2089858483,0ecaa5967403d082aa24f35e1b516d23)
Start importing Assets/Fishing Docks and Boats/Prefab/Prfb_Fishing_Rod_Open_01a.prefab using Guid(de1983277ac88a1438a66645afa71d4d) Importer(2089858483,0ecaa5967403d082aa24f35e1b516d23)  -> (artifact id: '4caf8212e8822489aba90ac1f3d269a3') in 0.032663 seconds
Number of updated asset objects reloaded before import = 0
Number of asset objects unloaded after import = 8
========================================================================
Received Import Request.
  Time since last request: 0.000018 seconds.
  path: Assets/Fishing Docks and Boats/Prefab/Prfb_BoatFender_01a.prefab
  artifactKey: Guid(ae37cc0f517d9904da01a225ecc042f6) Importer(2089858483,0ecaa5967403d082aa24f35e1b516d23)
Start importing Assets/Fishing Docks and Boats/Prefab/Prfb_BoatFender_01a.prefab using Guid(ae37cc0f517d9904da01a225ecc042f6) Importer(2089858483,0ecaa5967403d082aa24f35e1b516d23)  -> (artifact id: '17969903167d80a8dcdf579d678841dd') in 0.030353 seconds
Number of updated asset objects reloaded before import = 0
Number of asset objects unloaded after import = 8
========================================================================
Received Import Request.
  Time since last request: 0.000011 seconds.
  path: Assets/Fishing Docks and Boats/Textures/TX_FishingNet_01a_DIF.TGA
  artifactKey: Guid(d77051b3b68a05547b2c0d48f1eed2c7) Importer(2089858483,0ecaa5967403d082aa24f35e1b516d23)
Start importing Assets/Fishing Docks and Boats/Textures/TX_FishingNet_01a_DIF.TGA using Guid(d77051b3b68a05547b2c0d48f1eed2c7) Importer(2089858483,0ecaa5967403d082aa24f35e1b516d23)  -> (artifact id: 'f7ec832188743dc739c281339fb93565') in 0.064858 seconds
Number of updated asset objects reloaded before import = 0
Number of asset objects unloaded after import = 1
========================================================================
Received Import Request.
  Time since last request: 0.000029 seconds.
  path: Assets/Fishing Docks and Boats/Textures/TX_BaitBox_NRM.TGA
  artifactKey: Guid(1cbecab3e23db124ab64fa4ad476706e) Importer(2089858483,0ecaa5967403d082aa24f35e1b516d23)
Start importing Assets/Fishing Docks and Boats/Textures/TX_BaitBox_NRM.TGA using Guid(1cbecab3e23db124ab64fa4ad476706e) Importer(2089858483,0ecaa5967403d082aa24f35e1b516d23)  -> (artifact id: '4c21edd0bd949fe558c44761cfb7e1fc') in 0.053742 seconds
Number of updated asset objects reloaded before import = 0
Number of asset objects unloaded after import = 1
========================================================================
Received Import Request.
  Time since last request: 0.000011 seconds.
  path: Assets/Fishing Docks and Boats/Textures/TX_Bucket_NRM.TGA
  artifactKey: Guid(1240073ecccea35499ed11c053b1c42c) Importer(2089858483,0ecaa5967403d082aa24f35e1b516d23)
Start importing Assets/Fishing Docks and Boats/Textures/TX_Bucket_NRM.TGA using Guid(1240073ecccea35499ed11c053b1c42c) Importer(2089858483,0ecaa5967403d082aa24f35e1b516d23)  -> (artifact id: '037ce8a145d3232efaeeccfd94573287') in 0.051978 seconds
Number of updated asset objects reloaded before import = 0
Number of asset objects unloaded after import = 1
========================================================================
Received Import Request.
  Time since last request: 0.000032 seconds.
  path: Assets/Fishing Docks and Boats/Prefab/Prfb_Docks_01d.prefab
  artifactKey: Guid(9d7093f9b3104194e96692444311ef2f) Importer(2089858483,0ecaa5967403d082aa24f35e1b516d23)
Start importing Assets/Fishing Docks and Boats/Prefab/Prfb_Docks_01d.prefab using Guid(9d7093f9b3104194e96692444311ef2f) Importer(2089858483,0ecaa5967403d082aa24f35e1b516d23)  -> (artifact id: '6a7645b6c8a1ef53c9c14771c7e7299e') in 0.034737 seconds
Number of updated asset objects reloaded before import = 0
Number of asset objects unloaded after import = 8
========================================================================
Received Import Request.
  Time since last request: 0.000013 seconds.
  path: Assets/Fishing Docks and Boats/Textures/TX_Buoy_01_Paint.TGA
  artifactKey: Guid(36086b83690d4a9408e68df84a31add2) Importer(2089858483,0ecaa5967403d082aa24f35e1b516d23)
Start importing Assets/Fishing Docks and Boats/Textures/TX_Buoy_01_Paint.TGA using Guid(36086b83690d4a9408e68df84a31add2) Importer(2089858483,0ecaa5967403d082aa24f35e1b516d23)  -> (artifact id: 'f6b3ee1d888009221125cd041985492a') in 0.037243 seconds
Number of updated asset objects reloaded before import = 0
Number of asset objects unloaded after import = 1
========================================================================
Received Import Request.
  Time since last request: 0.000011 seconds.
  path: Assets/Fishing Docks and Boats/Prefab/Prfb_CoolerBox_01b.prefab
  artifactKey: Guid(17b63d6fb67b8974688fd0b27128e362) Importer(2089858483,0ecaa5967403d082aa24f35e1b516d23)
Start importing Assets/Fishing Docks and Boats/Prefab/Prfb_CoolerBox_01b.prefab using Guid(17b63d6fb67b8974688fd0b27128e362) Importer(2089858483,0ecaa5967403d082aa24f35e1b516d23)  -> (artifact id: '31c771b3ebc8c2c23fb85528ef7b95b5') in 0.034390 seconds
Number of updated asset objects reloaded before import = 0
Number of asset objects unloaded after import = 8
========================================================================
Received Import Request.
  Time since last request: 0.000015 seconds.
  path: Assets/Fishing Docks and Boats/Textures/TX_FishingBoots_Mask.TGA
  artifactKey: Guid(52a817d5d9bcb864aa3889c8079e642f) Importer(2089858483,0ecaa5967403d082aa24f35e1b516d23)
Start importing Assets/Fishing Docks and Boats/Textures/TX_FishingBoots_Mask.TGA using Guid(52a817d5d9bcb864aa3889c8079e642f) Importer(2089858483,0ecaa5967403d082aa24f35e1b516d23)  -> (artifact id: 'e6c6dcc0b94d0317078339ebfdbbfdcb') in 0.040546 seconds
Number of updated asset objects reloaded before import = 0
Number of asset objects unloaded after import = 1
========================================================================
Received Import Request.
  Time since last request: 0.000021 seconds.
  path: Assets/Fishing Docks and Boats/Prefab/Prfb_Docks_01a.prefab
  artifactKey: Guid(a5ba94ec113d415438f35fdbfe977768) Importer(2089858483,0ecaa5967403d082aa24f35e1b516d23)
Start importing Assets/Fishing Docks and Boats/Prefab/Prfb_Docks_01a.prefab using Guid(a5ba94ec113d415438f35fdbfe977768) Importer(2089858483,0ecaa5967403d082aa24f35e1b516d23)  -> (artifact id: 'a2c5c46eb2f466aea12e2a24874b8339') in 0.052198 seconds
Number of updated asset objects reloaded before import = 0
Number of asset objects unloaded after import = 8
========================================================================
Received Import Request.
  Time since last request: 0.000014 seconds.
  path: Assets/Fishing Docks and Boats/Prefab/Prfb_TackleBox_01a.prefab
  artifactKey: Guid(6706f5ec57d7295428b5454475ce8761) Importer(2089858483,0ecaa5967403d082aa24f35e1b516d23)
Start importing Assets/Fishing Docks and Boats/Prefab/Prfb_TackleBox_01a.prefab using Guid(6706f5ec57d7295428b5454475ce8761) Importer(2089858483,0ecaa5967403d082aa24f35e1b516d23)  -> (artifact id: '46bbc3de00ea877c7cbd63e3ed408c92') in 0.034920 seconds
Number of updated asset objects reloaded before import = 0
Number of asset objects unloaded after import = 8
========================================================================
Received Import Request.
  Time since last request: 0.000045 seconds.
  path: Assets/Fishing Docks and Boats/Prefab/Prfb_DockAnchor_01a.prefab
  artifactKey: Guid(90a1d209e2531424f8cd3feadc9b8255) Importer(2089858483,0ecaa5967403d082aa24f35e1b516d23)
Start importing Assets/Fishing Docks and Boats/Prefab/Prfb_DockAnchor_01a.prefab using Guid(90a1d209e2531424f8cd3feadc9b8255) Importer(2089858483,0ecaa5967403d082aa24f35e1b516d23)  -> (artifact id: '79d60c317deaa782d72ca92df05c6b99') in 0.029595 seconds
Number of updated asset objects reloaded before import = 0
Number of asset objects unloaded after import = 8
========================================================================
Received Import Request.
  Time since last request: 0.000012 seconds.
  path: Assets/Fishing Docks and Boats/Textures/TX_FlareGun_01a_DIF.TGA
  artifactKey: Guid(826478c917ed0ce4d8a1b818fc61c729) Importer(2089858483,0ecaa5967403d082aa24f35e1b516d23)
Start importing Assets/Fishing Docks and Boats/Textures/TX_FlareGun_01a_DIF.TGA using Guid(826478c917ed0ce4d8a1b818fc61c729) Importer(2089858483,0ecaa5967403d082aa24f35e1b516d23)  -> (artifact id: 'ef45f3b2c0d024542f2c56bf9d03fef2') in 0.064252 seconds
Number of updated asset objects reloaded before import = 0
Number of asset objects unloaded after import = 1
========================================================================
Received Import Request.
  Time since last request: 0.000011 seconds.
  path: Assets/Fishing Docks and Boats/Textures/TX_Oar_ORM.TGA
  artifactKey: Guid(7565f9a0142c2f34ab11088a4cb89e45) Importer(2089858483,0ecaa5967403d082aa24f35e1b516d23)
Start importing Assets/Fishing Docks and Boats/Textures/TX_Oar_ORM.TGA using Guid(7565f9a0142c2f34ab11088a4cb89e45) Importer(2089858483,0ecaa5967403d082aa24f35e1b516d23)  -> (artifact id: '2597c9f092d127892ab8f923aaf554ec') in 0.031496 seconds
Number of updated asset objects reloaded before import = 0
Number of asset objects unloaded after import = 1
========================================================================
Received Import Request.
  Time since last request: 0.000040 seconds.
  path: Assets/Fishing Docks and Boats/Textures/TX_Buoy_UniqueDetails_NRM.TGA
  artifactKey: Guid(7132e1c4634f7df4dba0fc02f926921b) Importer(2089858483,0ecaa5967403d082aa24f35e1b516d23)
Start importing Assets/Fishing Docks and Boats/Textures/TX_Buoy_UniqueDetails_NRM.TGA using Guid(7132e1c4634f7df4dba0fc02f926921b) Importer(2089858483,0ecaa5967403d082aa24f35e1b516d23)  -> (artifact id: 'ffd223ef0fd72c9b54b8342aaf856e8f') in 0.034100 seconds
Number of updated asset objects reloaded before import = 0
Number of asset objects unloaded after import = 1
========================================================================
Received Import Request.
  Time since last request: 0.000013 seconds.
  path: Assets/Fishing Docks and Boats/Textures/TX_BaitBox_DIF.TGA
  artifactKey: Guid(c4c0ac18129299545a6c1d657782ad45) Importer(2089858483,0ecaa5967403d082aa24f35e1b516d23)
Start importing Assets/Fishing Docks and Boats/Textures/TX_BaitBox_DIF.TGA using Guid(c4c0ac18129299545a6c1d657782ad45) Importer(2089858483,0ecaa5967403d082aa24f35e1b516d23)  -> (artifact id: '6cdca809dce68f36a77d637983195652') in 0.046511 seconds
Number of updated asset objects reloaded before import = 0
Number of asset objects unloaded after import = 1
========================================================================
Received Import Request.
  Time since last request: 0.000011 seconds.
  path: Assets/Fishing Docks and Boats/Prefab/Prfb_Tyre_01a.prefab
  artifactKey: Guid(9038fb3d94bb5f7438003c6e537b88ac) Importer(2089858483,0ecaa5967403d082aa24f35e1b516d23)
Start importing Assets/Fishing Docks and Boats/Prefab/Prfb_Tyre_01a.prefab using Guid(9038fb3d94bb5f7438003c6e537b88ac) Importer(2089858483,0ecaa5967403d082aa24f35e1b516d23)  -> (artifact id: 'c67a6f6babe4c6d6e2d664b35d16c5f8') in 0.026415 seconds
Number of updated asset objects reloaded before import = 0
Number of asset objects unloaded after import = 8
========================================================================
Received Import Request.
  Time since last request: 0.000012 seconds.
  path: Assets/Fishing Docks and Boats/Textures/TX_PlasticBarrel_01a_ORM.TGA
  artifactKey: Guid(6cc34f555ccf17841bd772737a369e7b) Importer(2089858483,0ecaa5967403d082aa24f35e1b516d23)
Start importing Assets/Fishing Docks and Boats/Textures/TX_PlasticBarrel_01a_ORM.TGA using Guid(6cc34f555ccf17841bd772737a369e7b) Importer(2089858483,0ecaa5967403d082aa24f35e1b516d23)  -> (artifact id: '357ff258cdb87a5e0ef686672f506b61') in 0.043526 seconds
Number of updated asset objects reloaded before import = 0
Number of asset objects unloaded after import = 1
========================================================================
Received Import Request.
  Time since last request: 0.000014 seconds.
  path: Assets/Fishing Docks and Boats/Textures/TX_Buoy_01_Rust_NRM.TGA
  artifactKey: Guid(ebf2aa438abc7fb47bc5368d12bfb43e) Importer(2089858483,0ecaa5967403d082aa24f35e1b516d23)
Start importing Assets/Fishing Docks and Boats/Textures/TX_Buoy_01_Rust_NRM.TGA using Guid(ebf2aa438abc7fb47bc5368d12bfb43e) Importer(2089858483,0ecaa5967403d082aa24f35e1b516d23)  -> (artifact id: '15417c453db41e111002b7b3a1295178') in 0.035655 seconds
Number of updated asset objects reloaded before import = 0
Number of asset objects unloaded after import = 1
========================================================================
Received Import Request.
  Time since last request: 0.000013 seconds.
  path: Assets/Fishing Docks and Boats/Prefab/Prfb_Lifering_01a.prefab
  artifactKey: Guid(c4ce9f243bf4b5f458557da54afb051a) Importer(2089858483,0ecaa5967403d082aa24f35e1b516d23)
Start importing Assets/Fishing Docks and Boats/Prefab/Prfb_Lifering_01a.prefab using Guid(c4ce9f243bf4b5f458557da54afb051a) Importer(2089858483,0ecaa5967403d082aa24f35e1b516d23)  -> (artifact id: 'a1b26822ee9be2eff92a1ef88026eee1') in 0.030685 seconds
Number of updated asset objects reloaded before import = 0
Number of asset objects unloaded after import = 8
========================================================================
Received Import Request.
  Time since last request: 0.000011 seconds.
  path: Assets/Fishing Docks and Boats/Textures/TX_Buoy_01_Rust_ORM.TGA
  artifactKey: Guid(535c7d35c846fc643abcfc4199be7c3f) Importer(2089858483,0ecaa5967403d082aa24f35e1b516d23)
Start importing Assets/Fishing Docks and Boats/Textures/TX_Buoy_01_Rust_ORM.TGA using Guid(535c7d35c846fc643abcfc4199be7c3f) Importer(2089858483,0ecaa5967403d082aa24f35e1b516d23)  -> (artifact id: '3367f1909544c0d98b774cb98bfa3156') in 0.033052 seconds
Number of updated asset objects reloaded before import = 0
Number of asset objects unloaded after import = 1
========================================================================
Received Import Request.
  Time since last request: 0.000182 seconds.
  path: Assets/Fishing Docks and Boats/Prefab/Prfb_Fishing_Hat_01a.prefab
  artifactKey: Guid(850004c092bdf554286b5c3f4780249b) Importer(2089858483,0ecaa5967403d082aa24f35e1b516d23)
Start importing Assets/Fishing Docks and Boats/Prefab/Prfb_Fishing_Hat_01a.prefab using Guid(850004c092bdf554286b5c3f4780249b) Importer(2089858483,0ecaa5967403d082aa24f35e1b516d23)  -> (artifact id: 'ee2da95dfb771c6765c7f1a45b8d6028') in 0.042880 seconds
Number of updated asset objects reloaded before import = 0
Number of asset objects unloaded after import = 8
========================================================================
Received Import Request.
  Time since last request: 0.000012 seconds.
  path: Assets/Fishing Docks and Boats/Textures/TX_Bucket_ORM.TGA
  artifactKey: Guid(f4eb1b0b0964e2d418cbde13a7432ec7) Importer(2089858483,0ecaa5967403d082aa24f35e1b516d23)
Start importing Assets/Fishing Docks and Boats/Textures/TX_Bucket_ORM.TGA using Guid(f4eb1b0b0964e2d418cbde13a7432ec7) Importer(2089858483,0ecaa5967403d082aa24f35e1b516d23)  -> (artifact id: '7469414a24072c0be768d4166fc2e817') in 0.034398 seconds
Number of updated asset objects reloaded before import = 0
Number of asset objects unloaded after import = 1
========================================================================
Received Import Request.
  Time since last request: 0.000012 seconds.
  path: Assets/Fishing Docks and Boats/Textures/TX_Docks_01a_NRM.TGA
  artifactKey: Guid(37514a38fec25d54b8b248d50df127d4) Importer(2089858483,0ecaa5967403d082aa24f35e1b516d23)
Start importing Assets/Fishing Docks and Boats/Textures/TX_Docks_01a_NRM.TGA using Guid(37514a38fec25d54b8b248d50df127d4) Importer(2089858483,0ecaa5967403d082aa24f35e1b516d23)  -> (artifact id: 'b2f34077fe26a82bc32c09e9f723ee02') in 0.110852 seconds
Number of updated asset objects reloaded before import = 0
Number of asset objects unloaded after import = 1
========================================================================
Received Import Request.
  Time since last request: 0.000016 seconds.
  path: Assets/Fishing Docks and Boats/Prefab/Prfb_Tyre_01b.prefab
  artifactKey: Guid(79130371902559f4a9c281c9e015bdc4) Importer(2089858483,0ecaa5967403d082aa24f35e1b516d23)
Start importing Assets/Fishing Docks and Boats/Prefab/Prfb_Tyre_01b.prefab using Guid(79130371902559f4a9c281c9e015bdc4) Importer(2089858483,0ecaa5967403d082aa24f35e1b516d23)  -> (artifact id: '8edff322b49d9a0956b2c180533fc289') in 0.020963 seconds
Number of updated asset objects reloaded before import = 0
Number of asset objects unloaded after import = 8
========================================================================
Received Import Request.
  Time since last request: 0.000015 seconds.
  path: Assets/Fishing Docks and Boats/Textures/TX_Oar_DIF.TGA
  artifactKey: Guid(1ad58cec20cfa3748a3c5a8f060d9228) Importer(2089858483,0ecaa5967403d082aa24f35e1b516d23)
Start importing Assets/Fishing Docks and Boats/Textures/TX_Oar_DIF.TGA using Guid(1ad58cec20cfa3748a3c5a8f060d9228) Importer(2089858483,0ecaa5967403d082aa24f35e1b516d23)  -> (artifact id: '78720f02be49980743809e7c63e48fb1') in 0.047330 seconds
Number of updated asset objects reloaded before import = 0
Number of asset objects unloaded after import = 1
========================================================================
Received Import Request.
  Time since last request: 0.000019 seconds.
  path: Assets/Fishing Docks and Boats/Textures/TX_Bucket_ColorMask.TGA
  artifactKey: Guid(ff14626be6dda2643893bffc656931e5) Importer(2089858483,0ecaa5967403d082aa24f35e1b516d23)
Start importing Assets/Fishing Docks and Boats/Textures/TX_Bucket_ColorMask.TGA using Guid(ff14626be6dda2643893bffc656931e5) Importer(2089858483,0ecaa5967403d082aa24f35e1b516d23)  -> (artifact id: '266cd7b16363498fad4c191e6340c8b1') in 0.032365 seconds
Number of updated asset objects reloaded before import = 0
Number of asset objects unloaded after import = 1
========================================================================
Received Import Request.
  Time since last request: 0.000010 seconds.
  path: Assets/Fishing Docks and Boats/Textures/TX_Boat_01c_NRM.TGA
  artifactKey: Guid(1b875d83530491f48b55779bcd57b8e1) Importer(2089858483,0ecaa5967403d082aa24f35e1b516d23)
Start importing Assets/Fishing Docks and Boats/Textures/TX_Boat_01c_NRM.TGA using Guid(1b875d83530491f48b55779bcd57b8e1) Importer(2089858483,0ecaa5967403d082aa24f35e1b516d23)  -> (artifact id: 'd2b2fcaa2c54a084471d87b1e0d023ac') in 0.038479 seconds
Number of updated asset objects reloaded before import = 0
Number of asset objects unloaded after import = 1
========================================================================
Received Import Request.
  Time since last request: 0.000015 seconds.
  path: Assets/Fishing Docks and Boats/Prefab/Prfb_Boat_01d.prefab
  artifactKey: Guid(f56682309855cd04aae66c33f9e62d47) Importer(2089858483,0ecaa5967403d082aa24f35e1b516d23)
Start importing Assets/Fishing Docks and Boats/Prefab/Prfb_Boat_01d.prefab using Guid(f56682309855cd04aae66c33f9e62d47) Importer(2089858483,0ecaa5967403d082aa24f35e1b516d23)  -> (artifact id: '2e6fe54f1fb26d3008a107b27d8504e9') in 0.019321 seconds
Number of updated asset objects reloaded before import = 0
Number of asset objects unloaded after import = 8
========================================================================
Received Import Request.
  Time since last request: 0.000023 seconds.
  path: Assets/Fishing Docks and Boats/Textures/TX_Docks_01a_ORM.TGA
  artifactKey: Guid(6bc603afdaf2c8346a7e9ab8cae1eb9a) Importer(2089858483,0ecaa5967403d082aa24f35e1b516d23)
Start importing Assets/Fishing Docks and Boats/Textures/TX_Docks_01a_ORM.TGA using Guid(6bc603afdaf2c8346a7e9ab8cae1eb9a) Importer(2089858483,0ecaa5967403d082aa24f35e1b516d23)  -> (artifact id: '6488ec4d157bf9eee0a937d129602868') in 0.061640 seconds
Number of updated asset objects reloaded before import = 0
Number of asset objects unloaded after import = 1
========================================================================
Received Import Request.
  Time since last request: 0.000011 seconds.
  path: Assets/Fishing Docks and Boats/Prefab/Prfb_CoolerBox_01c.prefab
  artifactKey: Guid(e8ba242554cd0184daf27fc24c44c2c7) Importer(2089858483,0ecaa5967403d082aa24f35e1b516d23)
Start importing Assets/Fishing Docks and Boats/Prefab/Prfb_CoolerBox_01c.prefab using Guid(e8ba242554cd0184daf27fc24c44c2c7) Importer(2089858483,0ecaa5967403d082aa24f35e1b516d23)  -> (artifact id: '7894c9663a69f109c31b913b7e0331bd') in 0.026144 seconds
Number of updated asset objects reloaded before import = 0
Number of asset objects unloaded after import = 8
========================================================================
Received Import Request.
  Time since last request: 0.000011 seconds.
  path: Assets/Fishing Docks and Boats/Prefab/Prfb_TyreChain_01b.prefab
  artifactKey: Guid(6581ca51e58d94c419648a66b3becccf) Importer(2089858483,0ecaa5967403d082aa24f35e1b516d23)
Start importing Assets/Fishing Docks and Boats/Prefab/Prfb_TyreChain_01b.prefab using Guid(6581ca51e58d94c419648a66b3becccf) Importer(2089858483,0ecaa5967403d082aa24f35e1b516d23)  -> (artifact id: '71674a645e62543787a53df49b20784a') in 0.022882 seconds
Number of updated asset objects reloaded before import = 0
Number of asset objects unloaded after import = 8
========================================================================
Received Import Request.
  Time since last request: 0.000020 seconds.
  path: Assets/Fishing Docks and Boats/Textures/TX_Fishing_Hat_02a_DIF.TGA
  artifactKey: Guid(eebd8ce2f7fdced4d9dc316ccb65a97c) Importer(2089858483,0ecaa5967403d082aa24f35e1b516d23)
Start importing Assets/Fishing Docks and Boats/Textures/TX_Fishing_Hat_02a_DIF.TGA using Guid(eebd8ce2f7fdced4d9dc316ccb65a97c) Importer(2089858483,0ecaa5967403d082aa24f35e1b516d23)  -> (artifact id: 'a116c0100d007951ca5e471aa327bcbc') in 0.026128 seconds
Number of updated asset objects reloaded before import = 0
Number of asset objects unloaded after import = 1
========================================================================
Received Import Request.
  Time since last request: 0.000018 seconds.
  path: Assets/Fishing Docks and Boats/Textures/TX_CoolerBox_01a_NRM.TGA
  artifactKey: Guid(382a9af8b4bf2f5498adfe1fcdceaa4e) Importer(2089858483,0ecaa5967403d082aa24f35e1b516d23)
Start importing Assets/Fishing Docks and Boats/Textures/TX_CoolerBox_01a_NRM.TGA using Guid(382a9af8b4bf2f5498adfe1fcdceaa4e) Importer(2089858483,0ecaa5967403d082aa24f35e1b516d23)  -> (artifact id: 'b775de1cb54b6fe68a3f34bb0328b822') in 0.062409 seconds
Number of updated asset objects reloaded before import = 0
Number of asset objects unloaded after import = 1
========================================================================
Received Import Request.
  Time since last request: 0.000024 seconds.
  path: Assets/Fishing Docks and Boats/Textures/TX_Boat_01c_MASK.TGA
  artifactKey: Guid(ad7f94ad7282cb7498d598b17591d9a5) Importer(2089858483,0ecaa5967403d082aa24f35e1b516d23)
Start importing Assets/Fishing Docks and Boats/Textures/TX_Boat_01c_MASK.TGA using Guid(ad7f94ad7282cb7498d598b17591d9a5) Importer(2089858483,0ecaa5967403d082aa24f35e1b516d23)  -> (artifact id: 'cbe844837359203ecd9abdd1e6864104') in 0.033250 seconds
Number of updated asset objects reloaded before import = 0
Number of asset objects unloaded after import = 1
========================================================================
Received Import Request.
  Time since last request: 0.000015 seconds.
  path: Assets/Fishing Docks and Boats/Textures/TX_Boat_01c_ORM.TGA
  artifactKey: Guid(0ceb22fe1d221e848b863572bc0f8254) Importer(2089858483,0ecaa5967403d082aa24f35e1b516d23)
Start importing Assets/Fishing Docks and Boats/Textures/TX_Boat_01c_ORM.TGA using Guid(0ceb22fe1d221e848b863572bc0f8254) Importer(2089858483,0ecaa5967403d082aa24f35e1b516d23)  -> (artifact id: '31fbcf608bf5b655d181011ff89be5a5') in 0.084979 seconds
Number of updated asset objects reloaded before import = 0
Number of asset objects unloaded after import = 1
========================================================================
Received Import Request.
  Time since last request: 0.000013 seconds.
  path: Assets/Fishing Docks and Boats/Prefab/Prfb_Boat_01e.prefab
  artifactKey: Guid(1dcaa0510ea4d9543ad621624c3a0c7f) Importer(2089858483,0ecaa5967403d082aa24f35e1b516d23)
Start importing Assets/Fishing Docks and Boats/Prefab/Prfb_Boat_01e.prefab using Guid(1dcaa0510ea4d9543ad621624c3a0c7f) Importer(2089858483,0ecaa5967403d082aa24f35e1b516d23)  -> (artifact id: 'af70aeeae14c4c36937dda5654bf72d1') in 0.046053 seconds
Number of updated asset objects reloaded before import = 0
Number of asset objects unloaded after import = 8
========================================================================
Received Import Request.
  Time since last request: 0.000019 seconds.
  path: Assets/Fishing Docks and Boats/Prefab/Prfb_FishingBoots_01a.prefab
  artifactKey: Guid(152ecb123a98c5240a5b02267c9d2691) Importer(2089858483,0ecaa5967403d082aa24f35e1b516d23)
Start importing Assets/Fishing Docks and Boats/Prefab/Prfb_FishingBoots_01a.prefab using Guid(152ecb123a98c5240a5b02267c9d2691) Importer(2089858483,0ecaa5967403d082aa24f35e1b516d23)  -> (artifact id: 'af88be3a0b7fa50202b9a81b848d490d') in 0.033202 seconds
Number of updated asset objects reloaded before import = 0
Number of asset objects unloaded after import = 8
========================================================================
Received Import Request.
  Time since last request: 0.000016 seconds.
  path: Assets/Fishing Docks and Boats/Textures/TX_Buoy_01_Rust_DIF.TGA
  artifactKey: Guid(038b13695d3ffc9418b52efa83172ff1) Importer(2089858483,0ecaa5967403d082aa24f35e1b516d23)
Start importing Assets/Fishing Docks and Boats/Textures/TX_Buoy_01_Rust_DIF.TGA using Guid(038b13695d3ffc9418b52efa83172ff1) Importer(2089858483,0ecaa5967403d082aa24f35e1b516d23)  -> (artifact id: 'd1e55e85596582a654369f1a16b22cfa') in 0.037416 seconds
Number of updated asset objects reloaded before import = 0
Number of asset objects unloaded after import = 1
========================================================================
Received Import Request.
  Time since last request: 0.000047 seconds.
  path: Assets/Fishing Docks and Boats/Textures/TX_Fishing_Hat_02a_ORM.TGA
  artifactKey: Guid(b322ff704429a85478d3baf53a4eb607) Importer(2089858483,0ecaa5967403d082aa24f35e1b516d23)
Start importing Assets/Fishing Docks and Boats/Textures/TX_Fishing_Hat_02a_ORM.TGA using Guid(b322ff704429a85478d3baf53a4eb607) Importer(2089858483,0ecaa5967403d082aa24f35e1b516d23)  -> (artifact id: 'a3a4ca369daf870ca3d9820fde5dd1ba') in 0.040589 seconds
Number of updated asset objects reloaded before import = 0
Number of asset objects unloaded after import = 1
========================================================================
Received Import Request.
  Time since last request: 0.000021 seconds.
  path: Assets/Fishing Docks and Boats/Prefab/Prfb_FlareGun_01b_e.prefab
  artifactKey: Guid(b22b951e15b03d34395c80e3aefc1d21) Importer(2089858483,0ecaa5967403d082aa24f35e1b516d23)
Start importing Assets/Fishing Docks and Boats/Prefab/Prfb_FlareGun_01b_e.prefab using Guid(b22b951e15b03d34395c80e3aefc1d21) Importer(2089858483,0ecaa5967403d082aa24f35e1b516d23)  -> (artifact id: '38057567d00b277bcbb624f9a4aa9778') in 0.039108 seconds
Number of updated asset objects reloaded before import = 0
Number of asset objects unloaded after import = 8
========================================================================
Received Import Request.
  Time since last request: 0.000015 seconds.
  path: Assets/Fishing Docks and Boats/Textures/TX_PlasticBarrel_01a_DIF.TGA
  artifactKey: Guid(b74b82cecece7504190a3b94e2e29b1d) Importer(2089858483,0ecaa5967403d082aa24f35e1b516d23)
Start importing Assets/Fishing Docks and Boats/Textures/TX_PlasticBarrel_01a_DIF.TGA using Guid(b74b82cecece7504190a3b94e2e29b1d) Importer(2089858483,0ecaa5967403d082aa24f35e1b516d23)  -> (artifact id: 'da0c15ac0ba7f16ee0bec76bb8496d10') in 0.037495 seconds
Number of updated asset objects reloaded before import = 0
Number of asset objects unloaded after import = 1
========================================================================
Received Import Request.
  Time since last request: 0.074883 seconds.
  path: Assets/Fishing Docks and Boats/Textures/TX_SM_BoatFender_01a_DIF.TGA
  artifactKey: Guid(349a3236ebbe00f4280a2a1a8cb473ef) Importer(2089858483,0ecaa5967403d082aa24f35e1b516d23)
Start importing Assets/Fishing Docks and Boats/Textures/TX_SM_BoatFender_01a_DIF.TGA using Guid(349a3236ebbe00f4280a2a1a8cb473ef) Importer(2089858483,0ecaa5967403d082aa24f35e1b516d23)  -> (artifact id: 'f1c11a777bc89119b8154a36b2ea80ba') in 0.051024 seconds
Number of updated asset objects reloaded before import = 0
Number of asset objects unloaded after import = 1
========================================================================
Received Import Request.
  Time since last request: 0.000012 seconds.
  path: Assets/PlayMaker/Actions/ActionHelpers.cs
  artifactKey: Guid(6fa3fbb2e52978b4aaf7ba4568017953) Importer(2089858483,0ecaa5967403d082aa24f35e1b516d23)
Start importing Assets/PlayMaker/Actions/ActionHelpers.cs using Guid(6fa3fbb2e52978b4aaf7ba4568017953) Importer(2089858483,0ecaa5967403d082aa24f35e1b516d23)  -> (artifact id: 'b27c3d314a7db284c8df1bc8a56845db') in 0.051022 seconds
Number of updated asset objects reloaded before import = 0
Number of asset objects unloaded after import = 1
========================================================================
Received Import Request.
  Time since last request: 0.000012 seconds.
  path: Assets/PlayMaker/Editor/DefinesHelper.cs
  artifactKey: Guid(33bd9e5745689f347bb167d55acb03e4) Importer(2089858483,0ecaa5967403d082aa24f35e1b516d23)
Start importing Assets/PlayMaker/Editor/DefinesHelper.cs using Guid(33bd9e5745689f347bb167d55acb03e4) Importer(2089858483,0ecaa5967403d082aa24f35e1b516d23)  -> (artifact id: '0bb61a61c38a82cd00a2b4525745285a') in 0.030296 seconds
Number of updated asset objects reloaded before import = 0
Number of asset objects unloaded after import = 1
========================================================================
Received Import Request.
  Time since last request: 0.000021 seconds.
  path: Assets/UniGLTF/DepthFirstScheduler/IEnumeratorExtensions.cs
  artifactKey: Guid(4719fc9e6319c654b8a4818bef2c3a85) Importer(2089858483,0ecaa5967403d082aa24f35e1b516d23)
Start importing Assets/UniGLTF/DepthFirstScheduler/IEnumeratorExtensions.cs using Guid(4719fc9e6319c654b8a4818bef2c3a85) Importer(2089858483,0ecaa5967403d082aa24f35e1b516d23)  -> (artifact id: 'dcc56d7a729e5061dbc49ee2b4483d98') in 0.017352 seconds
Number of updated asset objects reloaded before import = 0
Number of asset objects unloaded after import = 1
========================================================================
Received Import Request.
  Time since last request: 0.000017 seconds.
  path: Assets/UniGLTF/DepthFirstScheduler/TaskChain.cs
  artifactKey: Guid(38fc7e076ba93a847ad72d3d459d06b6) Importer(2089858483,0ecaa5967403d082aa24f35e1b516d23)
Start importing Assets/UniGLTF/DepthFirstScheduler/TaskChain.cs using Guid(38fc7e076ba93a847ad72d3d459d06b6) Importer(2089858483,0ecaa5967403d082aa24f35e1b516d23)  -> (artifact id: '8a9b457c78e365c4a8184004795c0cdf') in 0.013930 seconds
Number of updated asset objects reloaded before import = 0
Number of asset objects unloaded after import = 1
========================================================================
Received Import Request.
  Time since last request: 0.000010 seconds.
  path: Assets/Fishing Docks and Boats/Scenes/Example/Lightmap-4_comp_light.exr
  artifactKey: Guid(61573e2f628b97f49acacae0e15f7df2) Importer(2089858483,0ecaa5967403d082aa24f35e1b516d23)
Start importing Assets/Fishing Docks and Boats/Scenes/Example/Lightmap-4_comp_light.exr using Guid(61573e2f628b97f49acacae0e15f7df2) Importer(2089858483,0ecaa5967403d082aa24f35e1b516d23)  -> (artifact id: '268e5d8bffb76b4fca4dcb7d2f44c18d') in 0.054312 seconds
Number of updated asset objects reloaded before import = 0
Number of asset objects unloaded after import = 1
========================================================================
Received Import Request.
  Time since last request: 0.000012 seconds.
  path: Assets/Alstra Infinite/Fish - PolyPack/Prefabs/SharkV1.prefab
  artifactKey: Guid(2fb93ff3c1250a74ca5f53a6bc162675) Importer(2089858483,0ecaa5967403d082aa24f35e1b516d23)
Start importing Assets/Alstra Infinite/Fish - PolyPack/Prefabs/SharkV1.prefab using Guid(2fb93ff3c1250a74ca5f53a6bc162675) Importer(2089858483,0ecaa5967403d082aa24f35e1b516d23)  -> (artifact id: 'f3052acd8530cb8b5a6e682814018d69') in 0.039693 seconds
Number of updated asset objects reloaded before import = 0
Number of asset objects unloaded after import = 8
========================================================================
Received Import Request.
  Time since last request: 0.000012 seconds.
  path: Assets/STYLY_Plugin/STYLY_ImmersalUI/ImmersalUI.prefab
  artifactKey: Guid(7374bcba1717e82479f811ad0b293f19) Importer(2089858483,0ecaa5967403d082aa24f35e1b516d23)
Start importing Assets/STYLY_Plugin/STYLY_ImmersalUI/ImmersalUI.prefab using Guid(7374bcba1717e82479f811ad0b293f19) Importer(2089858483,0ecaa5967403d082aa24f35e1b516d23)  -> (artifact id: 'e7fa127863ab5286763172df593effc2') in 0.217331 seconds
Number of updated asset objects reloaded before import = 0
Number of asset objects unloaded after import = 263
========================================================================
Received Import Request.
  Time since last request: 0.000018 seconds.
  path: Assets/FujitoWork/02_model(mesh)/mob3.obj
  artifactKey: Guid(ad9979a2ac32d8e4bb758ca0e34009d2) Importer(2089858483,0ecaa5967403d082aa24f35e1b516d23)
Start importing Assets/FujitoWork/02_model(mesh)/mob3.obj using Guid(ad9979a2ac32d8e4bb758ca0e34009d2) Importer(2089858483,0ecaa5967403d082aa24f35e1b516d23)  -> (artifact id: 'fa2ca7b95f0fe891f5c818cf26e4773b') in 0.030797 seconds
Number of updated asset objects reloaded before import = 0
Number of asset objects unloaded after import = 9
========================================================================
Received Import Request.
  Time since last request: 0.000015 seconds.
  path: Assets/PlayMaker/Editor/FsmErrorWindow.cs
  artifactKey: Guid(9eb8fe199c065cf45aecf7b52b9fa979) Importer(2089858483,0ecaa5967403d082aa24f35e1b516d23)
Start importing Assets/PlayMaker/Editor/FsmErrorWindow.cs using Guid(9eb8fe199c065cf45aecf7b52b9fa979) Importer(2089858483,0ecaa5967403d082aa24f35e1b516d23)  -> (artifact id: 'c861c88b1f8e269e0916572f11580037') in 0.013819 seconds
Number of updated asset objects reloaded before import = 0
Number of asset objects unloaded after import = 1
========================================================================
Received Import Request.
  Time since last request: 0.000010 seconds.
  path: Assets/UniGLTF/doc/pbr_to_standard.png
  artifactKey: Guid(300c7a0839ab0e24bb25c7f268696f2e) Importer(2089858483,0ecaa5967403d082aa24f35e1b516d23)
Start importing Assets/UniGLTF/doc/pbr_to_standard.png using Guid(300c7a0839ab0e24bb25c7f268696f2e) Importer(2089858483,0ecaa5967403d082aa24f35e1b516d23)  -> (artifact id: 'e828d6593044b50b83ed5e328d9a74ba') in 0.045330 seconds
Number of updated asset objects reloaded before import = 0
Number of asset objects unloaded after import = 1
========================================================================
Received Import Request.
  Time since last request: 0.000011 seconds.
  path: Assets/PlayMaker/Editor/ConditionalExpressionEditor.dll
  artifactKey: Guid(3588691a691f1074eb5388783b2d2f5d) Importer(2089858483,0ecaa5967403d082aa24f35e1b516d23)
Start importing Assets/PlayMaker/Editor/ConditionalExpressionEditor.dll using Guid(3588691a691f1074eb5388783b2d2f5d) Importer(2089858483,0ecaa5967403d082aa24f35e1b516d23)  -> (artifact id: '201ddeb70022a7d10e7a104fbc49efdd') in 0.014499 seconds
Number of updated asset objects reloaded before import = 0
Number of asset objects unloaded after import = 1
========================================================================
Received Import Request.
  Time since last request: 0.000011 seconds.
  path: Assets/PlayMaker/Editor/PlayMakerCustomActionWizard.cs
  artifactKey: Guid(8fbcfa086edb590469238e90b390b2bc) Importer(2089858483,0ecaa5967403d082aa24f35e1b516d23)
Start importing Assets/PlayMaker/Editor/PlayMakerCustomActionWizard.cs using Guid(8fbcfa086edb590469238e90b390b2bc) Importer(2089858483,0ecaa5967403d082aa24f35e1b516d23)  -> (artifact id: '61554d51ad5c9b846cdcbaaab63d8614') in 0.018749 seconds
Number of updated asset objects reloaded before import = 0
Number of asset objects unloaded after import = 1
========================================================================
Received Import Request.
  Time since last request: 0.000046 seconds.
  path: Assets/FujitoWork/02_model(mesh)/mob3.mtl
  artifactKey: Guid(c5230806d62164e4080dcd592cc38662) Importer(2089858483,0ecaa5967403d082aa24f35e1b516d23)
Start importing Assets/FujitoWork/02_model(mesh)/mob3.mtl using Guid(c5230806d62164e4080dcd592cc38662) Importer(2089858483,0ecaa5967403d082aa24f35e1b516d23)  -> (artifact id: 'e35fa6d46275ced8724bf95fdf02133c') in 0.010656 seconds
Number of updated asset objects reloaded before import = 0
Number of asset objects unloaded after import = 1
========================================================================
Received Import Request.
  Time since last request: 0.000013 seconds.
  path: Assets/Fishing Docks and Boats/Scenes/Example/Lightmap-2_comp_dir.png
  artifactKey: Guid(6fddaa1b1973d074ea26329cc226711a) Importer(2089858483,0ecaa5967403d082aa24f35e1b516d23)
Start importing Assets/Fishing Docks and Boats/Scenes/Example/Lightmap-2_comp_dir.png using Guid(6fddaa1b1973d074ea26329cc226711a) Importer(2089858483,0ecaa5967403d082aa24f35e1b516d23)  -> (artifact id: '11c91941606b557152b1353cd4792044') in 0.075311 seconds
Number of updated asset objects reloaded before import = 0
Number of asset objects unloaded after import = 1
========================================================================
Received Import Request.
  Time since last request: 1.111017 seconds.
  path: Assets/FujitoWork/Toon/Shader/UCTS_ShadowCaster.cginc
  artifactKey: Guid(ae8d06deb98501947846000ba6cd3ab2) Importer(2089858483,0ecaa5967403d082aa24f35e1b516d23)
Start importing Assets/FujitoWork/Toon/Shader/UCTS_ShadowCaster.cginc using Guid(ae8d06deb98501947846000ba6cd3ab2) Importer(2089858483,0ecaa5967403d082aa24f35e1b516d23)  -> (artifact id: '2594cccfe1e9988125fc314c99f41c3a') in 0.016506 seconds
Number of updated asset objects reloaded before import = 0
Number of asset objects unloaded after import = 1
========================================================================
Received Import Request.
  Time since last request: 0.000010 seconds.
  path: Assets/PlayMaker/Actions/Animator/AnimatorMatchTarget.cs
  artifactKey: Guid(03cf67d8b733d4b37952890811925998) Importer(2089858483,0ecaa5967403d082aa24f35e1b516d23)
Start importing Assets/PlayMaker/Actions/Animator/AnimatorMatchTarget.cs using Guid(03cf67d8b733d4b37952890811925998) Importer(2089858483,0ecaa5967403d082aa24f35e1b516d23)  -> (artifact id: 'de954433dcc1a21f69bfde19bb8fe94b') in 0.016046 seconds
Number of updated asset objects reloaded before import = 0
Number of asset objects unloaded after import = 1
========================================================================
Received Import Request.
  Time since last request: 0.000009 seconds.
  path: Assets/PlayMaker/Actions/Array/ArrayTransferValue.cs
  artifactKey: Guid(798d1540b1bfc474fb13e89319c3abae) Importer(2089858483,0ecaa5967403d082aa24f35e1b516d23)
Start importing Assets/PlayMaker/Actions/Array/ArrayTransferValue.cs using Guid(798d1540b1bfc474fb13e89319c3abae) Importer(2089858483,0ecaa5967403d082aa24f35e1b516d23)  -> (artifact id: '448998264bbe146978dc0e92eb7c0b5a') in 0.014402 seconds
Number of updated asset objects reloaded before import = 0
Number of asset objects unloaded after import = 1
========================================================================
Received Import Request.
  Time since last request: 0.000026 seconds.
  path: Assets/PlayMaker/Actions/Animator/AnimatorInterruptMatchTarget.cs
  artifactKey: Guid(18376cdddd26341f7b809912db503610) Importer(2089858483,0ecaa5967403d082aa24f35e1b516d23)
Start importing Assets/PlayMaker/Actions/Animator/AnimatorInterruptMatchTarget.cs using Guid(18376cdddd26341f7b809912db503610) Importer(2089858483,0ecaa5967403d082aa24f35e1b516d23)  -> (artifact id: '90ce252d6915bf4f3338d9a67954df6a') in 0.014958 seconds
Number of updated asset objects reloaded before import = 0
Number of asset objects unloaded after import = 1
========================================================================
Received Import Request.
  Time since last request: 0.000018 seconds.
  path: Assets/PlayMaker/Actions/Array/FsmArraySet.cs
  artifactKey: Guid(05ff3fe206f2df14a97c72576c1a36f9) Importer(2089858483,0ecaa5967403d082aa24f35e1b516d23)
Start importing Assets/PlayMaker/Actions/Array/FsmArraySet.cs using Guid(05ff3fe206f2df14a97c72576c1a36f9) Importer(2089858483,0ecaa5967403d082aa24f35e1b516d23)  -> (artifact id: '94b0baa6d86ee96ab3ccd9d6330a57e2') in 0.012589 seconds
Number of updated asset objects reloaded before import = 0
Number of asset objects unloaded after import = 1
========================================================================
Received Import Request.
  Time since last request: 0.000013 seconds.
  path: Assets/PlayMaker/Actions/Array/SetFsmArrayItem.cs
  artifactKey: Guid(365ba04bc9a781e438227eef9f809014) Importer(2089858483,0ecaa5967403d082aa24f35e1b516d23)
Start importing Assets/PlayMaker/Actions/Array/SetFsmArrayItem.cs using Guid(365ba04bc9a781e438227eef9f809014) Importer(2089858483,0ecaa5967403d082aa24f35e1b516d23)  -> (artifact id: '2481f30e9d9dffa3862f725a4b24e9db') in 0.014823 seconds
Number of updated asset objects reloaded before import = 0
Number of asset objects unloaded after import = 1
========================================================================
Received Import Request.
  Time since last request: 0.000012 seconds.
  path: Assets/PlayMaker/Actions/AnimateVariables/EaseRect.cs
  artifactKey: Guid(c7149467973e052458a62dbd4dbc91c1) Importer(2089858483,0ecaa5967403d082aa24f35e1b516d23)
Start importing Assets/PlayMaker/Actions/AnimateVariables/EaseRect.cs using Guid(c7149467973e052458a62dbd4dbc91c1) Importer(2089858483,0ecaa5967403d082aa24f35e1b516d23)  -> (artifact id: 'ddc5d65a93fcf93deb726995170d4746') in 0.013523 seconds
Number of updated asset objects reloaded before import = 0
Number of asset objects unloaded after import = 1
========================================================================
Received Import Request.
  Time since last request: 0.000011 seconds.
  path: Assets/PlayMaker/Actions/Animator/GetAnimatorFloat.cs
  artifactKey: Guid(7de2cc8e8be55430bb4b2c9a08001b9b) Importer(2089858483,0ecaa5967403d082aa24f35e1b516d23)
Start importing Assets/PlayMaker/Actions/Animator/GetAnimatorFloat.cs using Guid(7de2cc8e8be55430bb4b2c9a08001b9b) Importer(2089858483,0ecaa5967403d082aa24f35e1b516d23)  -> (artifact id: '0a41dc3fd5ddd46b0ece7b44b2b8e187') in 0.012335 seconds
Number of updated asset objects reloaded before import = 0
Number of asset objects unloaded after import = 1
========================================================================
Received Import Request.
  Time since last request: 0.000010 seconds.
  path: Assets/PlayMaker/Actions/Application/ApplicationQuit.cs
  artifactKey: Guid(2ace578551a64364db33bcd3c420797c) Importer(2089858483,0ecaa5967403d082aa24f35e1b516d23)
Start importing Assets/PlayMaker/Actions/Application/ApplicationQuit.cs using Guid(2ace578551a64364db33bcd3c420797c) Importer(2089858483,0ecaa5967403d082aa24f35e1b516d23)  -> (artifact id: '0c33a84e3deeeae201ed2570af0d58d4') in 0.013464 seconds
Number of updated asset objects reloaded before import = 0
Number of asset objects unloaded after import = 1
========================================================================
Received Import Request.
  Time since last request: 0.000025 seconds.
  path: Assets/PlayMaker/Actions/AnimateVariables/CurveFsmAction.cs
  artifactKey: Guid(fb99e798c2fbc254f96283acdd3cfcf1) Importer(2089858483,0ecaa5967403d082aa24f35e1b516d23)
Start importing Assets/PlayMaker/Actions/AnimateVariables/CurveFsmAction.cs using Guid(fb99e798c2fbc254f96283acdd3cfcf1) Importer(2089858483,0ecaa5967403d082aa24f35e1b516d23)  -> (artifact id: '2b795112aecf46f22c059672928f55f7') in 0.013550 seconds
Number of updated asset objects reloaded before import = 0
Number of asset objects unloaded after import = 1
========================================================================
Received Import Request.
  Time since last request: 0.000011 seconds.
  path: Assets/PlayMaker/Actions/Audio/SetGameVolume.cs
  artifactKey: Guid(67448731f4f757c40b2f67019f99c2fa) Importer(2089858483,0ecaa5967403d082aa24f35e1b516d23)
Start importing Assets/PlayMaker/Actions/Audio/SetGameVolume.cs using Guid(67448731f4f757c40b2f67019f99c2fa) Importer(2089858483,0ecaa5967403d082aa24f35e1b516d23)  -> (artifact id: '6fe663eff5334d0ff4e203825a6c8809') in 0.014737 seconds
Number of updated asset objects reloaded before import = 0
Number of asset objects unloaded after import = 1
========================================================================
Received Import Request.
  Time since last request: 0.000014 seconds.
  path: Assets/PlayMaker/Actions/Animator/GetAnimatorPivot.cs
  artifactKey: Guid(9f881f5e879b242e9bc5b7f5da438aec) Importer(2089858483,0ecaa5967403d082aa24f35e1b516d23)
Start importing Assets/PlayMaker/Actions/Animator/GetAnimatorPivot.cs using Guid(9f881f5e879b242e9bc5b7f5da438aec) Importer(2089858483,0ecaa5967403d082aa24f35e1b516d23)  -> (artifact id: 'e662ccb8f27e98cd45b2c98756fd24fb') in 0.012757 seconds
Number of updated asset objects reloaded before import = 0
Number of asset objects unloaded after import = 1
========================================================================
Received Import Request.
  Time since last request: 0.000018 seconds.
  path: Assets/PlayMaker/Actions/Animation/SetAnimationTime.cs
  artifactKey: Guid(84994d0c340d30744be8e62b88889675) Importer(2089858483,0ecaa5967403d082aa24f35e1b516d23)
Start importing Assets/PlayMaker/Actions/Animation/SetAnimationTime.cs using Guid(84994d0c340d30744be8e62b88889675) Importer(2089858483,0ecaa5967403d082aa24f35e1b516d23)  -> (artifact id: '877fd74d420c1c3435e96ee0cc52ba9c') in 0.014217 seconds
Number of updated asset objects reloaded before import = 0
Number of asset objects unloaded after import = 1
========================================================================
Received Import Request.
  Time since last request: 0.000031 seconds.
  path: Assets/PlayMaker/Actions/Animator/GetAnimatorBoneGameObject.cs
  artifactKey: Guid(7666d8beb51fe44558679a70236fe940) Importer(2089858483,0ecaa5967403d082aa24f35e1b516d23)
Start importing Assets/PlayMaker/Actions/Animator/GetAnimatorBoneGameObject.cs using Guid(7666d8beb51fe44558679a70236fe940) Importer(2089858483,0ecaa5967403d082aa24f35e1b516d23)  -> (artifact id: '08fbc307b7dc680e158c56bfea555218') in 0.015941 seconds
Number of updated asset objects reloaded before import = 0
Number of asset objects unloaded after import = 1
========================================================================
Received Import Request.
  Time since last request: 0.000010 seconds.
  path: Assets/PlayMaker/Actions/Application/ApplicationRunInBackground.cs
  artifactKey: Guid(8acf39900e9db9543aa415136960f581) Importer(2089858483,0ecaa5967403d082aa24f35e1b516d23)
Start importing Assets/PlayMaker/Actions/Application/ApplicationRunInBackground.cs using Guid(8acf39900e9db9543aa415136960f581) Importer(2089858483,0ecaa5967403d082aa24f35e1b516d23)  -> (artifact id: 'c16476d04f5847504e236a1dc5a2cb94') in 0.013994 seconds
Number of updated asset objects reloaded before import = 0
Number of asset objects unloaded after import = 1
========================================================================
Received Import Request.
  Time since last request: 0.000012 seconds.
  path: Assets/PlayMaker/Actions/Animator/SetAnimatorApplyRootMotion.cs
  artifactKey: Guid(533022f83905747cb8e71215824cadd4) Importer(2089858483,0ecaa5967403d082aa24f35e1b516d23)
Start importing Assets/PlayMaker/Actions/Animator/SetAnimatorApplyRootMotion.cs using Guid(533022f83905747cb8e71215824cadd4) Importer(2089858483,0ecaa5967403d082aa24f35e1b516d23)  -> (artifact id: '83dea024f4ce0482591ba48ad685b1f3') in 0.014490 seconds
Number of updated asset objects reloaded before import = 0
Number of asset objects unloaded after import = 1
========================================================================
Received Import Request.
  Time since last request: 0.000017 seconds.
  path: Assets/PlayMaker/Actions/Animator/GetAnimatorNextStateInfo.cs
  artifactKey: Guid(b38c867aa06344cb1a93127e55fd5dff) Importer(2089858483,0ecaa5967403d082aa24f35e1b516d23)
Start importing Assets/PlayMaker/Actions/Animator/GetAnimatorNextStateInfo.cs using Guid(b38c867aa06344cb1a93127e55fd5dff) Importer(2089858483,0ecaa5967403d082aa24f35e1b516d23)  -> (artifact id: '68c767e22d2cb29d19fa130863dccff8') in 0.011853 seconds
Number of updated asset objects reloaded before import = 0
Number of asset objects unloaded after import = 1
========================================================================
Received Import Request.
  Time since last request: 0.000012 seconds.
  path: Assets/PlayMaker/Actions/Animator/SetAnimatorPlayBackSpeed.cs
  artifactKey: Guid(12ce8d3e805754f859045452539301b1) Importer(2089858483,0ecaa5967403d082aa24f35e1b516d23)
Start importing Assets/PlayMaker/Actions/Animator/SetAnimatorPlayBackSpeed.cs using Guid(12ce8d3e805754f859045452539301b1) Importer(2089858483,0ecaa5967403d082aa24f35e1b516d23)  -> (artifact id: 'd44801219a874461cf938ebaad8c5f63') in 0.013801 seconds
Number of updated asset objects reloaded before import = 0
Number of asset objects unloaded after import = 1
========================================================================
Received Import Request.
  Time since last request: 0.000011 seconds.
  path: Assets/PlayMaker/Actions/Animator/AnimatorPlay.cs
  artifactKey: Guid(b66532287fa3a4997ae5dcfb967ff46c) Importer(2089858483,0ecaa5967403d082aa24f35e1b516d23)
Start importing Assets/PlayMaker/Actions/Animator/AnimatorPlay.cs using Guid(b66532287fa3a4997ae5dcfb967ff46c) Importer(2089858483,0ecaa5967403d082aa24f35e1b516d23)  -> (artifact id: '4c04497716bee96e07d15d20b1b3d6fc') in 0.014189 seconds
Number of updated asset objects reloaded before import = 0
Number of asset objects unloaded after import = 1
========================================================================
Received Import Request.
  Time since last request: 1.376052 seconds.
  path: Assets/PlayMaker/Actions/Character/ControllerIsGrounded.cs
  artifactKey: Guid(caa9b85a8f718a542b1b01e94b63d2c3) Importer(2089858483,0ecaa5967403d082aa24f35e1b516d23)
Start importing Assets/PlayMaker/Actions/Character/ControllerIsGrounded.cs using Guid(caa9b85a8f718a542b1b01e94b63d2c3) Importer(2089858483,0ecaa5967403d082aa24f35e1b516d23)  -> (artifact id: '47cd9297d008a589c35fe4b8da1b860e') in 0.030973 seconds
Number of updated asset objects reloaded before import = 0
Number of asset objects unloaded after import = 1
========================================================================
Received Import Request.
  Time since last request: 0.000012 seconds.
  path: Assets/PlayMaker/Actions/GUILayout/GUILayoutBeginCentered.cs
  artifactKey: Guid(6230eb3c4a60d944cbcdd5c911ff378c) Importer(2089858483,0ecaa5967403d082aa24f35e1b516d23)
Start importing Assets/PlayMaker/Actions/GUILayout/GUILayoutBeginCentered.cs using Guid(6230eb3c4a60d944cbcdd5c911ff378c) Importer(2089858483,0ecaa5967403d082aa24f35e1b516d23)  -> (artifact id: '03118b594c8f4e8564815e21cb79e193') in 0.014914 seconds
Number of updated asset objects reloaded before import = 0
Number of asset objects unloaded after import = 1
========================================================================
Received Import Request.
  Time since last request: 0.000010 seconds.
  path: Assets/PlayMaker/Actions/GUILayout/GUILayoutIntLabel.cs
  artifactKey: Guid(efa7dd743542ef948835fe37027787c0) Importer(2089858483,0ecaa5967403d082aa24f35e1b516d23)
Start importing Assets/PlayMaker/Actions/GUILayout/GUILayoutIntLabel.cs using Guid(efa7dd743542ef948835fe37027787c0) Importer(2089858483,0ecaa5967403d082aa24f35e1b516d23)  -> (artifact id: 'a037ce7c485721424a39f8ea87b3075e') in 0.016674 seconds
Number of updated asset objects reloaded before import = 0
Number of asset objects unloaded after import = 1
========================================================================
Received Import Request.
  Time since last request: 0.000052 seconds.
  path: Assets/PlayMaker/Actions/GUI/SetGUIDepth.cs
  artifactKey: Guid(60696b5a384803a449ea3ad476738f41) Importer(2089858483,0ecaa5967403d082aa24f35e1b516d23)
Start importing Assets/PlayMaker/Actions/GUI/SetGUIDepth.cs using Guid(60696b5a384803a449ea3ad476738f41) Importer(2089858483,0ecaa5967403d082aa24f35e1b516d23)  -> (artifact id: '2aad38a52a302defdf381da5d620742b') in 0.014820 seconds
Number of updated asset objects reloaded before import = 0
Number of asset objects unloaded after import = 1
========================================================================
Received Import Request.
  Time since last request: 0.000019 seconds.
  path: Assets/PlayMaker/Actions/Logic/BoolNoneTrue.cs
  artifactKey: Guid(b3cd57e7754145e4298aa8bbb8cb0ad4) Importer(2089858483,0ecaa5967403d082aa24f35e1b516d23)
Start importing Assets/PlayMaker/Actions/Logic/BoolNoneTrue.cs using Guid(b3cd57e7754145e4298aa8bbb8cb0ad4) Importer(2089858483,0ecaa5967403d082aa24f35e1b516d23)  -> (artifact id: '060798f28fd2199d64126c8c7b2c1136') in 0.017354 seconds
Number of updated asset objects reloaded before import = 0
Number of asset objects unloaded after import = 1
========================================================================
Received Import Request.
  Time since last request: 0.000011 seconds.
  path: Assets/PlayMaker/Actions/GameObject/DestroyObject.cs
  artifactKey: Guid(e731ab92ba211bd41acccbd77b4e1575) Importer(2089858483,0ecaa5967403d082aa24f35e1b516d23)
Start importing Assets/PlayMaker/Actions/GameObject/DestroyObject.cs using Guid(e731ab92ba211bd41acccbd77b4e1575) Importer(2089858483,0ecaa5967403d082aa24f35e1b516d23)  -> (artifact id: 'dfdf7afe802b1247f0b50bb6191f10b0') in 0.016000 seconds
Number of updated asset objects reloaded before import = 0
Number of asset objects unloaded after import = 1
========================================================================
Received Import Request.
  Time since last request: 0.000027 seconds.
  path: Assets/PlayMaker/Actions/Device/GetLocationInfo.cs
  artifactKey: Guid(083716b1d12bae54db4cfe69d822cccf) Importer(2089858483,0ecaa5967403d082aa24f35e1b516d23)
Start importing Assets/PlayMaker/Actions/Device/GetLocationInfo.cs using Guid(083716b1d12bae54db4cfe69d822cccf) Importer(2089858483,0ecaa5967403d082aa24f35e1b516d23)  -> (artifact id: '4cc14bb1f677c2d186a39513cfe01101') in 0.012248 seconds
Number of updated asset objects reloaded before import = 0
Number of asset objects unloaded after import = 1
========================================================================
Received Import Request.
  Time since last request: 0.000010 seconds.
  path: Assets/PlayMaker/Actions/Effects/Blink.cs
  artifactKey: Guid(367dd11eff47df14cbf7d185b4c4d1fb) Importer(2089858483,0ecaa5967403d082aa24f35e1b516d23)
Start importing Assets/PlayMaker/Actions/Effects/Blink.cs using Guid(367dd11eff47df14cbf7d185b4c4d1fb) Importer(2089858483,0ecaa5967403d082aa24f35e1b516d23)  -> (artifact id: '2b180799db4905af72ca5390cb7fe973') in 0.013659 seconds
Number of updated asset objects reloaded before import = 0
Number of asset objects unloaded after import = 1
========================================================================
Received Import Request.
  Time since last request: 0.000010 seconds.
  path: Assets/PlayMaker/Actions/GUILayout/GUILayoutConfirmPasswordField.cs
  artifactKey: Guid(26f5f741942744e468b2cd0fd24c75a3) Importer(2089858483,0ecaa5967403d082aa24f35e1b516d23)
Start importing Assets/PlayMaker/Actions/GUILayout/GUILayoutConfirmPasswordField.cs using Guid(26f5f741942744e468b2cd0fd24c75a3) Importer(2089858483,0ecaa5967403d082aa24f35e1b516d23)  -> (artifact id: 'c745e148a68780fdc975934380e0f20e') in 0.013969 seconds
Number of updated asset objects reloaded before import = 0
Number of asset objects unloaded after import = 1
========================================================================
Received Import Request.
  Time since last request: 0.000012 seconds.
  path: Assets/PlayMaker/Actions/GameObject/FindGameObject.cs
  artifactKey: Guid(06d9a34c5ce73ee499c15dc7f3e381ff) Importer(2089858483,0ecaa5967403d082aa24f35e1b516d23)
Start importing Assets/PlayMaker/Actions/GameObject/FindGameObject.cs using Guid(06d9a34c5ce73ee499c15dc7f3e381ff) Importer(2089858483,0ecaa5967403d082aa24f35e1b516d23)  -> (artifact id: '774b3c06cc98ba1c60e27d675ee71c73') in 0.016416 seconds
Number of updated asset objects reloaded before import = 0
Number of asset objects unloaded after import = 1
========================================================================
Received Import Request.
  Time since last request: 0.000016 seconds.
  path: Assets/PlayMaker/Actions/GUILayout/GUILayoutFloatLabel.cs
  artifactKey: Guid(c77202432ac19af46a106033a35e138c) Importer(2089858483,0ecaa5967403d082aa24f35e1b516d23)
Start importing Assets/PlayMaker/Actions/GUILayout/GUILayoutFloatLabel.cs using Guid(c77202432ac19af46a106033a35e138c) Importer(2089858483,0ecaa5967403d082aa24f35e1b516d23)  -> (artifact id: '90f31b220b4ce56efcb754c8e2f53c4e') in 0.017199 seconds
Number of updated asset objects reloaded before import = 0
Number of asset objects unloaded after import = 1
========================================================================
Received Import Request.
  Time since last request: 0.000016 seconds.
  path: Assets/PlayMaker/Actions/GUILayout/GUILayoutEndVertical.cs
  artifactKey: Guid(cfb813ec7fa31c24fb0a710e1d1906ac) Importer(2089858483,0ecaa5967403d082aa24f35e1b516d23)
Start importing Assets/PlayMaker/Actions/GUILayout/GUILayoutEndVertical.cs using Guid(cfb813ec7fa31c24fb0a710e1d1906ac) Importer(2089858483,0ecaa5967403d082aa24f35e1b516d23)  -> (artifact id: 'c687139d425e34554ac51cf24ecfae27') in 0.017984 seconds
Number of updated asset objects reloaded before import = 0
Number of asset objects unloaded after import = 1
========================================================================
Received Import Request.
  Time since last request: 0.000010 seconds.
  path: Assets/PlayMaker/Actions/GameObject/CreateObject.cs
  artifactKey: Guid(6ac0b5be40cabfc40b923fa4954641aa) Importer(2089858483,0ecaa5967403d082aa24f35e1b516d23)
Start importing Assets/PlayMaker/Actions/GameObject/CreateObject.cs using Guid(6ac0b5be40cabfc40b923fa4954641aa) Importer(2089858483,0ecaa5967403d082aa24f35e1b516d23)  -> (artifact id: '20c022ad0862a3fd1d274152d81ca046') in 0.012615 seconds
Number of updated asset objects reloaded before import = 0
Number of asset objects unloaded after import = 0
========================================================================
Received Import Request.
  Time since last request: 0.000021 seconds.
  path: Assets/PlayMaker/Actions/Lights/SetShadowStrength.cs
  artifactKey: Guid(a409f184b264b374182d5f219718fc0b) Importer(2089858483,0ecaa5967403d082aa24f35e1b516d23)
Start importing Assets/PlayMaker/Actions/Lights/SetShadowStrength.cs using Guid(a409f184b264b374182d5f219718fc0b) Importer(2089858483,0ecaa5967403d082aa24f35e1b516d23)  -> (artifact id: 'f02e28c79fbc04fb3cfc07288411c353') in 0.012879 seconds
Number of updated asset objects reloaded before import = 0
Number of asset objects unloaded after import = 1
========================================================================
Received Import Request.
  Time since last request: 0.000011 seconds.
  path: Assets/PlayMaker/Actions/Convert/ConvertSecondsToString.cs
  artifactKey: Guid(b3fbd58b6e607dc45be3fb9de999c4b9) Importer(2089858483,0ecaa5967403d082aa24f35e1b516d23)
Start importing Assets/PlayMaker/Actions/Convert/ConvertSecondsToString.cs using Guid(b3fbd58b6e607dc45be3fb9de999c4b9) Importer(2089858483,0ecaa5967403d082aa24f35e1b516d23)  -> (artifact id: '34641eafb7112f86447588ded0fbe886') in 0.013965 seconds
Number of updated asset objects reloaded before import = 0
Number of asset objects unloaded after import = 1
========================================================================
Received Import Request.
  Time since last request: 0.000013 seconds.
  path: Assets/PlayMaker/Actions/Input/AnyKey.cs
  artifactKey: Guid(7e2ceb38715ac154487295adaabfd5df) Importer(2089858483,0ecaa5967403d082aa24f35e1b516d23)
Start importing Assets/PlayMaker/Actions/Input/AnyKey.cs using Guid(7e2ceb38715ac154487295adaabfd5df) Importer(2089858483,0ecaa5967403d082aa24f35e1b516d23)  -> (artifact id: '63691e17f1bd9f85aa0373b0df4ec5f7') in 0.013308 seconds
Number of updated asset objects reloaded before import = 0
Number of asset objects unloaded after import = 1
========================================================================
Received Import Request.
  Time since last request: 0.000011 seconds.
  path: Assets/PlayMaker/Actions/Color/SelectRandomColor.cs
  artifactKey: Guid(a110ab751cd9f4c42a6ae9a6ce254280) Importer(2089858483,0ecaa5967403d082aa24f35e1b516d23)
Start importing Assets/PlayMaker/Actions/Color/SelectRandomColor.cs using Guid(a110ab751cd9f4c42a6ae9a6ce254280) Importer(2089858483,0ecaa5967403d082aa24f35e1b516d23)  -> (artifact id: 'fe956ea0879e473f8a45b000209cf6e9') in 0.014673 seconds
Number of updated asset objects reloaded before import = 0
Number of asset objects unloaded after import = 1
========================================================================
Received Import Request.
  Time since last request: 0.000052 seconds.
  path: Assets/PlayMaker/Actions/Gamepad/GamepadActionBase.cs
  artifactKey: Guid(90edd0e7fd7720b449daba515b24eda8) Importer(2089858483,0ecaa5967403d082aa24f35e1b516d23)
Start importing Assets/PlayMaker/Actions/Gamepad/GamepadActionBase.cs using Guid(90edd0e7fd7720b449daba515b24eda8) Importer(2089858483,0ecaa5967403d082aa24f35e1b516d23)  -> (artifact id: '3cc54663f946632a6c6a8aebab1d1527') in 0.014954 seconds
Number of updated asset objects reloaded before import = 0
Number of asset objects unloaded after import = 1
========================================================================
Received Import Request.
  Time since last request: 0.000010 seconds.
  path: Assets/PlayMaker/Actions/GameObject/GetChildNum.cs
  artifactKey: Guid(c3ad9fe5da426834eae997733367641c) Importer(2089858483,0ecaa5967403d082aa24f35e1b516d23)
Start importing Assets/PlayMaker/Actions/GameObject/GetChildNum.cs using Guid(c3ad9fe5da426834eae997733367641c) Importer(2089858483,0ecaa5967403d082aa24f35e1b516d23)  -> (artifact id: 'e23a577587fa5e54fbbb0c4b3a0e6e8d') in 0.014780 seconds
Number of updated asset objects reloaded before import = 0
Number of asset objects unloaded after import = 1
========================================================================
Received Import Request.
  Time since last request: 0.000055 seconds.
  path: Assets/PlayMaker/Actions/GameObject/DestroyComponent.cs
  artifactKey: Guid(40eadc04dfda17149bd90bbd3b1e0abc) Importer(2089858483,0ecaa5967403d082aa24f35e1b516d23)
Start importing Assets/PlayMaker/Actions/GameObject/DestroyComponent.cs using Guid(40eadc04dfda17149bd90bbd3b1e0abc) Importer(2089858483,0ecaa5967403d082aa24f35e1b516d23)  -> (artifact id: '99bbfa501829fcc4377377ff22685c20') in 0.014503 seconds
Number of updated asset objects reloaded before import = 0
Number of asset objects unloaded after import = 1
========================================================================
Received Import Request.
  Time since last request: 0.000010 seconds.
  path: Assets/PlayMaker/Actions/Convert/ConvertMaterialToObject.cs
  artifactKey: Guid(e6d46eac91f9daa499286f795155bfd2) Importer(2089858483,0ecaa5967403d082aa24f35e1b516d23)
Start importing Assets/PlayMaker/Actions/Convert/ConvertMaterialToObject.cs using Guid(e6d46eac91f9daa499286f795155bfd2) Importer(2089858483,0ecaa5967403d082aa24f35e1b516d23)  -> (artifact id: 'c0019a77b683d8ad866e23ef6ea192e9') in 0.014353 seconds
Number of updated asset objects reloaded before import = 0
Number of asset objects unloaded after import = 1
========================================================================
Received Import Request.
  Time since last request: 0.000009 seconds.
  path: Assets/PlayMaker/Actions/GUIElement/SetGUIText.cs
  artifactKey: Guid(df24cbf936769a341b29239c83db2386) Importer(2089858483,0ecaa5967403d082aa24f35e1b516d23)
Start importing Assets/PlayMaker/Actions/GUIElement/SetGUIText.cs using Guid(df24cbf936769a341b29239c83db2386) Importer(2089858483,0ecaa5967403d082aa24f35e1b516d23)  -> (artifact id: '33bf57253f2faccf55a97098f1ea1dff') in 0.015848 seconds
Number of updated asset objects reloaded before import = 0
Number of asset objects unloaded after import = 1
========================================================================
Received Import Request.
  Time since last request: 0.000010 seconds.
  path: Assets/PlayMaker/Actions/Debug/DebugObject.cs
  artifactKey: Guid(2b0f9963f42fa364a8b2ac7110f32fb0) Importer(2089858483,0ecaa5967403d082aa24f35e1b516d23)
Start importing Assets/PlayMaker/Actions/Debug/DebugObject.cs using Guid(2b0f9963f42fa364a8b2ac7110f32fb0) Importer(2089858483,0ecaa5967403d082aa24f35e1b516d23)  -> (artifact id: 'a72c03f3a7716bd1d97edd2d65534d48') in 0.018885 seconds
Number of updated asset objects reloaded before import = 0
Number of asset objects unloaded after import = 1
========================================================================
Received Import Request.
  Time since last request: 0.000010 seconds.
  path: Assets/PlayMaker/Actions/GUILayout/GUILayoutBeginHorizontal.cs
  artifactKey: Guid(27cd4a9db3650944583f7a4c89dba5e1) Importer(2089858483,0ecaa5967403d082aa24f35e1b516d23)
Start importing Assets/PlayMaker/Actions/GUILayout/GUILayoutBeginHorizontal.cs using Guid(27cd4a9db3650944583f7a4c89dba5e1) Importer(2089858483,0ecaa5967403d082aa24f35e1b516d23)  -> (artifact id: '5f797c53d36615f41fe02ec5dbbc227f') in 0.015047 seconds
Number of updated asset objects reloaded before import = 0
Number of asset objects unloaded after import = 1
========================================================================
Received Import Request.
  Time since last request: 0.000021 seconds.
  path: Assets/PlayMaker/Actions/Input/ResetInputAxes.cs
  artifactKey: Guid(28036865b5d7931449427b86f2f979db) Importer(2089858483,0ecaa5967403d082aa24f35e1b516d23)
Start importing Assets/PlayMaker/Actions/Input/ResetInputAxes.cs using Guid(28036865b5d7931449427b86f2f979db) Importer(2089858483,0ecaa5967403d082aa24f35e1b516d23)  -> (artifact id: 'c0b95c3043500e0740b14ab06fccc6f8') in 0.014000 seconds
Number of updated asset objects reloaded before import = 0
Number of asset objects unloaded after import = 1
========================================================================
Received Import Request.
  Time since last request: 0.000011 seconds.
  path: Assets/PlayMaker/Actions/GUILayout/GUILayoutSpace.cs
  artifactKey: Guid(cf27a70ac1ccdde4c974c9247dd005e8) Importer(2089858483,0ecaa5967403d082aa24f35e1b516d23)
Start importing Assets/PlayMaker/Actions/GUILayout/GUILayoutSpace.cs using Guid(cf27a70ac1ccdde4c974c9247dd005e8) Importer(2089858483,0ecaa5967403d082aa24f35e1b516d23)  -> (artifact id: 'b33df440bb27b7e62caff5ea6e7bc9ac') in 0.013118 seconds
Number of updated asset objects reloaded before import = 0
Number of asset objects unloaded after import = 1
========================================================================
Received Import Request.
  Time since last request: 0.000013 seconds.
  path: Assets/PlayMaker/Actions/GUILayout/UseGUILayout.cs
  artifactKey: Guid(087d873552a49ee4f9ba2751ce142cf0) Importer(2089858483,0ecaa5967403d082aa24f35e1b516d23)
Start importing Assets/PlayMaker/Actions/GUILayout/UseGUILayout.cs using Guid(087d873552a49ee4f9ba2751ce142cf0) Importer(2089858483,0ecaa5967403d082aa24f35e1b516d23)  -> (artifact id: '7b164e17f5d39ee284a66b2931890573') in 0.014362 seconds
Number of updated asset objects reloaded before import = 0
Number of asset objects unloaded after import = 1
========================================================================
Received Import Request.
  Time since last request: 1.074493 seconds.
  path: Assets/PlayMaker/Actions/Logic/FloatChanged.cs
  artifactKey: Guid(739cb6d4280e5c143ae53b1678d6ca11) Importer(2089858483,0ecaa5967403d082aa24f35e1b516d23)
Start importing Assets/PlayMaker/Actions/Logic/FloatChanged.cs using Guid(739cb6d4280e5c143ae53b1678d6ca11) Importer(2089858483,0ecaa5967403d082aa24f35e1b516d23)  -> (artifact id: '7e07ec7865fcf0a2112502c06db8d58d') in 0.031316 seconds
Number of updated asset objects reloaded before import = 0
Number of asset objects unloaded after import = 1
========================================================================
Received Import Request.
  Time since last request: 0.000010 seconds.
  path: Assets/PlayMaker/Actions/RectTransform/RectTransformGetSizeDelta.cs
  artifactKey: Guid(528fc693ed7c24a83a122d54ca5bfe5a) Importer(2089858483,0ecaa5967403d082aa24f35e1b516d23)
Start importing Assets/PlayMaker/Actions/RectTransform/RectTransformGetSizeDelta.cs using Guid(528fc693ed7c24a83a122d54ca5bfe5a) Importer(2089858483,0ecaa5967403d082aa24f35e1b516d23)  -> (artifact id: 'd0d606304911eb3694b6eba0de1aeacc') in 0.014691 seconds
Number of updated asset objects reloaded before import = 0
Number of asset objects unloaded after import = 1
========================================================================
Received Import Request.
  Time since last request: 0.000011 seconds.
  path: Assets/PlayMaker/Actions/Physics/CollisionEvent.cs
  artifactKey: Guid(6a06ca6d8ec9db846a1d5d88107777cf) Importer(2089858483,0ecaa5967403d082aa24f35e1b516d23)
Start importing Assets/PlayMaker/Actions/Physics/CollisionEvent.cs using Guid(6a06ca6d8ec9db846a1d5d88107777cf) Importer(2089858483,0ecaa5967403d082aa24f35e1b516d23)  -> (artifact id: 'bdbc557c84acff01793c49dc73b111dc') in 0.015212 seconds
Number of updated asset objects reloaded before import = 0
Number of asset objects unloaded after import = 1
========================================================================
Received Import Request.
  Time since last request: 0.000010 seconds.
  path: Assets/PlayMaker/Actions/Physics/WakeUp.cs
  artifactKey: Guid(b1e7040dc5830cc4796345b20f1a26d7) Importer(2089858483,0ecaa5967403d082aa24f35e1b516d23)
Start importing Assets/PlayMaker/Actions/Physics/WakeUp.cs using Guid(b1e7040dc5830cc4796345b20f1a26d7) Importer(2089858483,0ecaa5967403d082aa24f35e1b516d23)  -> (artifact id: '6af9c9f4e34f618035ccd4eab8084685') in 0.012911 seconds
Number of updated asset objects reloaded before import = 0
Number of asset objects unloaded after import = 1
========================================================================
Received Import Request.
  Time since last request: 0.000015 seconds.
  path: Assets/PlayMaker/Actions/Physics/GetCollisionInfo.cs
  artifactKey: Guid(8241c7f0706b3bc41a7e3a8155be2824) Importer(2089858483,0ecaa5967403d082aa24f35e1b516d23)
Start importing Assets/PlayMaker/Actions/Physics/GetCollisionInfo.cs using Guid(8241c7f0706b3bc41a7e3a8155be2824) Importer(2089858483,0ecaa5967403d082aa24f35e1b516d23)  -> (artifact id: '1c77d5d9ca552eff191ab59cbf5ab0cb') in 0.014987 seconds
Number of updated asset objects reloaded before import = 0
Number of asset objects unloaded after import = 1
========================================================================
Received Import Request.
  Time since last request: 0.000011 seconds.
  path: Assets/PlayMaker/Actions/PlayerInput/PlayerInputGetBool.cs
  artifactKey: Guid(c12fa623a74abab45acf71e83ad9b795) Importer(2089858483,0ecaa5967403d082aa24f35e1b516d23)
Start importing Assets/PlayMaker/Actions/PlayerInput/PlayerInputGetBool.cs using Guid(c12fa623a74abab45acf71e83ad9b795) Importer(2089858483,0ecaa5967403d082aa24f35e1b516d23)  -> (artifact id: 'daacaaabbdd274f801e3f303aeab082a') in 0.013006 seconds
Number of updated asset objects reloaded before import = 0
Number of asset objects unloaded after import = 1
========================================================================
Received Import Request.
  Time since last request: 0.000011 seconds.
  path: Assets/PlayMaker/Actions/Material/SetMaterialMovieTexture.cs
  artifactKey: Guid(4009754d7567217489725d4c2d5e9255) Importer(2089858483,0ecaa5967403d082aa24f35e1b516d23)
Start importing Assets/PlayMaker/Actions/Material/SetMaterialMovieTexture.cs using Guid(4009754d7567217489725d4c2d5e9255) Importer(2089858483,0ecaa5967403d082aa24f35e1b516d23)  -> (artifact id: '0987186fec64cfee72dd3a30100c5e40') in 0.015584 seconds
Number of updated asset objects reloaded before import = 0
Number of asset objects unloaded after import = 1
========================================================================
Received Import Request.
  Time since last request: 0.000011 seconds.
  path: Assets/PlayMaker/Actions/RectTransform/RectTransformContainsScreenPoint.cs
  artifactKey: Guid(03cccf469d7b9407bba43ec3b6a74a65) Importer(2089858483,0ecaa5967403d082aa24f35e1b516d23)
Start importing Assets/PlayMaker/Actions/RectTransform/RectTransformContainsScreenPoint.cs using Guid(03cccf469d7b9407bba43ec3b6a74a65) Importer(2089858483,0ecaa5967403d082aa24f35e1b516d23)  -> (artifact id: 'dcb57f0130ac41fcecd4814304a37253') in 0.014613 seconds
Number of updated asset objects reloaded before import = 0
Number of asset objects unloaded after import = 1
========================================================================
Received Import Request.
  Time since last request: 0.000010 seconds.
  path: Assets/PlayMaker/Actions/Quaternion/QuaternionInverse.cs
  artifactKey: Guid(d981ac06313624fb3a1002f6e2b6af5f) Importer(2089858483,0ecaa5967403d082aa24f35e1b516d23)
Start importing Assets/PlayMaker/Actions/Quaternion/QuaternionInverse.cs using Guid(d981ac06313624fb3a1002f6e2b6af5f) Importer(2089858483,0ecaa5967403d082aa24f35e1b516d23)  -> (artifact id: '4316746b5c2a2647eff5c9ba254a4a7f') in 0.013855 seconds
Number of updated asset objects reloaded before import = 0
Number of asset objects unloaded after import = 1
========================================================================
Received Import Request.
  Time since last request: 0.000010 seconds.
  path: Assets/PlayMaker/Actions/ProceduralMaterial/RebuildTextures.cs
  artifactKey: Guid(9ae771abe8e99374a817461985976d90) Importer(2089858483,0ecaa5967403d082aa24f35e1b516d23)
Start importing Assets/PlayMaker/Actions/ProceduralMaterial/RebuildTextures.cs using Guid(9ae771abe8e99374a817461985976d90) Importer(2089858483,0ecaa5967403d082aa24f35e1b516d23)  -> (artifact id: 'aca76695d0dcb9d27beedacf004263f8') in 0.013504 seconds
Number of updated asset objects reloaded before import = 0
Number of asset objects unloaded after import = 1
========================================================================
Received Import Request.
  Time since last request: 0.000012 seconds.
  path: Assets/PlayMaker/Actions/RectTransform/RectTransformSetAnchorMin.cs
  artifactKey: Guid(fba31cbc48aa54bd2846080b8a5e255b) Importer(2089858483,0ecaa5967403d082aa24f35e1b516d23)
Start importing Assets/PlayMaker/Actions/RectTransform/RectTransformSetAnchorMin.cs using Guid(fba31cbc48aa54bd2846080b8a5e255b) Importer(2089858483,0ecaa5967403d082aa24f35e1b516d23)  -> (artifact id: '9040fe65f8d8104c834c48d0675fc3de') in 0.014101 seconds
Number of updated asset objects reloaded before import = 0
Number of asset objects unloaded after import = 1
========================================================================
Received Import Request.
  Time since last request: 0.000178 seconds.
  path: Assets/PlayMaker/Actions/Math/RandomInt.cs
  artifactKey: Guid(f75a76cb3f87b8847b792a044ff76217) Importer(2089858483,0ecaa5967403d082aa24f35e1b516d23)
Start importing Assets/PlayMaker/Actions/Math/RandomInt.cs using Guid(f75a76cb3f87b8847b792a044ff76217) Importer(2089858483,0ecaa5967403d082aa24f35e1b516d23)  -> (artifact id: 'c63f257fa74cc9aa63196335395eac60') in 0.016647 seconds
Number of updated asset objects reloaded before import = 0
Number of asset objects unloaded after import = 1
========================================================================
Received Import Request.
  Time since last request: 0.000011 seconds.
  path: Assets/PlayMaker/Actions/Physics2D/SetVelocity2d.cs
  artifactKey: Guid(58252178b9646486b9dda57c812ce9e1) Importer(2089858483,0ecaa5967403d082aa24f35e1b516d23)
Start importing Assets/PlayMaker/Actions/Physics2D/SetVelocity2d.cs using Guid(58252178b9646486b9dda57c812ce9e1) Importer(2089858483,0ecaa5967403d082aa24f35e1b516d23)  -> (artifact id: 'a9c698cbf36a84ff1bb9b56a663ac9db') in 0.016861 seconds
Number of updated asset objects reloaded before import = 0
Number of asset objects unloaded after import = 1
========================================================================
Received Import Request.
  Time since last request: 0.000009 seconds.
  path: Assets/PlayMaker/Actions/Quaternion/GetQuaternionEulerAngles.cs
  artifactKey: Guid(04df43e98caae47479af52af6f7382aa) Importer(2089858483,0ecaa5967403d082aa24f35e1b516d23)
Start importing Assets/PlayMaker/Actions/Quaternion/GetQuaternionEulerAngles.cs using Guid(04df43e98caae47479af52af6f7382aa) Importer(2089858483,0ecaa5967403d082aa24f35e1b516d23)  -> (artifact id: '2c2f31dfcc1d7689a02d6d56f9ce533c') in 0.015953 seconds
Number of updated asset objects reloaded before import = 0
Number of asset objects unloaded after import = 1
========================================================================
Received Import Request.
  Time since last request: 0.000009 seconds.
  path: Assets/PlayMaker/Actions/Rect/RectContains.cs
  artifactKey: Guid(3879258ccc484f541aa411a7b6a16cc3) Importer(2089858483,0ecaa5967403d082aa24f35e1b516d23)
Start importing Assets/PlayMaker/Actions/Rect/RectContains.cs using Guid(3879258ccc484f541aa411a7b6a16cc3) Importer(2089858483,0ecaa5967403d082aa24f35e1b516d23)  -> (artifact id: '3519e663cd7f058748f17d256cbad162') in 0.014362 seconds
Number of updated asset objects reloaded before import = 0
Number of asset objects unloaded after import = 1
========================================================================
Received Import Request.
  Time since last request: 0.000011 seconds.
  path: Assets/PlayMaker/Actions/Quaternion/QuaternionBaseAction.cs
  artifactKey: Guid(1ec09b8a624db4d78b78fa83e6ba57b2) Importer(2089858483,0ecaa5967403d082aa24f35e1b516d23)
Start importing Assets/PlayMaker/Actions/Quaternion/QuaternionBaseAction.cs using Guid(1ec09b8a624db4d78b78fa83e6ba57b2) Importer(2089858483,0ecaa5967403d082aa24f35e1b516d23)  -> (artifact id: '176904c81257b013ac7973266db56a8f') in 0.015270 seconds
Number of updated asset objects reloaded before import = 0
Number of asset objects unloaded after import = 1
========================================================================
Received Import Request.
  Time since last request: 0.000010 seconds.
  path: Assets/PlayMaker/Actions/Physics2D/TranslatePosition2d.cs
  artifactKey: Guid(7087b3caf2ff7fd42bd7974abb6a9a86) Importer(2089858483,0ecaa5967403d082aa24f35e1b516d23)
Start importing Assets/PlayMaker/Actions/Physics2D/TranslatePosition2d.cs using Guid(7087b3caf2ff7fd42bd7974abb6a9a86) Importer(2089858483,0ecaa5967403d082aa24f35e1b516d23)  -> (artifact id: '09b8a8d466b1caa6f46b27c89e9e3ed6') in 0.018460 seconds
Number of updated asset objects reloaded before import = 0
Number of asset objects unloaded after import = 1
========================================================================
Received Import Request.
  Time since last request: 0.000010 seconds.
  path: Assets/PlayMaker/Actions/Material/SetMaterialTexture.cs
  artifactKey: Guid(79fb97dbd1751784d9f8e987bca0cbfb) Importer(2089858483,0ecaa5967403d082aa24f35e1b516d23)
Start importing Assets/PlayMaker/Actions/Material/SetMaterialTexture.cs using Guid(79fb97dbd1751784d9f8e987bca0cbfb) Importer(2089858483,0ecaa5967403d082aa24f35e1b516d23)  -> (artifact id: '5daaf2c98ac15951a1d44127ddf43e93') in 0.018258 seconds
Number of updated asset objects reloaded before import = 0
Number of asset objects unloaded after import = 1
========================================================================
Received Import Request.
  Time since last request: 0.000012 seconds.
  path: Assets/PlayMaker/Actions/Physics/MovePosition.cs
  artifactKey: Guid(5bb25ceaaf938934abd268a5414376f3) Importer(2089858483,0ecaa5967403d082aa24f35e1b516d23)
Start importing Assets/PlayMaker/Actions/Physics/MovePosition.cs using Guid(5bb25ceaaf938934abd268a5414376f3) Importer(2089858483,0ecaa5967403d082aa24f35e1b516d23)  -> (artifact id: '026669e9be7078bf8ed11e5b90730c32') in 0.017256 seconds
Number of updated asset objects reloaded before import = 0
Number of asset objects unloaded after import = 1
========================================================================
Received Import Request.
  Time since last request: 0.000079 seconds.
  path: Assets/PlayMaker/Actions/Physics2D/RayCast2d.cs
  artifactKey: Guid(65a21c82c06664d47801e02b7a7ccbf3) Importer(2089858483,0ecaa5967403d082aa24f35e1b516d23)
Start importing Assets/PlayMaker/Actions/Physics2D/RayCast2d.cs using Guid(65a21c82c06664d47801e02b7a7ccbf3) Importer(2089858483,0ecaa5967403d082aa24f35e1b516d23)  -> (artifact id: '449350edd2880bc2a52b2904824f9617') in 0.013495 seconds
Number of updated asset objects reloaded before import = 0
Number of asset objects unloaded after import = 1
========================================================================
Received Import Request.
  Time since last request: 0.000010 seconds.
  path: Assets/PlayMaker/Actions/Mesh/GetVertexCount.cs
  artifactKey: Guid(fecfe57495f66e0459a41b4f8b76048e) Importer(2089858483,0ecaa5967403d082aa24f35e1b516d23)
Start importing Assets/PlayMaker/Actions/Mesh/GetVertexCount.cs using Guid(fecfe57495f66e0459a41b4f8b76048e) Importer(2089858483,0ecaa5967403d082aa24f35e1b516d23)  -> (artifact id: 'e338c80723265a234bdbe23fee5e388a') in 0.019315 seconds
Number of updated asset objects reloaded before import = 0
Number of asset objects unloaded after import = 1
========================================================================
Received Import Request.
  Time since last request: 0.000013 seconds.
  path: Assets/PlayMaker/Actions/Logic/IntChanged.cs
  artifactKey: Guid(71aefaa33e74c7b4399c6232b0828066) Importer(2089858483,0ecaa5967403d082aa24f35e1b516d23)
Start importing Assets/PlayMaker/Actions/Logic/IntChanged.cs using Guid(71aefaa33e74c7b4399c6232b0828066) Importer(2089858483,0ecaa5967403d082aa24f35e1b516d23)  -> (artifact id: '42010a678c2884edd494c219e5ed899b') in 0.019183 seconds
Number of updated asset objects reloaded before import = 0
Number of asset objects unloaded after import = 1
========================================================================
Received Import Request.
  Time since last request: 0.000010 seconds.
  path: Assets/PlayMaker/Actions/Physics2D/SetIsKinematic2d.cs
  artifactKey: Guid(203a12a4280db43fb9cb2650b4c470dd) Importer(2089858483,0ecaa5967403d082aa24f35e1b516d23)
Start importing Assets/PlayMaker/Actions/Physics2D/SetIsKinematic2d.cs using Guid(203a12a4280db43fb9cb2650b4c470dd) Importer(2089858483,0ecaa5967403d082aa24f35e1b516d23)  -> (artifact id: '206202690ca516f963417de3baa25b22') in 0.017202 seconds
Number of updated asset objects reloaded before import = 0
Number of asset objects unloaded after import = 1
========================================================================
Received Import Request.
  Time since last request: 0.000011 seconds.
  path: Assets/PlayMaker/Actions/Physics2D/SetCollider2dIsTrigger.cs
  artifactKey: Guid(ea55526fdaa943b4bba87169f67a12f7) Importer(2089858483,0ecaa5967403d082aa24f35e1b516d23)
Start importing Assets/PlayMaker/Actions/Physics2D/SetCollider2dIsTrigger.cs using Guid(ea55526fdaa943b4bba87169f67a12f7) Importer(2089858483,0ecaa5967403d082aa24f35e1b516d23)  -> (artifact id: '3b819e62018ea285f35817708eec433a') in 0.015576 seconds
Number of updated asset objects reloaded before import = 0
Number of asset objects unloaded after import = 1
========================================================================
Received Import Request.
  Time since last request: 0.000017 seconds.
  path: Assets/PlayMaker/Actions/RectTransform/RectTransformFlipLayoutAxes.cs
  artifactKey: Guid(b8f571f0f22d445fa9030e09c0d49211) Importer(2089858483,0ecaa5967403d082aa24f35e1b516d23)
Start importing Assets/PlayMaker/Actions/RectTransform/RectTransformFlipLayoutAxes.cs using Guid(b8f571f0f22d445fa9030e09c0d49211) Importer(2089858483,0ecaa5967403d082aa24f35e1b516d23)  -> (artifact id: 'ccd41d3b8eaf623204b4065f7299e474') in 0.018038 seconds
Number of updated asset objects reloaded before import = 0
Number of asset objects unloaded after import = 1
========================================================================
Received Import Request.
  Time since last request: 0.000009 seconds.
  path: Assets/PlayMaker/Actions/Material/SetMaterial.cs
  artifactKey: Guid(2123b532aa5869945839a781ff8b14e4) Importer(2089858483,0ecaa5967403d082aa24f35e1b516d23)
Start importing Assets/PlayMaker/Actions/Material/SetMaterial.cs using Guid(2123b532aa5869945839a781ff8b14e4) Importer(2089858483,0ecaa5967403d082aa24f35e1b516d23)  -> (artifact id: '9a91b7c3aa2e6aa7e534d9956fb497ad') in 0.020574 seconds
Number of updated asset objects reloaded before import = 0
Number of asset objects unloaded after import = 1
========================================================================
Received Import Request.
  Time since last request: 0.000012 seconds.
  path: Assets/PlayMaker/Actions/Logic/GameObjectCompareTag.cs
  artifactKey: Guid(ad53193224edfbf48b46c3e5cabcec93) Importer(2089858483,0ecaa5967403d082aa24f35e1b516d23)
Start importing Assets/PlayMaker/Actions/Logic/GameObjectCompareTag.cs using Guid(ad53193224edfbf48b46c3e5cabcec93) Importer(2089858483,0ecaa5967403d082aa24f35e1b516d23)  -> (artifact id: '531419cc93dad27f6773b93283205ec6') in 0.014345 seconds
Number of updated asset objects reloaded before import = 0
Number of asset objects unloaded after import = 0
========================================================================
Received Import Request.
  Time since last request: 0.831035 seconds.
  path: Assets/PlayMaker/Actions/RectTransform/RectTransformSetLocalRotation.cs
  artifactKey: Guid(69eb6edc496684ea0ba433e220ae6f31) Importer(2089858483,0ecaa5967403d082aa24f35e1b516d23)
Start importing Assets/PlayMaker/Actions/RectTransform/RectTransformSetLocalRotation.cs using Guid(69eb6edc496684ea0ba433e220ae6f31) Importer(2089858483,0ecaa5967403d082aa24f35e1b516d23)  -> (artifact id: '985f3da74be859ee228f54faaaccc333') in 0.034501 seconds
Number of updated asset objects reloaded before import = 0
Number of asset objects unloaded after import = 1
========================================================================
Received Import Request.
  Time since last request: 0.000012 seconds.
  path: Assets/PlayMaker/Actions/UI/UiInputfieldSetCaretBlinkRate.cs
  artifactKey: Guid(ef7c5c940306ada4bae2f645f5fb7052) Importer(2089858483,0ecaa5967403d082aa24f35e1b516d23)
Start importing Assets/PlayMaker/Actions/UI/UiInputfieldSetCaretBlinkRate.cs using Guid(ef7c5c940306ada4bae2f645f5fb7052) Importer(2089858483,0ecaa5967403d082aa24f35e1b516d23)  -> (artifact id: '6eb7e2742d123b53f57d7b8857e167c0') in 0.013279 seconds
Number of updated asset objects reloaded before import = 0
Number of asset objects unloaded after import = 1
========================================================================
Received Import Request.
  Time since last request: 0.000008 seconds.
  path: Assets/PlayMaker/Actions/SpriteRenderer/SetSprite.cs
  artifactKey: Guid(d1e1e9bda7748f34dbb2216399858d3e) Importer(2089858483,0ecaa5967403d082aa24f35e1b516d23)
Start importing Assets/PlayMaker/Actions/SpriteRenderer/SetSprite.cs using Guid(d1e1e9bda7748f34dbb2216399858d3e) Importer(2089858483,0ecaa5967403d082aa24f35e1b516d23)  -> (artifact id: '0fa7f23ebe9d3177b4e13fc63ae8465d') in 0.013144 seconds
Number of updated asset objects reloaded before import = 0
Number of asset objects unloaded after import = 1
========================================================================
Received Import Request.
  Time since last request: 0.000010 seconds.
  path: Assets/PlayMaker/Actions/StateMachine/ForwardAllEvents.cs
  artifactKey: Guid(9c7d6f71ad43da148ad8e1a61f15041b) Importer(2089858483,0ecaa5967403d082aa24f35e1b516d23)
Start importing Assets/PlayMaker/Actions/StateMachine/ForwardAllEvents.cs using Guid(9c7d6f71ad43da148ad8e1a61f15041b) Importer(2089858483,0ecaa5967403d082aa24f35e1b516d23)  -> (artifact id: 'e93642bfcdba1b224650453b8b2fd723') in 0.013636 seconds
Number of updated asset objects reloaded before import = 0
Number of asset objects unloaded after import = 1
========================================================================
Received Import Request.
  Time since last request: 0.000010 seconds.
  path: Assets/PlayMaker/Actions/StateMachine/SendEventToFsm.cs
  artifactKey: Guid(e67332eeb4ef833489b089d1d65e041f) Importer(2089858483,0ecaa5967403d082aa24f35e1b516d23)
Start importing Assets/PlayMaker/Actions/StateMachine/SendEventToFsm.cs using Guid(e67332eeb4ef833489b089d1d65e041f) Importer(2089858483,0ecaa5967403d082aa24f35e1b516d23)  -> (artifact id: '15a056f71c92286e97d0506446f76248') in 0.012808 seconds
Number of updated asset objects reloaded before import = 0
Number of asset objects unloaded after import = 1
========================================================================
Received Import Request.
  Time since last request: 0.000009 seconds.
  path: Assets/PlayMaker/Actions/Vector3/SetVector3XYZ.cs
  artifactKey: Guid(38fdfd7b801c34047aca94430e736a64) Importer(2089858483,0ecaa5967403d082aa24f35e1b516d23)
Start importing Assets/PlayMaker/Actions/Vector3/SetVector3XYZ.cs using Guid(38fdfd7b801c34047aca94430e736a64) Importer(2089858483,0ecaa5967403d082aa24f35e1b516d23)  -> (artifact id: 'c681a938046df6f0824a2b8af45b62d8') in 0.017194 seconds
Number of updated asset objects reloaded before import = 0
Number of asset objects unloaded after import = 1
========================================================================
Received Import Request.
  Time since last request: 0.000010 seconds.
  path: Assets/PlayMaker/Actions/Tween/TweenFloat.cs
  artifactKey: Guid(b1e0144d0fcbb19448c9995c1b0c647e) Importer(2089858483,0ecaa5967403d082aa24f35e1b516d23)
Start importing Assets/PlayMaker/Actions/Tween/TweenFloat.cs using Guid(b1e0144d0fcbb19448c9995c1b0c647e) Importer(2089858483,0ecaa5967403d082aa24f35e1b516d23)  -> (artifact id: 'df1316597a6da3c672e38ec2588f2644') in 0.015030 seconds
Number of updated asset objects reloaded before import = 0
Number of asset objects unloaded after import = 1
========================================================================
Received Import Request.
  Time since last request: 0.000010 seconds.
  path: Assets/PlayMaker/Actions/UI/UiDropDownSetValue.cs
  artifactKey: Guid(39a6adb10de9f00458b60e32b8c224b9) Importer(2089858483,0ecaa5967403d082aa24f35e1b516d23)
Start importing Assets/PlayMaker/Actions/UI/UiDropDownSetValue.cs using Guid(39a6adb10de9f00458b60e32b8c224b9) Importer(2089858483,0ecaa5967403d082aa24f35e1b516d23)  -> (artifact id: '6ed5c876820d75c3c9c5d248776079da') in 0.014687 seconds
Number of updated asset objects reloaded before import = 0
Number of asset objects unloaded after import = 1
========================================================================
Received Import Request.
  Time since last request: 0.000012 seconds.
  path: Assets/PlayMaker/Actions/UI/UiInputFieldGetPlaceHolder.cs
  artifactKey: Guid(b2d99373f71bee944877b1efaa56adcb) Importer(2089858483,0ecaa5967403d082aa24f35e1b516d23)
Start importing Assets/PlayMaker/Actions/UI/UiInputFieldGetPlaceHolder.cs using Guid(b2d99373f71bee944877b1efaa56adcb) Importer(2089858483,0ecaa5967403d082aa24f35e1b516d23)  -> (artifact id: '65e46d42f168ee263b9d4bd82aa094a0') in 0.014517 seconds
Number of updated asset objects reloaded before import = 0
Number of asset objects unloaded after import = 1
========================================================================
Received Import Request.
  Time since last request: 0.000020 seconds.
  path: Assets/PlayMaker/Actions/Tween/TweenQuaternion.cs
  artifactKey: Guid(22e16d25c7bab54458b1b5f4ebc831ee) Importer(2089858483,0ecaa5967403d082aa24f35e1b516d23)
Start importing Assets/PlayMaker/Actions/Tween/TweenQuaternion.cs using Guid(22e16d25c7bab54458b1b5f4ebc831ee) Importer(2089858483,0ecaa5967403d082aa24f35e1b516d23)  -> (artifact id: '8d87f9c393519c5fe5f9bd2743e12cbf') in 0.011955 seconds
Number of updated asset objects reloaded before import = 0
Number of asset objects unloaded after import = 1
========================================================================
Received Import Request.
  Time since last request: 0.000010 seconds.
  path: Assets/PlayMaker/Actions/UI/UiImageSetFillAmount.cs
  artifactKey: Guid(c5b7d741e2cbef248a46c7b50adc0077) Importer(2089858483,0ecaa5967403d082aa24f35e1b516d23)
Start importing Assets/PlayMaker/Actions/UI/UiImageSetFillAmount.cs using Guid(c5b7d741e2cbef248a46c7b50adc0077) Importer(2089858483,0ecaa5967403d082aa24f35e1b516d23)  -> (artifact id: 'ee5d81a4cb4db08ac7bcb33db23d763d') in 0.013299 seconds
Number of updated asset objects reloaded before import = 0
Number of asset objects unloaded after import = 1
========================================================================
Received Import Request.
  Time since last request: 0.000010 seconds.
  path: Assets/PlayMaker/Actions/UI/UiInputFieldGetWasCanceled.cs
  artifactKey: Guid(be1d8d91bf5e07e42b9aaa85bd8d4870) Importer(2089858483,0ecaa5967403d082aa24f35e1b516d23)
Start importing Assets/PlayMaker/Actions/UI/UiInputFieldGetWasCanceled.cs using Guid(be1d8d91bf5e07e42b9aaa85bd8d4870) Importer(2089858483,0ecaa5967403d082aa24f35e1b516d23)  -> (artifact id: '46e8d5c1c413bbeebdd500d15a017f94') in 0.013291 seconds
Number of updated asset objects reloaded before import = 0
Number of asset objects unloaded after import = 1
========================================================================
Received Import Request.
  Time since last request: 0.000012 seconds.
  path: Assets/PlayMaker/Actions/Vector2/Vector2SnapToAngle.cs
  artifactKey: Guid(4a5e8a695ca5e4f4993e1aa9842c17ba) Importer(2089858483,0ecaa5967403d082aa24f35e1b516d23)
Start importing Assets/PlayMaker/Actions/Vector2/Vector2SnapToAngle.cs using Guid(4a5e8a695ca5e4f4993e1aa9842c17ba) Importer(2089858483,0ecaa5967403d082aa24f35e1b516d23)  -> (artifact id: 'ba7a387b0f4c44c69dc56f5e76a1e0d6') in 0.011489 seconds
Number of updated asset objects reloaded before import = 0
Number of asset objects unloaded after import = 1
========================================================================
Received Import Request.
  Time since last request: 0.000011 seconds.
  path: Assets/PlayMaker/Actions/SceneManager/SendSceneLoadedEvent.cs
  artifactKey: Guid(45f819b550e434d43a9207d5befb2f0a) Importer(2089858483,0ecaa5967403d082aa24f35e1b516d23)
Start importing Assets/PlayMaker/Actions/SceneManager/SendSceneLoadedEvent.cs using Guid(45f819b550e434d43a9207d5befb2f0a) Importer(2089858483,0ecaa5967403d082aa24f35e1b516d23)  -> (artifact id: '14e56000ad353046fdf5b616e51e33ea') in 0.012027 seconds
Number of updated asset objects reloaded before import = 0
Number of asset objects unloaded after import = 1
========================================================================
Received Import Request.
  Time since last request: 0.000008 seconds.
  path: Assets/PlayMaker/Actions/StateMachine/GetFsmBool.cs
  artifactKey: Guid(cd9621abe3cb4f14a975ab66a1d89703) Importer(2089858483,0ecaa5967403d082aa24f35e1b516d23)
Start importing Assets/PlayMaker/Actions/StateMachine/GetFsmBool.cs using Guid(cd9621abe3cb4f14a975ab66a1d89703) Importer(2089858483,0ecaa5967403d082aa24f35e1b516d23)  -> (artifact id: 'bf5e68c65c7ab1634aab9c21a28b9f5c') in 0.014465 seconds
Number of updated asset objects reloaded before import = 0
Number of asset objects unloaded after import = 1
========================================================================
Received Import Request.
  Time since last request: 0.000010 seconds.
  path: Assets/PlayMaker/Actions/StateMachine/GetEventFloatData.cs
  artifactKey: Guid(57d729cd8063e064e8f3abc82a4b82e0) Importer(2089858483,0ecaa5967403d082aa24f35e1b516d23)
Start importing Assets/PlayMaker/Actions/StateMachine/GetEventFloatData.cs using Guid(57d729cd8063e064e8f3abc82a4b82e0) Importer(2089858483,0ecaa5967403d082aa24f35e1b516d23)  -> (artifact id: '2d11fd8c38b9caff1d554a63b96b631f') in 0.014789 seconds
Number of updated asset objects reloaded before import = 0
Number of asset objects unloaded after import = 1
========================================================================
Received Import Request.
  Time since last request: 0.000010 seconds.
  path: Assets/PlayMaker/Actions/UnityObject/GetProperty.cs
  artifactKey: Guid(a018ddc252a3fd3439d9948293ffe120) Importer(2089858483,0ecaa5967403d082aa24f35e1b516d23)
Start importing Assets/PlayMaker/Actions/UnityObject/GetProperty.cs using Guid(a018ddc252a3fd3439d9948293ffe120) Importer(2089858483,0ecaa5967403d082aa24f35e1b516d23)  -> (artifact id: 'f2cdc157101b208b9a78c50dd065765d') in 0.015626 seconds
Number of updated asset objects reloaded before import = 0
Number of asset objects unloaded after import = 1
========================================================================
Received Import Request.
  Time since last request: 0.000016 seconds.
  path: Assets/PlayMaker/Actions/StateMachine/SetFsmEnum.cs
  artifactKey: Guid(1eb2758e9be6bbd47ada1ddd76754b04) Importer(2089858483,0ecaa5967403d082aa24f35e1b516d23)
Start importing Assets/PlayMaker/Actions/StateMachine/SetFsmEnum.cs using Guid(1eb2758e9be6bbd47ada1ddd76754b04) Importer(2089858483,0ecaa5967403d082aa24f35e1b516d23)  -> (artifact id: 'b292c3562c746f2493662aa5ad156b01') in 0.014778 seconds
Number of updated asset objects reloaded before import = 0
Number of asset objects unloaded after import = 1
========================================================================
Received Import Request.
  Time since last request: 0.000010 seconds.
  path: Assets/PlayMaker/Actions/UI/UiToggleOnValueChangedEvent.cs
  artifactKey: Guid(beb9314d3205b3c489a1dd389a363e7d) Importer(2089858483,0ecaa5967403d082aa24f35e1b516d23)
Start importing Assets/PlayMaker/Actions/UI/UiToggleOnValueChangedEvent.cs using Guid(beb9314d3205b3c489a1dd389a363e7d) Importer(2089858483,0ecaa5967403d082aa24f35e1b516d23)  -> (artifact id: '730356043ce70e0c8c1e37b094fca994') in 0.014971 seconds
Number of updated asset objects reloaded before import = 0
Number of asset objects unloaded after import = 1
========================================================================
Received Import Request.
  Time since last request: 0.000010 seconds.
  path: Assets/PlayMaker/Actions/Trigonometry/GetAtan2FromVector2.cs
  artifactKey: Guid(689ca023c18264a8eb07e17d24e4d3de) Importer(2089858483,0ecaa5967403d082aa24f35e1b516d23)
Start importing Assets/PlayMaker/Actions/Trigonometry/GetAtan2FromVector2.cs using Guid(689ca023c18264a8eb07e17d24e4d3de) Importer(2089858483,0ecaa5967403d082aa24f35e1b516d23)  -> (artifact id: '401e782109510e4c94d159a12f47c830') in 0.014442 seconds
Number of updated asset objects reloaded before import = 0
Number of asset objects unloaded after import = 1
========================================================================
Received Import Request.
  Time since last request: 0.000010 seconds.
  path: Assets/PlayMaker/Actions/SpriteRenderer/GetSprite.cs
  artifactKey: Guid(9ba3af765b348f547b6840766b677f6b) Importer(2089858483,0ecaa5967403d082aa24f35e1b516d23)
Start importing Assets/PlayMaker/Actions/SpriteRenderer/GetSprite.cs using Guid(9ba3af765b348f547b6840766b677f6b) Importer(2089858483,0ecaa5967403d082aa24f35e1b516d23)  -> (artifact id: '6e17857ff247118ea85bd41d365ed366') in 0.013189 seconds
Number of updated asset objects reloaded before import = 0
Number of asset objects unloaded after import = 1
========================================================================
Received Import Request.
  Time since last request: 0.000010 seconds.
  path: Assets/PlayMaker/Actions/Vector3/Vector3Subtract.cs
  artifactKey: Guid(e8a6ea371d5d8db4e8fd747a820cf6fa) Importer(2089858483,0ecaa5967403d082aa24f35e1b516d23)
Start importing Assets/PlayMaker/Actions/Vector3/Vector3Subtract.cs using Guid(e8a6ea371d5d8db4e8fd747a820cf6fa) Importer(2089858483,0ecaa5967403d082aa24f35e1b516d23)  -> (artifact id: '63be633d634dc2ee63ff2f298fd80e42') in 0.016769 seconds
Number of updated asset objects reloaded before import = 0
Number of asset objects unloaded after import = 1
========================================================================
Received Import Request.
  Time since last request: 0.000009 seconds.
  path: Assets/PlayMaker/Actions/StateMachine/LoopState.cs
  artifactKey: Guid(753645500a9e92c4aa337dd5affb29ab) Importer(2089858483,0ecaa5967403d082aa24f35e1b516d23)
Start importing Assets/PlayMaker/Actions/StateMachine/LoopState.cs using Guid(753645500a9e92c4aa337dd5affb29ab) Importer(2089858483,0ecaa5967403d082aa24f35e1b516d23)  -> (artifact id: '2b8a8cdfe190da8808b250bab237569d') in 0.015725 seconds
Number of updated asset objects reloaded before import = 0
Number of asset objects unloaded after import = 1
========================================================================
Received Import Request.
  Time since last request: 0.000010 seconds.
  path: Assets/PlayMaker/Actions/UI/UiSliderGetMinMax.cs
  artifactKey: Guid(3cd22fa2077118c4ca16382aab47b3dc) Importer(2089858483,0ecaa5967403d082aa24f35e1b516d23)
Start importing Assets/PlayMaker/Actions/UI/UiSliderGetMinMax.cs using Guid(3cd22fa2077118c4ca16382aab47b3dc) Importer(2089858483,0ecaa5967403d082aa24f35e1b516d23)  -> (artifact id: '81b921dd4139905ddf1708dbbdc7975b') in 0.015357 seconds
Number of updated asset objects reloaded before import = 0
Number of asset objects unloaded after import = 1
========================================================================
Received Import Request.
  Time since last request: 0.000012 seconds.
  path: Assets/PlayMaker/Actions/UI/UiInputFieldMoveCaretToTextStart.cs
  artifactKey: Guid(52cc97e4e75c8424bafeb0a1e9912b3d) Importer(2089858483,0ecaa5967403d082aa24f35e1b516d23)
Start importing Assets/PlayMaker/Actions/UI/UiInputFieldMoveCaretToTextStart.cs using Guid(52cc97e4e75c8424bafeb0a1e9912b3d) Importer(2089858483,0ecaa5967403d082aa24f35e1b516d23)  -> (artifact id: '9d204ae4fbc61e0e5ee4661ca3da1b4f') in 0.013558 seconds
Number of updated asset objects reloaded before import = 0
Number of asset objects unloaded after import = 1
========================================================================
Received Import Request.
  Time since last request: 0.000018 seconds.
  path: Assets/PlayMaker/Actions/Time/GetTimeInfo.cs
  artifactKey: Guid(8e3db02fb7991d64d85d8cb4e2faf252) Importer(2089858483,0ecaa5967403d082aa24f35e1b516d23)
Start importing Assets/PlayMaker/Actions/Time/GetTimeInfo.cs using Guid(8e3db02fb7991d64d85d8cb4e2faf252) Importer(2089858483,0ecaa5967403d082aa24f35e1b516d23)  -> (artifact id: '53a538da9f660fffd4ee044c0d8d57c6') in 0.013459 seconds
Number of updated asset objects reloaded before import = 0
Number of asset objects unloaded after import = 1
========================================================================
Received Import Request.
  Time since last request: 0.000010 seconds.
  path: Assets/PlayMaker/Actions/String/FormatString.cs
  artifactKey: Guid(521dc12fea783ee43b6f00b9cc079b53) Importer(2089858483,0ecaa5967403d082aa24f35e1b516d23)
Start importing Assets/PlayMaker/Actions/String/FormatString.cs using Guid(521dc12fea783ee43b6f00b9cc079b53) Importer(2089858483,0ecaa5967403d082aa24f35e1b516d23)  -> (artifact id: '0d18d267094d89e98dcb32cb5b183a3e') in 0.014698 seconds
Number of updated asset objects reloaded before import = 0
Number of asset objects unloaded after import = 1
========================================================================
Received Import Request.
  Time since last request: 0.000010 seconds.
  path: Assets/PlayMaker/Actions/Vector2/Vector2PerSecond.cs
  artifactKey: Guid(c6a98fe858b7744a99c35a29a9fbc937) Importer(2089858483,0ecaa5967403d082aa24f35e1b516d23)
Start importing Assets/PlayMaker/Actions/Vector2/Vector2PerSecond.cs using Guid(c6a98fe858b7744a99c35a29a9fbc937) Importer(2089858483,0ecaa5967403d082aa24f35e1b516d23)  -> (artifact id: '81770397dc1121eec88121928f1ce90f') in 0.014163 seconds
Number of updated asset objects reloaded before import = 0
Number of asset objects unloaded after import = 1
========================================================================
Received Import Request.
  Time since last request: 0.000010 seconds.
  path: Assets/PlayMaker/Actions/Tween/TweenInt.cs
  artifactKey: Guid(db2fc003884fed245819dc4fe8490294) Importer(2089858483,0ecaa5967403d082aa24f35e1b516d23)
Start importing Assets/PlayMaker/Actions/Tween/TweenInt.cs using Guid(db2fc003884fed245819dc4fe8490294) Importer(2089858483,0ecaa5967403d082aa24f35e1b516d23)  -> (artifact id: 'd846be6aed8cf45adcabe0d0e4980695') in 0.015825 seconds
Number of updated asset objects reloaded before import = 0
Number of asset objects unloaded after import = 1
========================================================================
Received Import Request.
  Time since last request: 0.000011 seconds.
  path: Assets/PlayMaker/Actions/StateMachine/SetEventStringData.cs
  artifactKey: Guid(ff51300c7fab6474f8ffe489ea0b7468) Importer(2089858483,0ecaa5967403d082aa24f35e1b516d23)
Start importing Assets/PlayMaker/Actions/StateMachine/SetEventStringData.cs using Guid(ff51300c7fab6474f8ffe489ea0b7468) Importer(2089858483,0ecaa5967403d082aa24f35e1b516d23)  -> (artifact id: 'ba405a86ac03d26d4b8de404ec36936d') in 0.013448 seconds
Number of updated asset objects reloaded before import = 0
Number of asset objects unloaded after import = 1
========================================================================
Received Import Request.
  Time since last request: 0.000010 seconds.
  path: Assets/PlayMaker/Actions/Transform/LookAtDirection.cs
  artifactKey: Guid(542dd90b38cb7cc44be53756a3dcc944) Importer(2089858483,0ecaa5967403d082aa24f35e1b516d23)
Start importing Assets/PlayMaker/Actions/Transform/LookAtDirection.cs using Guid(542dd90b38cb7cc44be53756a3dcc944) Importer(2089858483,0ecaa5967403d082aa24f35e1b516d23)  -> (artifact id: '1bc72e82aed8f08306be2a15e08e6e65') in 0.014538 seconds
Number of updated asset objects reloaded before import = 0
Number of asset objects unloaded after import = 1
========================================================================
Received Import Request.
  Time since last request: 0.000018 seconds.
  path: Assets/PlayMaker/Actions/Vector3/Vector3Multiply.cs
  artifactKey: Guid(7fd6a420792cc5a46bbef572ddbf89ca) Importer(2089858483,0ecaa5967403d082aa24f35e1b516d23)
Start importing Assets/PlayMaker/Actions/Vector3/Vector3Multiply.cs using Guid(7fd6a420792cc5a46bbef572ddbf89ca) Importer(2089858483,0ecaa5967403d082aa24f35e1b516d23)  -> (artifact id: '5a237a7021645f3902aa5bc8cc5d23ba') in 0.014491 seconds
Number of updated asset objects reloaded before import = 0
Number of asset objects unloaded after import = 1
========================================================================
Received Import Request.
  Time since last request: 0.000018 seconds.
  path: Assets/PlayMaker/Actions/UI/UiScrollbarOnValueChangedEvent.cs
  artifactKey: Guid(0e9e89c992a8e3740bb97a8919120842) Importer(2089858483,0ecaa5967403d082aa24f35e1b516d23)
Start importing Assets/PlayMaker/Actions/UI/UiScrollbarOnValueChangedEvent.cs using Guid(0e9e89c992a8e3740bb97a8919120842) Importer(2089858483,0ecaa5967403d082aa24f35e1b516d23)  -> (artifact id: 'e2f3bdba724c7bd3a7e52169bad4388c') in 0.015362 seconds
Number of updated asset objects reloaded before import = 0
Number of asset objects unloaded after import = 1
========================================================================
Received Import Request.
  Time since last request: 0.000010 seconds.
  path: Assets/PlayMaker/Actions/StateMachine/GetFsmInt.cs
  artifactKey: Guid(2d9f76bd8ba211b488b98b673121384c) Importer(2089858483,0ecaa5967403d082aa24f35e1b516d23)
Start importing Assets/PlayMaker/Actions/StateMachine/GetFsmInt.cs using Guid(2d9f76bd8ba211b488b98b673121384c) Importer(2089858483,0ecaa5967403d082aa24f35e1b516d23)  -> (artifact id: 'e2030868ba8ca4435653c4e80af4cfc0') in 0.014861 seconds
Number of updated asset objects reloaded before import = 0
Number of asset objects unloaded after import = 1
========================================================================
Received Import Request.
  Time since last request: 0.000009 seconds.
  path: Assets/PlayMaker/Actions/StateMachine/GetEventIntData.cs
  artifactKey: Guid(b37d0031c0606ca4bbae8200314a8d05) Importer(2089858483,0ecaa5967403d082aa24f35e1b516d23)
Start importing Assets/PlayMaker/Actions/StateMachine/GetEventIntData.cs using Guid(b37d0031c0606ca4bbae8200314a8d05) Importer(2089858483,0ecaa5967403d082aa24f35e1b516d23)  -> (artifact id: '34b0fadb1676266f9dba8146a1815756') in 0.014246 seconds
Number of updated asset objects reloaded before import = 0
Number of asset objects unloaded after import = 1
========================================================================
Received Import Request.
  Time since last request: 0.000010 seconds.
  path: Assets/PlayMaker/Actions/Vector2/SetVector2Value.cs
  artifactKey: Guid(67463002770f84436ab893f31706f1ef) Importer(2089858483,0ecaa5967403d082aa24f35e1b516d23)
Start importing Assets/PlayMaker/Actions/Vector2/SetVector2Value.cs using Guid(67463002770f84436ab893f31706f1ef) Importer(2089858483,0ecaa5967403d082aa24f35e1b516d23)  -> (artifact id: '77b9fc699a6ea5a2ad92dabde42f0aaa') in 0.014181 seconds
Number of updated asset objects reloaded before import = 0
Number of asset objects unloaded after import = 1
========================================================================
Received Import Request.
  Time since last request: 0.000010 seconds.
  path: Assets/PlayMaker/Actions/VideoClip/VideoClipGetSize.cs
  artifactKey: Guid(cf157a07801c649f09f08de5f1a99f04) Importer(2089858483,0ecaa5967403d082aa24f35e1b516d23)
Start importing Assets/PlayMaker/Actions/VideoClip/VideoClipGetSize.cs using Guid(cf157a07801c649f09f08de5f1a99f04) Importer(2089858483,0ecaa5967403d082aa24f35e1b516d23)  -> (artifact id: '22108929667d9386b47a713d21b8999a') in 0.014522 seconds
Number of updated asset objects reloaded before import = 0
Number of asset objects unloaded after import = 1
========================================================================
Received Import Request.
  Time since last request: 0.000009 seconds.
  path: Assets/PlayMaker/Actions/Time/RandomWait.cs
  artifactKey: Guid(37507b4af45ecfc42a3231ce7c64377d) Importer(2089858483,0ecaa5967403d082aa24f35e1b516d23)
Start importing Assets/PlayMaker/Actions/Time/RandomWait.cs using Guid(37507b4af45ecfc42a3231ce7c64377d) Importer(2089858483,0ecaa5967403d082aa24f35e1b516d23)  -> (artifact id: 'c799d0220c248a6e62bdb3d66d4e1030') in 0.014627 seconds
Number of updated asset objects reloaded before import = 0
Number of asset objects unloaded after import = 1
========================================================================
Received Import Request.
  Time since last request: 0.000011 seconds.
  path: Assets/PlayMaker/Actions/Vector2/Vector2Multiply.cs
  artifactKey: Guid(e21c897c65f2b43da815643505c5445b) Importer(2089858483,0ecaa5967403d082aa24f35e1b516d23)
Start importing Assets/PlayMaker/Actions/Vector2/Vector2Multiply.cs using Guid(e21c897c65f2b43da815643505c5445b) Importer(2089858483,0ecaa5967403d082aa24f35e1b516d23)  -> (artifact id: 'dfc731dc322fe3742f142810e247ed16') in 0.013961 seconds
Number of updated asset objects reloaded before import = 0
Number of asset objects unloaded after import = 1
========================================================================
Received Import Request.
  Time since last request: 0.000010 seconds.
  path: Assets/PlayMaker/Actions/String/StringReplace.cs
  artifactKey: Guid(48b710fe4145c0e40a5576351fb00baa) Importer(2089858483,0ecaa5967403d082aa24f35e1b516d23)
Start importing Assets/PlayMaker/Actions/String/StringReplace.cs using Guid(48b710fe4145c0e40a5576351fb00baa) Importer(2089858483,0ecaa5967403d082aa24f35e1b516d23)  -> (artifact id: '74da36ab490dad83dd018131ca6f38af') in 0.011972 seconds
Number of updated asset objects reloaded before import = 0
Number of asset objects unloaded after import = 1
========================================================================
Received Import Request.
  Time since last request: 0.000012 seconds.
  path: Assets/PlayMaker/Actions/UI/UiScrollbarSetValue.cs
  artifactKey: Guid(71084cf841b786b4ea5ed0897f89db48) Importer(2089858483,0ecaa5967403d082aa24f35e1b516d23)
Start importing Assets/PlayMaker/Actions/UI/UiScrollbarSetValue.cs using Guid(71084cf841b786b4ea5ed0897f89db48) Importer(2089858483,0ecaa5967403d082aa24f35e1b516d23)  -> (artifact id: 'c0ae58fba0a11e201fe003d6c480f319') in 0.013158 seconds
Number of updated asset objects reloaded before import = 0
Number of asset objects unloaded after import = 1
========================================================================
Received Import Request.
  Time since last request: 0.441770 seconds.
  path: Assets/PlayMaker/Actions/VideoPlayer/VideoPlayerGetAudioOutputMode.cs
  artifactKey: Guid(c6b9af78b16984763a1a69feaa21c156) Importer(2089858483,0ecaa5967403d082aa24f35e1b516d23)
Start importing Assets/PlayMaker/Actions/VideoPlayer/VideoPlayerGetAudioOutputMode.cs using Guid(c6b9af78b16984763a1a69feaa21c156) Importer(2089858483,0ecaa5967403d082aa24f35e1b516d23)  -> (artifact id: 'de58f760e55e2721e00cdde72b296332') in 0.012879 seconds
Number of updated asset objects reloaded before import = 0
Number of asset objects unloaded after import = 1
========================================================================
Received Import Request.
  Time since last request: 0.000011 seconds.
  path: Assets/STYLY_Plugin/Scripts/Editor/CameraComponentDisabler.cs
  artifactKey: Guid(2caba17f98924f17860728148fb49991) Importer(2089858483,0ecaa5967403d082aa24f35e1b516d23)
Start importing Assets/STYLY_Plugin/Scripts/Editor/CameraComponentDisabler.cs using Guid(2caba17f98924f17860728148fb49991) Importer(2089858483,0ecaa5967403d082aa24f35e1b516d23)  -> (artifact id: 'd827f8aefe2b169738b3e51d5f8ba5e8') in 0.013862 seconds
Number of updated asset objects reloaded before import = 0
Number of asset objects unloaded after import = 1
========================================================================
Received Import Request.
  Time since last request: 0.000010 seconds.
  path: Assets/PolyTope_VoxelWorld_Animals/Content/Models/mod_ground_forrest.fbx
  artifactKey: Guid(263a62c6ec1f6e54fb6f42566656a9ac) Importer(2089858483,0ecaa5967403d082aa24f35e1b516d23)
Start importing Assets/PolyTope_VoxelWorld_Animals/Content/Models/mod_ground_forrest.fbx using Guid(263a62c6ec1f6e54fb6f42566656a9ac) Importer(2089858483,0ecaa5967403d082aa24f35e1b516d23)  -> (artifact id: '8bbe4cd0eee4df2c3ad7a5f01b7e3ad4') in 0.022912 seconds
Number of updated asset objects reloaded before import = 0
Number of asset objects unloaded after import = 7
========================================================================
Received Import Request.
  Time since last request: 0.000011 seconds.
  path: Assets/UniGLTF/UniJSON/Scripts/ActionDisposer.cs
  artifactKey: Guid(ff15446e31b14ac409251c931b7c2038) Importer(2089858483,0ecaa5967403d082aa24f35e1b516d23)
Start importing Assets/UniGLTF/UniJSON/Scripts/ActionDisposer.cs using Guid(ff15446e31b14ac409251c931b7c2038) Importer(2089858483,0ecaa5967403d082aa24f35e1b516d23)  -> (artifact id: '8577830829e81a7d88be341cbd9e21de') in 0.013541 seconds
Number of updated asset objects reloaded before import = 0
Number of asset objects unloaded after import = 1
========================================================================
Received Import Request.
  Time since last request: 0.000009 seconds.
  path: Assets/STYLY_Plugin/Scripts/Editor/StylyAnalyticsForUnityPlugin.cs
  artifactKey: Guid(80b6bf1eeb8e14d4fb8c0f00365a2160) Importer(2089858483,0ecaa5967403d082aa24f35e1b516d23)
Start importing Assets/STYLY_Plugin/Scripts/Editor/StylyAnalyticsForUnityPlugin.cs using Guid(80b6bf1eeb8e14d4fb8c0f00365a2160) Importer(2089858483,0ecaa5967403d082aa24f35e1b516d23)  -> (artifact id: '5b0e95d7fe4b01c8d92e38e988782c69') in 0.015359 seconds
Number of updated asset objects reloaded before import = 0
Number of asset objects unloaded after import = 1
========================================================================
Received Import Request.
  Time since last request: 0.000009 seconds.
  path: Assets/UniGLTF/UniHumanoid/doc/bvh_prefab.png
  artifactKey: Guid(0f274a7a8cb1663479e10b9b1820156d) Importer(2089858483,0ecaa5967403d082aa24f35e1b516d23)
Start importing Assets/UniGLTF/UniHumanoid/doc/bvh_prefab.png using Guid(0f274a7a8cb1663479e10b9b1820156d) Importer(2089858483,0ecaa5967403d082aa24f35e1b516d23)  -> (artifact id: 'f33514a83ea559875c8ffdb7512feabe') in 0.025920 seconds
Number of updated asset objects reloaded before import = 0
Number of asset objects unloaded after import = 1
========================================================================
Received Import Request.
  Time since last request: 0.000011 seconds.
  path: Assets/PlayMaker/Actions/Animator/Editor/GetAnimatorCurrentStateInfoActionEditor.cs
  artifactKey: Guid(f46514705a56a44b18a3aaefe044562a) Importer(2089858483,0ecaa5967403d082aa24f35e1b516d23)
Start importing Assets/PlayMaker/Actions/Animator/Editor/GetAnimatorCurrentStateInfoActionEditor.cs using Guid(f46514705a56a44b18a3aaefe044562a) Importer(2089858483,0ecaa5967403d082aa24f35e1b516d23)  -> (artifact id: '5fe8e803dad46ece4aeeb8d4d97b6fb8') in 0.012143 seconds
Number of updated asset objects reloaded before import = 0
Number of asset objects unloaded after import = 1
========================================================================
Received Import Request.
  Time since last request: 0.000010 seconds.
  path: Assets/STYLY_Plugin/Scripts/Editor/SceneProcessor.cs
  artifactKey: Guid(ee08420dff4cd3f4fa7b0f9725a8aa16) Importer(2089858483,0ecaa5967403d082aa24f35e1b516d23)
Start importing Assets/STYLY_Plugin/Scripts/Editor/SceneProcessor.cs using Guid(ee08420dff4cd3f4fa7b0f9725a8aa16) Importer(2089858483,0ecaa5967403d082aa24f35e1b516d23)  -> (artifact id: 'bf6e2b74f93ea0f233814ae72f26a3ab') in 0.011245 seconds
Number of updated asset objects reloaded before import = 0
Number of asset objects unloaded after import = 1
========================================================================
Received Import Request.
  Time since last request: 0.000010 seconds.
  path: Assets/PlayMaker/Editor/Watermarks/Stars.png
  artifactKey: Guid(66c5fc677b40c1f4a8bcac247d468660) Importer(2089858483,0ecaa5967403d082aa24f35e1b516d23)
Start importing Assets/PlayMaker/Editor/Watermarks/Stars.png using Guid(66c5fc677b40c1f4a8bcac247d468660) Importer(2089858483,0ecaa5967403d082aa24f35e1b516d23)  -> (artifact id: '3b711f804d42bc3e03d4d038d1df3a81') in 0.025664 seconds
Number of updated asset objects reloaded before import = 0
Number of asset objects unloaded after import = 1
========================================================================
Received Import Request.
  Time since last request: 0.000011 seconds.
  path: Assets/PlayMaker/Editor/Watermarks/AnalogClock.png
  artifactKey: Guid(6a9f8cb89f6f3dc408b1097092f17c9d) Importer(2089858483,0ecaa5967403d082aa24f35e1b516d23)
Start importing Assets/PlayMaker/Editor/Watermarks/AnalogClock.png using Guid(6a9f8cb89f6f3dc408b1097092f17c9d) Importer(2089858483,0ecaa5967403d082aa24f35e1b516d23)  -> (artifact id: 'ea656493358e29f657908ed2dcb6f40b') in 0.022410 seconds
Number of updated asset objects reloaded before import = 0
Number of asset objects unloaded after import = 1
========================================================================
Received Import Request.
  Time since last request: 0.000014 seconds.
  path: Assets/STYLY_Plugin/Scripts/Editor/RetryUtil.cs
  artifactKey: Guid(32df3ce2cc9a4d00996db4479b53ebc8) Importer(2089858483,0ecaa5967403d082aa24f35e1b516d23)
Start importing Assets/STYLY_Plugin/Scripts/Editor/RetryUtil.cs using Guid(32df3ce2cc9a4d00996db4479b53ebc8) Importer(2089858483,0ecaa5967403d082aa24f35e1b516d23)  -> (artifact id: '93dbb16ba4c80c1590e8ca6e87ea5290') in 0.014204 seconds
Number of updated asset objects reloaded before import = 0
Number of asset objects unloaded after import = 1
========================================================================
Received Import Request.
  Time since last request: 0.000017 seconds.
  path: Assets/PlayMaker/Actions/VideoPlayer/VideoPlayerGetCanStep.cs
  artifactKey: Guid(bd3758a96e6eb462fb52d6e8bd8ceb43) Importer(2089858483,0ecaa5967403d082aa24f35e1b516d23)
Start importing Assets/PlayMaker/Actions/VideoPlayer/VideoPlayerGetCanStep.cs using Guid(bd3758a96e6eb462fb52d6e8bd8ceb43) Importer(2089858483,0ecaa5967403d082aa24f35e1b516d23)  -> (artifact id: 'd4781d962d139baa93b37adcc6169af1') in 0.013850 seconds
Number of updated asset objects reloaded before import = 0
Number of asset objects unloaded after import = 1
========================================================================
Received Import Request.
  Time since last request: 0.000251 seconds.
  path: Assets/PlayMaker/Editor/Watermarks/Hierarchy.png
  artifactKey: Guid(d60582facecebbc4e8db4390938f171f) Importer(2089858483,0ecaa5967403d082aa24f35e1b516d23)
Start importing Assets/PlayMaker/Editor/Watermarks/Hierarchy.png using Guid(d60582facecebbc4e8db4390938f171f) Importer(2089858483,0ecaa5967403d082aa24f35e1b516d23)  -> (artifact id: 'df531782f6f8cd75f296664a79e5ac82') in 0.023971 seconds
Number of updated asset objects reloaded before import = 0
Number of asset objects unloaded after import = 1
========================================================================
Received Import Request.
  Time since last request: 0.000011 seconds.
  path: Assets/STYLY_Plugin/STYLY_ImmersalUI/Sprites/tex_scan_JP.png
  artifactKey: Guid(24bba80bd68567a45a68d5599cd10b04) Importer(2089858483,0ecaa5967403d082aa24f35e1b516d23)
Start importing Assets/STYLY_Plugin/STYLY_ImmersalUI/Sprites/tex_scan_JP.png using Guid(24bba80bd68567a45a68d5599cd10b04) Importer(2089858483,0ecaa5967403d082aa24f35e1b516d23)  -> (artifact id: '7213fb5472136753b42a7d8f490de34c') in 0.021787 seconds
Number of updated asset objects reloaded before import = 0
Number of asset objects unloaded after import = 3
========================================================================
Received Import Request.
  Time since last request: 0.000010 seconds.
  path: Assets/PlayMaker/Editor/tr/PlayMakerEditorResources.resources.dll
  artifactKey: Guid(0814d5cca1a52ce468b8159194a645a6) Importer(2089858483,0ecaa5967403d082aa24f35e1b516d23)
Start importing Assets/PlayMaker/Editor/tr/PlayMakerEditorResources.resources.dll using Guid(0814d5cca1a52ce468b8159194a645a6) Importer(2089858483,0ecaa5967403d082aa24f35e1b516d23)  -> (artifact id: 'f9be7ed75f9eae8dc2f36e3b274ca41b') in 0.010963 seconds
Number of updated asset objects reloaded before import = 0
Number of asset objects unloaded after import = 1
========================================================================
Received Import Request.
  Time since last request: 0.000010 seconds.
  path: Assets/STYLY_Plugin/ThirdParty/azcopy/LICENSE
  artifactKey: Guid(a7e186865b50eef4bbd3b54864500a4f) Importer(2089858483,0ecaa5967403d082aa24f35e1b516d23)
Start importing Assets/STYLY_Plugin/ThirdParty/azcopy/LICENSE using Guid(a7e186865b50eef4bbd3b54864500a4f) Importer(2089858483,0ecaa5967403d082aa24f35e1b516d23)  -> (artifact id: '33d98dab331d96b4c08541924d572ad0') in 0.010921 seconds
Number of updated asset objects reloaded before import = 0
Number of asset objects unloaded after import = 1
========================================================================
Received Import Request.
  Time since last request: 0.000019 seconds.
  path: Assets/UniGLTF/UniHumanoid/Scripts/AvatarDescription.cs
  artifactKey: Guid(976e99d37c093ce4c9b249c81c2cbdd5) Importer(2089858483,0ecaa5967403d082aa24f35e1b516d23)
Start importing Assets/UniGLTF/UniHumanoid/Scripts/AvatarDescription.cs using Guid(976e99d37c093ce4c9b249c81c2cbdd5) Importer(2089858483,0ecaa5967403d082aa24f35e1b516d23)  -> (artifact id: 'b954df2d08bc5e1555a0aeb300685ec3') in 0.014108 seconds
Number of updated asset objects reloaded before import = 0
Number of asset objects unloaded after import = 1
========================================================================
Received Import Request.
  Time since last request: 0.000010 seconds.
  path: Assets/STYLY_Plugin/STYLY_Playmaker_CustomActions/StylyService/IStylyServiceSceneStorageImpl.cs
  artifactKey: Guid(ea734e81f8ad4af68683008e2ced1b7c) Importer(2089858483,0ecaa5967403d082aa24f35e1b516d23)
Start importing Assets/STYLY_Plugin/STYLY_Playmaker_CustomActions/StylyService/IStylyServiceSceneStorageImpl.cs using Guid(ea734e81f8ad4af68683008e2ced1b7c) Importer(2089858483,0ecaa5967403d082aa24f35e1b516d23)  -> (artifact id: 'de4ab51bc3aff4d886d10184e7db1101') in 0.011219 seconds
Number of updated asset objects reloaded before import = 0
Number of asset objects unloaded after import = 1
========================================================================
Received Import Request.
  Time since last request: 0.000010 seconds.
  path: Assets/PlayMaker/Editor/Install/Playmaker.1.9.8.unitypackage
  artifactKey: Guid(bc59d05a08a00e24a944cfbc8bf2ce5f) Importer(2089858483,0ecaa5967403d082aa24f35e1b516d23)
Start importing Assets/PlayMaker/Editor/Install/Playmaker.1.9.8.unitypackage using Guid(bc59d05a08a00e24a944cfbc8bf2ce5f) Importer(2089858483,0ecaa5967403d082aa24f35e1b516d23)  -> (artifact id: '930e944f3f62e3e9cc99b932e5f42bd5') in 0.011394 seconds
Number of updated asset objects reloaded before import = 0
Number of asset objects unloaded after import = 1
========================================================================
Received Import Request.
  Time since last request: 0.000010 seconds.
  path: Assets/UniGLTF/Core/Editor/MaterialTests.cs
  artifactKey: Guid(37dbc1bc37728a44f8e33ad44e407c91) Importer(2089858483,0ecaa5967403d082aa24f35e1b516d23)
Start importing Assets/UniGLTF/Core/Editor/MaterialTests.cs using Guid(37dbc1bc37728a44f8e33ad44e407c91) Importer(2089858483,0ecaa5967403d082aa24f35e1b516d23)  -> (artifact id: '71ad3f3a74cdf47f0d5c4538ff2caecf') in 0.012859 seconds
Number of updated asset objects reloaded before import = 0
Number of asset objects unloaded after import = 1
========================================================================
Received Import Request.
  Time since last request: 0.000011 seconds.
  path: Assets/PlayMaker/Editor/Watermarks/WorldWireframe.png
  artifactKey: Guid(15306e0de1b3a0046b1fd3c5dc399ef9) Importer(2089858483,0ecaa5967403d082aa24f35e1b516d23)
Start importing Assets/PlayMaker/Editor/Watermarks/WorldWireframe.png using Guid(15306e0de1b3a0046b1fd3c5dc399ef9) Importer(2089858483,0ecaa5967403d082aa24f35e1b516d23)  -> (artifact id: '8ba26efa50a6148c61999e8d41019b12') in 0.025324 seconds
Number of updated asset objects reloaded before import = 0
Number of asset objects unloaded after import = 1
========================================================================
Received Import Request.
  Time since last request: 0.000012 seconds.
  path: Assets/UniGLTF/UniUnlit/Resources/UniUnlit.shader
  artifactKey: Guid(8c17b56f4bf084c47872edcb95237e4a) Importer(2089858483,0ecaa5967403d082aa24f35e1b516d23)
Start importing Assets/UniGLTF/UniUnlit/Resources/UniUnlit.shader using Guid(8c17b56f4bf084c47872edcb95237e4a) Importer(2089858483,0ecaa5967403d082aa24f35e1b516d23)  -> (artifact id: 'fa9918822c8e4a68414c9dc5556db87a') in 0.015346 seconds
Number of updated asset objects reloaded before import = 0
Number of asset objects unloaded after import = 1
========================================================================
Received Import Request.
  Time since last request: 0.000027 seconds.
  path: Assets/UniGLTF/UniUnlit/Scripts/Utils.cs
  artifactKey: Guid(e96cbbd810384352a6799dd731533178) Importer(2089858483,0ecaa5967403d082aa24f35e1b516d23)
Start importing Assets/UniGLTF/UniUnlit/Scripts/Utils.cs using Guid(e96cbbd810384352a6799dd731533178) Importer(2089858483,0ecaa5967403d082aa24f35e1b516d23)  -> (artifact id: '14b5bdd7a253b7504896d36d7d62f3cc') in 0.012535 seconds
Number of updated asset objects reloaded before import = 0
Number of asset objects unloaded after import = 1
========================================================================
Received Import Request.
  Time since last request: 0.000010 seconds.
  path: Assets/STYLY_Plugin/STYLY_Playmaker_CustomActions/StylyService/StylyServiceForPlayMakerGLTFPart.cs
  artifactKey: Guid(115f050e70a9e67479349880abe0aacd) Importer(2089858483,0ecaa5967403d082aa24f35e1b516d23)
Start importing Assets/STYLY_Plugin/STYLY_Playmaker_CustomActions/StylyService/StylyServiceForPlayMakerGLTFPart.cs using Guid(115f050e70a9e67479349880abe0aacd) Importer(2089858483,0ecaa5967403d082aa24f35e1b516d23)  -> (artifact id: 'fcafc96e4266e9e0032b632d14bce592') in 0.011759 seconds
Number of updated asset objects reloaded before import = 0
Number of asset objects unloaded after import = 1
========================================================================
Received Import Request.
  Time since last request: 0.000013 seconds.
  path: Assets/UniGLTF/UniHumanoid/Scripts/MuscleDebug.cs
  artifactKey: Guid(14aaa52c3da53004ea85dbb38e9e4698) Importer(2089858483,0ecaa5967403d082aa24f35e1b516d23)
Start importing Assets/UniGLTF/UniHumanoid/Scripts/MuscleDebug.cs using Guid(14aaa52c3da53004ea85dbb38e9e4698) Importer(2089858483,0ecaa5967403d082aa24f35e1b516d23)  -> (artifact id: '244162cb804c7017ee1a4f8c5140659f') in 0.010585 seconds
Number of updated asset objects reloaded before import = 0
Number of asset objects unloaded after import = 1
========================================================================
Received Import Request.
  Time since last request: 0.000018 seconds.
  path: Assets/PlayMaker/Editor/Watermarks/Camera.png
  artifactKey: Guid(d4ed99101f3eb6f43a823a0e8b129218) Importer(2089858483,0ecaa5967403d082aa24f35e1b516d23)
Start importing Assets/PlayMaker/Editor/Watermarks/Camera.png using Guid(d4ed99101f3eb6f43a823a0e8b129218) Importer(2089858483,0ecaa5967403d082aa24f35e1b516d23)  -> (artifact id: '0c452559d027e7ac59af89922804571e') in 0.023157 seconds
Number of updated asset objects reloaded before import = 0
Number of asset objects unloaded after import = 1
========================================================================
Received Import Request.
  Time since last request: 0.000011 seconds.
  path: Assets/UniGLTF/UniJSON/Scripts/IValueNode.cs
  artifactKey: Guid(fc3261d7aa4200942bfa09eeaabe5a0e) Importer(2089858483,0ecaa5967403d082aa24f35e1b516d23)
Start importing Assets/UniGLTF/UniJSON/Scripts/IValueNode.cs using Guid(fc3261d7aa4200942bfa09eeaabe5a0e) Importer(2089858483,0ecaa5967403d082aa24f35e1b516d23)  -> (artifact id: '45d8e4e60b3c026703d70c109aecdde6') in 0.022760 seconds
Number of updated asset objects reloaded before import = 0
Number of asset objects unloaded after import = 1
========================================================================
Received Import Request.
  Time since last request: 0.000044 seconds.
  path: Assets/PlayMaker/Actions/Animator/Editor/GetAnimatorBodyActionEditor.cs
  artifactKey: Guid(9b4236b4c39b2473cbf4769015bd1545) Importer(2089858483,0ecaa5967403d082aa24f35e1b516d23)
Start importing Assets/PlayMaker/Actions/Animator/Editor/GetAnimatorBodyActionEditor.cs using Guid(9b4236b4c39b2473cbf4769015bd1545) Importer(2089858483,0ecaa5967403d082aa24f35e1b516d23)  -> (artifact id: '7a417672136bb489df76f7b863552791') in 0.011735 seconds
Number of updated asset objects reloaded before import = 0
Number of asset objects unloaded after import = 1
========================================================================
Received Import Request.
  Time since last request: 0.000029 seconds.
  path: Assets/PlayMaker/Actions/VideoPlayer/VideoPlayerPause.cs
  artifactKey: Guid(5a9cb6587b0634e94825f54131c7dbc1) Importer(2089858483,0ecaa5967403d082aa24f35e1b516d23)
Start importing Assets/PlayMaker/Actions/VideoPlayer/VideoPlayerPause.cs using Guid(5a9cb6587b0634e94825f54131c7dbc1) Importer(2089858483,0ecaa5967403d082aa24f35e1b516d23)  -> (artifact id: '7f4bfa8979aaebac4d0108adb9861b10') in 0.012635 seconds
Number of updated asset objects reloaded before import = 0
Number of asset objects unloaded after import = 1
========================================================================
Received Import Request.
  Time since last request: 0.000011 seconds.
  path: Assets/PlayMaker/Editor/Watermarks/SpeechBubbleRound.png
  artifactKey: Guid(6313de4f7cb6a4a44804c898b1677488) Importer(2089858483,0ecaa5967403d082aa24f35e1b516d23)
Start importing Assets/PlayMaker/Editor/Watermarks/SpeechBubbleRound.png using Guid(6313de4f7cb6a4a44804c898b1677488) Importer(2089858483,0ecaa5967403d082aa24f35e1b516d23)  -> (artifact id: '344e27d448d9d359e97c1d6d811b1242') in 0.023199 seconds
Number of updated asset objects reloaded before import = 0
Number of asset objects unloaded after import = 1
========================================================================
Received Import Request.
  Time since last request: 0.000008 seconds.
  path: Assets/PlayMaker/Editor/Watermarks/Missiles.png
  artifactKey: Guid(38568907486107c47aa3094fd28757b5) Importer(2089858483,0ecaa5967403d082aa24f35e1b516d23)
Start importing Assets/PlayMaker/Editor/Watermarks/Missiles.png using Guid(38568907486107c47aa3094fd28757b5) Importer(2089858483,0ecaa5967403d082aa24f35e1b516d23)  -> (artifact id: 'a6dc9bfd583eeee8d5ec120a33c39031') in 0.024894 seconds
Number of updated asset objects reloaded before import = 0
Number of asset objects unloaded after import = 1
========================================================================
Received Import Request.
  Time since last request: 0.000010 seconds.
  path: Assets/PlayMaker/Editor/Watermarks/Music.png
  artifactKey: Guid(f0e5750071221f64285d55ce8fb67296) Importer(2089858483,0ecaa5967403d082aa24f35e1b516d23)
Start importing Assets/PlayMaker/Editor/Watermarks/Music.png using Guid(f0e5750071221f64285d55ce8fb67296) Importer(2089858483,0ecaa5967403d082aa24f35e1b516d23)  -> (artifact id: 'b2038e033d3e08454574331978c0ef36') in 0.022120 seconds
Number of updated asset objects reloaded before import = 0
Number of asset objects unloaded after import = 1
========================================================================
Received Import Request.
  Time since last request: 0.000011 seconds.
  path: Assets/UniGLTF/UniHumanoid/Scenes/HumanBuilderTest.cs
  artifactKey: Guid(dfdcf658d2da05649974b59b849de74c) Importer(2089858483,0ecaa5967403d082aa24f35e1b516d23)
Start importing Assets/UniGLTF/UniHumanoid/Scenes/HumanBuilderTest.cs using Guid(dfdcf658d2da05649974b59b849de74c) Importer(2089858483,0ecaa5967403d082aa24f35e1b516d23)  -> (artifact id: '1bd1d90815065ee808c01045b421e535') in 0.018304 seconds
Number of updated asset objects reloaded before import = 0
Number of asset objects unloaded after import = 1
========================================================================
Received Import Request.
  Time since last request: 0.000010 seconds.
  path: Assets/PlayMaker/Actions/VideoPlayer/VideoPlayerSetVideoClip.cs
  artifactKey: Guid(b3718b48267f54d81a8c0cab549d9fc9) Importer(2089858483,0ecaa5967403d082aa24f35e1b516d23)
Start importing Assets/PlayMaker/Actions/VideoPlayer/VideoPlayerSetVideoClip.cs using Guid(b3718b48267f54d81a8c0cab549d9fc9) Importer(2089858483,0ecaa5967403d082aa24f35e1b516d23)  -> (artifact id: 'fe423c317887c04c8c48821e83e2bdd4') in 0.012213 seconds
Number of updated asset objects reloaded before import = 0
Number of asset objects unloaded after import = 1
========================================================================
Received Import Request.
  Time since last request: 0.000009 seconds.
  path: Assets/UniGLTF/UniHumanoid/Scripts/IBone.cs
  artifactKey: Guid(c9c2e3ee9fe29a84cb902e54a90c5dec) Importer(2089858483,0ecaa5967403d082aa24f35e1b516d23)
Start importing Assets/UniGLTF/UniHumanoid/Scripts/IBone.cs using Guid(c9c2e3ee9fe29a84cb902e54a90c5dec) Importer(2089858483,0ecaa5967403d082aa24f35e1b516d23)  -> (artifact id: '6cd90e720c4dc7da6c68b56861e69618') in 0.014832 seconds
Number of updated asset objects reloaded before import = 0
Number of asset objects unloaded after import = 1
========================================================================
Received Import Request.
  Time since last request: 0.000012 seconds.
  path: Assets/PlayMaker/Editor/Watermarks/PlayerBroadcast.png
  artifactKey: Guid(54eed67d7d084f149bcc5dcfaaa7ed50) Importer(2089858483,0ecaa5967403d082aa24f35e1b516d23)
Start importing Assets/PlayMaker/Editor/Watermarks/PlayerBroadcast.png using Guid(54eed67d7d084f149bcc5dcfaaa7ed50) Importer(2089858483,0ecaa5967403d082aa24f35e1b516d23)  -> (artifact id: 'e3dae191bf107e839bcb18add03b8bce') in 0.026400 seconds
Number of updated asset objects reloaded before import = 0
Number of asset objects unloaded after import = 1
========================================================================
Received Import Request.
  Time since last request: 0.000018 seconds.
  path: Assets/PlayMaker/Actions/VideoPlayer/VideoPlayerGetCanSetTime.cs
  artifactKey: Guid(0db37a55632294296be49977c0c248fc) Importer(2089858483,0ecaa5967403d082aa24f35e1b516d23)
Start importing Assets/PlayMaker/Actions/VideoPlayer/VideoPlayerGetCanSetTime.cs using Guid(0db37a55632294296be49977c0c248fc) Importer(2089858483,0ecaa5967403d082aa24f35e1b516d23)  -> (artifact id: 'e333ab2bdb7212a21d2a0e2bde7d0257') in 0.012003 seconds
Number of updated asset objects reloaded before import = 0
Number of asset objects unloaded after import = 1
========================================================================
Received Import Request.
  Time since last request: 0.000016 seconds.
  path: Assets/STYLY_Plugin/ThirdParty/azcopy/ThirdPartyNotice.txt
  artifactKey: Guid(ed01e28455b9b1440a4fb2e6bc3e0dcd) Importer(2089858483,0ecaa5967403d082aa24f35e1b516d23)
Start importing Assets/STYLY_Plugin/ThirdParty/azcopy/ThirdPartyNotice.txt using Guid(ed01e28455b9b1440a4fb2e6bc3e0dcd) Importer(2089858483,0ecaa5967403d082aa24f35e1b516d23)  -> (artifact id: '94f26ef5bbb2d362f1895855b7580b88') in 0.015155 seconds
Number of updated asset objects reloaded before import = 0
Number of asset objects unloaded after import = 1
========================================================================
Received Import Request.
  Time since last request: 0.000010 seconds.
  path: Assets/PlayMaker/Editor/Watermarks/Upload.png
  artifactKey: Guid(816c57d588a2ae143a0e1f9e5029eadb) Importer(2089858483,0ecaa5967403d082aa24f35e1b516d23)
Start importing Assets/PlayMaker/Editor/Watermarks/Upload.png using Guid(816c57d588a2ae143a0e1f9e5029eadb) Importer(2089858483,0ecaa5967403d082aa24f35e1b516d23)  -> (artifact id: '871c20192568a01af5a1bfa4ecadc629') in 0.025883 seconds
Number of updated asset objects reloaded before import = 0
Number of asset objects unloaded after import = 1
========================================================================
Received Import Request.
  Time since last request: 0.000117 seconds.
  path: Assets/PlayMaker/Editor/Watermarks/Soldier.png
  artifactKey: Guid(bff7060f1f2727849802c10aa29eab8b) Importer(2089858483,0ecaa5967403d082aa24f35e1b516d23)
Start importing Assets/PlayMaker/Editor/Watermarks/Soldier.png using Guid(bff7060f1f2727849802c10aa29eab8b) Importer(2089858483,0ecaa5967403d082aa24f35e1b516d23)  -> (artifact id: 'b0664f88ecfdba33b13d881c50b8cb45') in 0.022398 seconds
Number of updated asset objects reloaded before import = 0
Number of asset objects unloaded after import = 1
========================================================================
Received Import Request.
  Time since last request: 0.000011 seconds.
  path: Assets/PlayMaker/Editor/Resources/photonIcon.png
  artifactKey: Guid(bb4f5fdd6b52a4942b26179f4e9aed45) Importer(2089858483,0ecaa5967403d082aa24f35e1b516d23)
Start importing Assets/PlayMaker/Editor/Resources/photonIcon.png using Guid(bb4f5fdd6b52a4942b26179f4e9aed45) Importer(2089858483,0ecaa5967403d082aa24f35e1b516d23)  -> (artifact id: '36848b809d5be53148268293f6203afd') in 0.024441 seconds
Number of updated asset objects reloaded before import = 0
Number of asset objects unloaded after import = 1
========================================================================
Received Import Request.
  Time since last request: 0.000010 seconds.
  path: Assets/PolyTope_VoxelWorld_Animals/Content/Info/info.jpg
  artifactKey: Guid(e3e99440bc9cd824886c4dc3c587932b) Importer(2089858483,0ecaa5967403d082aa24f35e1b516d23)
Start importing Assets/PolyTope_VoxelWorld_Animals/Content/Info/info.jpg using Guid(e3e99440bc9cd824886c4dc3c587932b) Importer(2089858483,0ecaa5967403d082aa24f35e1b516d23)  -> (artifact id: '250cc3dd233d09fe71b329a79a5a453c') in 0.030615 seconds
Number of updated asset objects reloaded before import = 0
Number of asset objects unloaded after import = 1
========================================================================
Received Import Request.
  Time since last request: 0.000031 seconds.
  path: Assets/STYLY_Plugin/STYLY_InteractionSDK/Runtime/FeatureComponents/Components/STYLY_Action_Spawner.cs
  artifactKey: Guid(7d3cc7dc4def232409cd768da524b8b4) Importer(2089858483,0ecaa5967403d082aa24f35e1b516d23)
Start importing Assets/STYLY_Plugin/STYLY_InteractionSDK/Runtime/FeatureComponents/Components/STYLY_Action_Spawner.cs using Guid(7d3cc7dc4def232409cd768da524b8b4) Importer(2089858483,0ecaa5967403d082aa24f35e1b516d23)  -> (artifact id: 'f447e8c3e61cd21557dafe8f03931dc5') in 0.015774 seconds
Number of updated asset objects reloaded before import = 0
Number of asset objects unloaded after import = 1
========================================================================
Received Import Request.
  Time since last request: 0.000010 seconds.
  path: Assets/UniGLTF/UniJSON/Scripts/Json/JsonFormatter.cs
  artifactKey: Guid(9968766fe6cce164a8c7e950200cbb11) Importer(2089858483,0ecaa5967403d082aa24f35e1b516d23)
Start importing Assets/UniGLTF/UniJSON/Scripts/Json/JsonFormatter.cs using Guid(9968766fe6cce164a8c7e950200cbb11) Importer(2089858483,0ecaa5967403d082aa24f35e1b516d23)  -> (artifact id: 'de75769e3ffb633c1cd32875aba34687') in 0.014143 seconds
Number of updated asset objects reloaded before import = 0
Number of asset objects unloaded after import = 1
========================================================================
Received Import Request.
  Time since last request: 0.000010 seconds.
  path: Assets/UniGLTF/Core/Scripts/Format/ExtensionsAndExtras/KHR_draco_mesh_compression.cs
  artifactKey: Guid(2d21c7591557c7744a6fa34a7acace91) Importer(2089858483,0ecaa5967403d082aa24f35e1b516d23)
Start importing Assets/UniGLTF/Core/Scripts/Format/ExtensionsAndExtras/KHR_draco_mesh_compression.cs using Guid(2d21c7591557c7744a6fa34a7acace91) Importer(2089858483,0ecaa5967403d082aa24f35e1b516d23)  -> (artifact id: 'ff9fa167fadf9582bf36a09854743500') in 0.014139 seconds
Number of updated asset objects reloaded before import = 0
Number of asset objects unloaded after import = 1
========================================================================
Received Import Request.
  Time since last request: 0.000011 seconds.
  path: Assets/UniGLTF/UniJSON/Editor/Tests/SchemaTests.cs
  artifactKey: Guid(d4dfd16b1b05c8640898b955df61c51b) Importer(2089858483,0ecaa5967403d082aa24f35e1b516d23)
Start importing Assets/UniGLTF/UniJSON/Editor/Tests/SchemaTests.cs using Guid(d4dfd16b1b05c8640898b955df61c51b) Importer(2089858483,0ecaa5967403d082aa24f35e1b516d23)  -> (artifact id: '6360d49184ff72bcddb37ae32a3e8970') in 0.015520 seconds
Number of updated asset objects reloaded before import = 0
Number of asset objects unloaded after import = 1
========================================================================
Received Import Request.
  Time since last request: 0.000009 seconds.
  path: Assets/STYLY_Plugin/STYLY_Playmaker_CustomActions/CustomActions/Release/VideoIsPlaying.cs
  artifactKey: Guid(7ef90616b2f083644ad04acfaea643ba) Importer(2089858483,0ecaa5967403d082aa24f35e1b516d23)
Start importing Assets/STYLY_Plugin/STYLY_Playmaker_CustomActions/CustomActions/Release/VideoIsPlaying.cs using Guid(7ef90616b2f083644ad04acfaea643ba) Importer(2089858483,0ecaa5967403d082aa24f35e1b516d23)  -> (artifact id: 'd78839fa928ef720b577ad4958a493d8') in 0.015096 seconds
Number of updated asset objects reloaded before import = 0
Number of asset objects unloaded after import = 1
========================================================================
Received Import Request.
  Time since last request: 0.000011 seconds.
  path: Assets/UniGLTF/Core/Scripts/Extensions/JsonParserExtensions.cs
  artifactKey: Guid(d0a724a200cc85b4887efa87292c6626) Importer(2089858483,0ecaa5967403d082aa24f35e1b516d23)
Start importing Assets/UniGLTF/Core/Scripts/Extensions/JsonParserExtensions.cs using Guid(d0a724a200cc85b4887efa87292c6626) Importer(2089858483,0ecaa5967403d082aa24f35e1b516d23)  -> (artifact id: '84daee1945daa9b868a9fc28d1859d3f') in 0.015125 seconds
Number of updated asset objects reloaded before import = 0
Number of asset objects unloaded after import = 1
========================================================================
Received Import Request.
  Time since last request: 0.000010 seconds.
  path: Assets/PlayMaker/Actions/SceneManager/Internal/GetSceneActionBase.cs
  artifactKey: Guid(0fd373be200f04e40b713d10d6a7832b) Importer(2089858483,0ecaa5967403d082aa24f35e1b516d23)
Start importing Assets/PlayMaker/Actions/SceneManager/Internal/GetSceneActionBase.cs using Guid(0fd373be200f04e40b713d10d6a7832b) Importer(2089858483,0ecaa5967403d082aa24f35e1b516d23)  -> (artifact id: '7981bf69d6c8254a2ee3e714a70ab5a8') in 0.014008 seconds
Number of updated asset objects reloaded before import = 0
Number of asset objects unloaded after import = 1
========================================================================
Received Import Request.
  Time since last request: 0.000014 seconds.
  path: Assets/PlayMaker/Actions/Tween/Editor/TweenPunchEditor.cs
  artifactKey: Guid(ae0a54dc56595eb4a9116a2415ea22f2) Importer(2089858483,0ecaa5967403d082aa24f35e1b516d23)
Start importing Assets/PlayMaker/Actions/Tween/Editor/TweenPunchEditor.cs using Guid(ae0a54dc56595eb4a9116a2415ea22f2) Importer(2089858483,0ecaa5967403d082aa24f35e1b516d23)  -> (artifact id: 'da87c5fd9695b1af3a35e84830a75a19') in 0.013404 seconds
Number of updated asset objects reloaded before import = 0
Number of asset objects unloaded after import = 1
========================================================================
Received Import Request.
  Time since last request: 0.000017 seconds.
  path: Assets/STYLY_Plugin/STYLY_MaintenanceTool/LocalPreviewTool/Editor/LocalPreviewToolUtility.cs
  artifactKey: Guid(6442e7189363af34785978ca0ab815e6) Importer(2089858483,0ecaa5967403d082aa24f35e1b516d23)
Start importing Assets/STYLY_Plugin/STYLY_MaintenanceTool/LocalPreviewTool/Editor/LocalPreviewToolUtility.cs using Guid(6442e7189363af34785978ca0ab815e6) Importer(2089858483,0ecaa5967403d082aa24f35e1b516d23)  -> (artifact id: '9192fea714978e806c38fc06a64f24ac') in 0.014162 seconds
Number of updated asset objects reloaded before import = 0
Number of asset objects unloaded after import = 1
========================================================================
Received Import Request.
  Time since last request: 0.000068 seconds.
  path: Assets/UniGLTF/Core/Scripts/Editor/gltfAssetPostprocessor.cs
  artifactKey: Guid(7bbb264b34e75dd438622e1f29f0f46c) Importer(2089858483,0ecaa5967403d082aa24f35e1b516d23)
Start importing Assets/UniGLTF/Core/Scripts/Editor/gltfAssetPostprocessor.cs using Guid(7bbb264b34e75dd438622e1f29f0f46c) Importer(2089858483,0ecaa5967403d082aa24f35e1b516d23)  -> (artifact id: '69499e335c308acf035e5e4c30921b39') in 0.016485 seconds
Number of updated asset objects reloaded before import = 0
Number of asset objects unloaded after import = 1
========================================================================
Received Import Request.
  Time since last request: 0.000010 seconds.
  path: Assets/STYLY_Plugin/STYLY_Playmaker_CustomActions/CustomActions/Release/Lib/UrlAccessValidator.cs
  artifactKey: Guid(6abdf175f2a88374dabd2c0d8f4e631b) Importer(2089858483,0ecaa5967403d082aa24f35e1b516d23)
Start importing Assets/STYLY_Plugin/STYLY_Playmaker_CustomActions/CustomActions/Release/Lib/UrlAccessValidator.cs using Guid(6abdf175f2a88374dabd2c0d8f4e631b) Importer(2089858483,0ecaa5967403d082aa24f35e1b516d23)  -> (artifact id: 'a0018ac98f61c3b7b5f5d1818d60e86a') in 0.017543 seconds
Number of updated asset objects reloaded before import = 0
Number of asset objects unloaded after import = 1
========================================================================
Received Import Request.
  Time since last request: 0.000011 seconds.
  path: Assets/PlayMaker/Actions/UI/EventSystem/UiOnMoveEvent.cs
  artifactKey: Guid(c97082f6a6b131649afaed788cc30a2d) Importer(2089858483,0ecaa5967403d082aa24f35e1b516d23)
Start importing Assets/PlayMaker/Actions/UI/EventSystem/UiOnMoveEvent.cs using Guid(c97082f6a6b131649afaed788cc30a2d) Importer(2089858483,0ecaa5967403d082aa24f35e1b516d23)  -> (artifact id: '8eccb04b8837547cd4cbf235876805a1') in 0.015963 seconds
Number of updated asset objects reloaded before import = 0
Number of asset objects unloaded after import = 1
========================================================================
Received Import Request.
  Time since last request: 0.000027 seconds.
  path: Assets/STYLY_Plugin/STYLY_Playmaker_CustomActions/CustomActions/Release/IsAppTypeStandaloneXR.cs
  artifactKey: Guid(fc5f4d948aa0f0d459257a57d0dad695) Importer(2089858483,0ecaa5967403d082aa24f35e1b516d23)
Start importing Assets/STYLY_Plugin/STYLY_Playmaker_CustomActions/CustomActions/Release/IsAppTypeStandaloneXR.cs using Guid(fc5f4d948aa0f0d459257a57d0dad695) Importer(2089858483,0ecaa5967403d082aa24f35e1b516d23)  -> (artifact id: '92f4cd6126db884c90d5ac79dcd8c977') in 0.011894 seconds
Number of updated asset objects reloaded before import = 0
Number of asset objects unloaded after import = 1
========================================================================
Received Import Request.
  Time since last request: 0.000010 seconds.
  path: Assets/STYLY_Plugin/STYLY_InteractionSDK/Runtime/FeatureComponents/Interfaces/ISpawner.cs
  artifactKey: Guid(8e9bd533776297c438761d5fa00bb873) Importer(2089858483,0ecaa5967403d082aa24f35e1b516d23)
Start importing Assets/STYLY_Plugin/STYLY_InteractionSDK/Runtime/FeatureComponents/Interfaces/ISpawner.cs using Guid(8e9bd533776297c438761d5fa00bb873) Importer(2089858483,0ecaa5967403d082aa24f35e1b516d23)  -> (artifact id: 'e68699546e3c6df3b77fd9c3c6aa423f') in 0.015366 seconds
Number of updated asset objects reloaded before import = 0
Number of asset objects unloaded after import = 1
========================================================================
Received Import Request.
  Time since last request: 0.000009 seconds.
  path: Assets/UniGLTF/UniJSON/Scripts/JsonSchemaValidator/IJsonSchemaValidator.cs
  artifactKey: Guid(c35476cdb8e1a4541b2f06b9b11141d0) Importer(2089858483,0ecaa5967403d082aa24f35e1b516d23)
Start importing Assets/UniGLTF/UniJSON/Scripts/JsonSchemaValidator/IJsonSchemaValidator.cs using Guid(c35476cdb8e1a4541b2f06b9b11141d0) Importer(2089858483,0ecaa5967403d082aa24f35e1b516d23)  -> (artifact id: 'cb8335a5496d63c57b3aab83fb46b991') in 0.017527 seconds
Number of updated asset objects reloaded before import = 0
Number of asset objects unloaded after import = 1
========================================================================
Received Import Request.
  Time since last request: 0.000011 seconds.
  path: Assets/UniGLTF/UniJSON/Scripts/JsonSchemaValidator/JsonBoolValidator.cs
  artifactKey: Guid(2a6454bbd9b910d499702d2ba8270ea0) Importer(2089858483,0ecaa5967403d082aa24f35e1b516d23)
Start importing Assets/UniGLTF/UniJSON/Scripts/JsonSchemaValidator/JsonBoolValidator.cs using Guid(2a6454bbd9b910d499702d2ba8270ea0) Importer(2089858483,0ecaa5967403d082aa24f35e1b516d23)  -> (artifact id: '5bb3b15cc9fb40e1bfe5c59bba7a5f4b') in 0.016490 seconds
Number of updated asset objects reloaded before import = 0
Number of asset objects unloaded after import = 1
========================================================================
Received Import Request.
  Time since last request: 0.000038 seconds.
  path: Assets/UniGLTF/Core/Scripts/IO/AnimationKeyframeData.cs
  artifactKey: Guid(e27ef4fb768e49f591c2bb5eadd3b19b) Importer(2089858483,0ecaa5967403d082aa24f35e1b516d23)
Start importing Assets/UniGLTF/Core/Scripts/IO/AnimationKeyframeData.cs using Guid(e27ef4fb768e49f591c2bb5eadd3b19b) Importer(2089858483,0ecaa5967403d082aa24f35e1b516d23)  -> (artifact id: '62d558bf9953f6370d12de76342bda0b') in 0.023301 seconds
Number of updated asset objects reloaded before import = 0
Number of asset objects unloaded after import = 1
========================================================================
Received Import Request.
  Time since last request: 0.000012 seconds.
  path: Assets/UniGLTF/Core/Scripts/Format/glTFCamera.cs
  artifactKey: Guid(a4ff02eb93400b142a5ff47d1067bd8b) Importer(2089858483,0ecaa5967403d082aa24f35e1b516d23)
Start importing Assets/UniGLTF/Core/Scripts/Format/glTFCamera.cs using Guid(a4ff02eb93400b142a5ff47d1067bd8b) Importer(2089858483,0ecaa5967403d082aa24f35e1b516d23)  -> (artifact id: '528e8f4c3fe7801662c5ccb159e8764e') in 0.015242 seconds
Number of updated asset objects reloaded before import = 0
Number of asset objects unloaded after import = 1
========================================================================
Received Import Request.
  Time since last request: 0.000010 seconds.
  path: Assets/STYLY_Plugin/STYLY_MaintenanceTool/Tools/ADB/OSX/adb
  artifactKey: Guid(f11ee8a40a1ec45369d59272762cabb9) Importer(2089858483,0ecaa5967403d082aa24f35e1b516d23)
Start importing Assets/STYLY_Plugin/STYLY_MaintenanceTool/Tools/ADB/OSX/adb using Guid(f11ee8a40a1ec45369d59272762cabb9) Importer(2089858483,0ecaa5967403d082aa24f35e1b516d23)  -> (artifact id: 'e3db103020030368483a4707f8ca4d7a') in 0.014782 seconds
Number of updated asset objects reloaded before import = 0
Number of asset objects unloaded after import = 1
========================================================================
Received Import Request.
  Time since last request: 0.000010 seconds.
  path: Assets/STYLY_Plugin/STYLY_InteractionSDK/Runtime/BindSystem/BindSystem.asmdef
  artifactKey: Guid(356ad96ed1f45a64894cd9818fd081f9) Importer(2089858483,0ecaa5967403d082aa24f35e1b516d23)
Start importing Assets/STYLY_Plugin/STYLY_InteractionSDK/Runtime/BindSystem/BindSystem.asmdef using Guid(356ad96ed1f45a64894cd9818fd081f9) Importer(2089858483,0ecaa5967403d082aa24f35e1b516d23)  -> (artifact id: '3cb8113a5daca3c4109516c60d4fc1cc') in 0.020869 seconds
Number of updated asset objects reloaded before import = 0
Number of asset objects unloaded after import = 1
========================================================================
Received Import Request.
  Time since last request: 0.000010 seconds.
  path: Assets/UniGLTF/Core/Scripts/IO/ShaderPropExporter/PreShaderPropExporter.cs
  artifactKey: Guid(50935dd2f9f3fa445a687f30d4dd663b) Importer(2089858483,0ecaa5967403d082aa24f35e1b516d23)
Start importing Assets/UniGLTF/Core/Scripts/IO/ShaderPropExporter/PreShaderPropExporter.cs using Guid(50935dd2f9f3fa445a687f30d4dd663b) Importer(2089858483,0ecaa5967403d082aa24f35e1b516d23)  -> (artifact id: '1984e0b2f2bcade1b28b40eaefe15489') in 0.014597 seconds
Number of updated asset objects reloaded before import = 0
Number of asset objects unloaded after import = 1
========================================================================
Received Import Request.
  Time since last request: 0.000011 seconds.
  path: Assets/UniGLTF/UniJSON/Scripts/Json/SimpleJSON.cs
  artifactKey: Guid(f4a9e51b1918ea6428a7d794b655b2ee) Importer(2089858483,0ecaa5967403d082aa24f35e1b516d23)
Start importing Assets/UniGLTF/UniJSON/Scripts/Json/SimpleJSON.cs using Guid(f4a9e51b1918ea6428a7d794b655b2ee) Importer(2089858483,0ecaa5967403d082aa24f35e1b516d23)  -> (artifact id: 'b8ae247dbdd4d3b561ea09d7df67a88e') in 0.017188 seconds
Number of updated asset objects reloaded before import = 0
Number of asset objects unloaded after import = 1
========================================================================
Received Import Request.
  Time since last request: 0.000017 seconds.
  path: Assets/UniGLTF/UniHumanoid/doc/BoneMappingInspector.png
  artifactKey: Guid(1e5ed0d1eaae21c46b59beeeb761a357) Importer(2089858483,0ecaa5967403d082aa24f35e1b516d23)
Start importing Assets/UniGLTF/UniHumanoid/doc/BoneMappingInspector.png using Guid(1e5ed0d1eaae21c46b59beeeb761a357) Importer(2089858483,0ecaa5967403d082aa24f35e1b516d23)  -> (artifact id: 'af7464cf655bb38fa37683eabd821495') in 0.022758 seconds
Number of updated asset objects reloaded before import = 0
Number of asset objects unloaded after import = 1
========================================================================
Received Import Request.
  Time since last request: 0.000011 seconds.
  path: Assets/STYLY_Plugin/STYLY_Playmaker_CustomActions/Samples/VideoControlCustomActionSample/VideoControlCustomActionSampleScene.unity
  artifactKey: Guid(1643cb2a2ff274b45a63e1447c74ce1d) Importer(2089858483,0ecaa5967403d082aa24f35e1b516d23)
Start importing Assets/STYLY_Plugin/STYLY_Playmaker_CustomActions/Samples/VideoControlCustomActionSample/VideoControlCustomActionSampleScene.unity using Guid(1643cb2a2ff274b45a63e1447c74ce1d) Importer(2089858483,0ecaa5967403d082aa24f35e1b516d23)  -> (artifact id: '68567e66c74ac3b9f4fd907567d721d9') in 0.011683 seconds
Number of updated asset objects reloaded before import = 0
Number of asset objects unloaded after import = 1
========================================================================
Received Import Request.
  Time since last request: 0.000010 seconds.
  path: Assets/PlayMaker/Actions/UI/Canvas/UiCanvasGroupSetProperties.cs
  artifactKey: Guid(8facea2b5d97fd2469b9fe01aca54e2b) Importer(2089858483,0ecaa5967403d082aa24f35e1b516d23)
Start importing Assets/PlayMaker/Actions/UI/Canvas/UiCanvasGroupSetProperties.cs using Guid(8facea2b5d97fd2469b9fe01aca54e2b) Importer(2089858483,0ecaa5967403d082aa24f35e1b516d23)  -> (artifact id: '4f73857dcb3095f5f80b363589290690') in 0.016914 seconds
Number of updated asset objects reloaded before import = 0
Number of asset objects unloaded after import = 1
========================================================================
Received Import Request.
  Time since last request: 0.000010 seconds.
  path: Assets/STYLY_Plugin/STYLY_Playmaker_CustomActions/StylyService/DummyImpls/DummyGLTFLoadImpl.cs
  artifactKey: Guid(430a084bdcbbcf84481854ad132d8f62) Importer(2089858483,0ecaa5967403d082aa24f35e1b516d23)
Start importing Assets/STYLY_Plugin/STYLY_Playmaker_CustomActions/StylyService/DummyImpls/DummyGLTFLoadImpl.cs using Guid(430a084bdcbbcf84481854ad132d8f62) Importer(2089858483,0ecaa5967403d082aa24f35e1b516d23)  -> (artifact id: 'ac6f57ae6ccbe1ebd76fd65095e12240') in 0.014756 seconds
Number of updated asset objects reloaded before import = 0
Number of asset objects unloaded after import = 1
========================================================================
Received Import Request.
  Time since last request: 0.000010 seconds.
  path: Assets/PlayMaker/Actions/SceneManager/Editor/MergeScenesCustomEditor.cs
  artifactKey: Guid(af7980687034c48748608b105260b06c) Importer(2089858483,0ecaa5967403d082aa24f35e1b516d23)
Start importing Assets/PlayMaker/Actions/SceneManager/Editor/MergeScenesCustomEditor.cs using Guid(af7980687034c48748608b105260b06c) Importer(2089858483,0ecaa5967403d082aa24f35e1b516d23)  -> (artifact id: 'aca97d876639bce05d8db9cb2c984de3') in 0.016395 seconds
Number of updated asset objects reloaded before import = 0
Number of asset objects unloaded after import = 1
========================================================================
Received Import Request.
  Time since last request: 0.000010 seconds.
  path: Assets/PlayMaker/Actions/UI/EventSystem/UiEventSystemCurrentRayCastAll.cs
  artifactKey: Guid(7f085bc9ea10695479eb81676f09956c) Importer(2089858483,0ecaa5967403d082aa24f35e1b516d23)
Start importing Assets/PlayMaker/Actions/UI/EventSystem/UiEventSystemCurrentRayCastAll.cs using Guid(7f085bc9ea10695479eb81676f09956c) Importer(2089858483,0ecaa5967403d082aa24f35e1b516d23)  -> (artifact id: 'b5723b43a23b6b0ad2d0728042fa68a0') in 0.017408 seconds
Number of updated asset objects reloaded before import = 0
Number of asset objects unloaded after import = 1
========================================================================
Received Import Request.
  Time since last request: 0.000011 seconds.
  path: Assets/UniGLTF/UniJSON/Scripts/MsgPack/MsgPackNode.cs
  artifactKey: Guid(9ef0f2d1f5d6369438e968b16dab2b65) Importer(2089858483,0ecaa5967403d082aa24f35e1b516d23)
Start importing Assets/UniGLTF/UniJSON/Scripts/MsgPack/MsgPackNode.cs using Guid(9ef0f2d1f5d6369438e968b16dab2b65) Importer(2089858483,0ecaa5967403d082aa24f35e1b516d23)  -> (artifact id: 'c30e10a3ef7264e2ba41f423cf905686') in 0.010826 seconds
Number of updated asset objects reloaded before import = 0
Number of asset objects unloaded after import = 1
========================================================================
Received Import Request.
  Time since last request: 0.000213 seconds.
  path: Assets/PlayMaker/Actions/Tween/Editor/TweenFadeEditor.cs
  artifactKey: Guid(fec00cfb20e82094b91dc8840dc091c5) Importer(2089858483,0ecaa5967403d082aa24f35e1b516d23)
Start importing Assets/PlayMaker/Actions/Tween/Editor/TweenFadeEditor.cs using Guid(fec00cfb20e82094b91dc8840dc091c5) Importer(2089858483,0ecaa5967403d082aa24f35e1b516d23)  -> (artifact id: 'a361ae5c039939080ee261feaa76e7b0') in 0.012868 seconds
Number of updated asset objects reloaded before import = 0
Number of asset objects unloaded after import = 1
========================================================================
Received Import Request.
  Time since last request: 0.000011 seconds.
  path: Assets/PlayMaker/Actions/Tween/Editor/TweenColorEditor.cs
  artifactKey: Guid(b8785bc85b430014c85ea2da709ead94) Importer(2089858483,0ecaa5967403d082aa24f35e1b516d23)
Start importing Assets/PlayMaker/Actions/Tween/Editor/TweenColorEditor.cs using Guid(b8785bc85b430014c85ea2da709ead94) Importer(2089858483,0ecaa5967403d082aa24f35e1b516d23)  -> (artifact id: 'fc62ca42290f696ab5ce9e13f2b6a03b') in 0.015274 seconds
Number of updated asset objects reloaded before import = 0
Number of asset objects unloaded after import = 1
========================================================================
Received Import Request.
  Time since last request: 0.000010 seconds.
  path: Assets/PlayMaker/Actions/UI/EventSystem/UiEventSystemExecuteEvent.cs
  artifactKey: Guid(9f89004e0752ced409b64abdbb9fe638) Importer(2089858483,0ecaa5967403d082aa24f35e1b516d23)
Start importing Assets/PlayMaker/Actions/UI/EventSystem/UiEventSystemExecuteEvent.cs using Guid(9f89004e0752ced409b64abdbb9fe638) Importer(2089858483,0ecaa5967403d082aa24f35e1b516d23)  -> (artifact id: '2340107736361c03f1a032bc68d2a255') in 0.015643 seconds
Number of updated asset objects reloaded before import = 0
Number of asset objects unloaded after import = 1
========================================================================
Received Import Request.
  Time since last request: 0.000070 seconds.
  path: Assets/STYLY_Plugin/STYLY_InteractionSDK/Runtime/FeatureComponents/Interfaces/IEquipment.cs
  artifactKey: Guid(8e483fc427e62d643a10192883c4aeae) Importer(2089858483,0ecaa5967403d082aa24f35e1b516d23)
Start importing Assets/STYLY_Plugin/STYLY_InteractionSDK/Runtime/FeatureComponents/Interfaces/IEquipment.cs using Guid(8e483fc427e62d643a10192883c4aeae) Importer(2089858483,0ecaa5967403d082aa24f35e1b516d23)  -> (artifact id: '9e395d0ab02e620bc0dc4293de079235') in 0.011216 seconds
Number of updated asset objects reloaded before import = 0
Number of asset objects unloaded after import = 1
========================================================================
Received Import Request.
  Time since last request: 0.000011 seconds.
  path: Assets/STYLY_Plugin/UI/Editor/Settings/CacheServerErrorElement/CacheServerErrorElement.cs
  artifactKey: Guid(42f0779443eac344ab828cebe65634ae) Importer(2089858483,0ecaa5967403d082aa24f35e1b516d23)
Start importing Assets/STYLY_Plugin/UI/Editor/Settings/CacheServerErrorElement/CacheServerErrorElement.cs using Guid(42f0779443eac344ab828cebe65634ae) Importer(2089858483,0ecaa5967403d082aa24f35e1b516d23)  -> (artifact id: 'd209406794b4af0fdd54ef257bf9317b') in 0.017753 seconds
Number of updated asset objects reloaded before import = 0
Number of asset objects unloaded after import = 1
========================================================================
Received Import Request.
  Time since last request: 0.000010 seconds.
  path: Assets/STYLY_Plugin/STYLY_InteractionSDK/Simulator/DummyImpls/DummyBreakable.cs
  artifactKey: Guid(b87efb55daabfcd4ca457416b4b20845) Importer(2089858483,0ecaa5967403d082aa24f35e1b516d23)
Start importing Assets/STYLY_Plugin/STYLY_InteractionSDK/Simulator/DummyImpls/DummyBreakable.cs using Guid(b87efb55daabfcd4ca457416b4b20845) Importer(2089858483,0ecaa5967403d082aa24f35e1b516d23)  -> (artifact id: '1d2b2fb2cd617023550a654173f2330e') in 0.017645 seconds
Number of updated asset objects reloaded before import = 0
Number of asset objects unloaded after import = 1
========================================================================
Received Import Request.
  Time since last request: 0.000013 seconds.
  path: Assets/UniGLTF/Core/Scripts/Format/ExtensionsAndExtras/KHR_materials_unlit.cs
  artifactKey: Guid(2c95b5ebe597e924fa2e7fcce3a65f76) Importer(2089858483,0ecaa5967403d082aa24f35e1b516d23)
Start importing Assets/UniGLTF/Core/Scripts/Format/ExtensionsAndExtras/KHR_materials_unlit.cs using Guid(2c95b5ebe597e924fa2e7fcce3a65f76) Importer(2089858483,0ecaa5967403d082aa24f35e1b516d23)  -> (artifact id: 'cb1c79cccff77dd610134f246b2d4fdc') in 0.011471 seconds
Number of updated asset objects reloaded before import = 0
Number of asset objects unloaded after import = 1
========================================================================
Received Import Request.
  Time since last request: 0.000017 seconds.
  path: Assets/UniGLTF/UniJSON/Scripts/Json/JsonSchema.cs
  artifactKey: Guid(4d98ef4e469916e428284c9155f29059) Importer(2089858483,0ecaa5967403d082aa24f35e1b516d23)
Start importing Assets/UniGLTF/UniJSON/Scripts/Json/JsonSchema.cs using Guid(4d98ef4e469916e428284c9155f29059) Importer(2089858483,0ecaa5967403d082aa24f35e1b516d23)  -> (artifact id: 'ae01d32d452eaf6aafbadf6279f17d30') in 0.012460 seconds
Number of updated asset objects reloaded before import = 0
Number of asset objects unloaded after import = 1
========================================================================
Received Import Request.
  Time since last request: 0.000010 seconds.
  path: Assets/STYLY_Plugin/STYLY_Playmaker_CustomActions/3rdParty/Release/unity-audio-spectrum/README.md
  artifactKey: Guid(5d61c8afe32e280459c5d7e6be40d396) Importer(2089858483,0ecaa5967403d082aa24f35e1b516d23)
Start importing Assets/STYLY_Plugin/STYLY_Playmaker_CustomActions/3rdParty/Release/unity-audio-spectrum/README.md using Guid(5d61c8afe32e280459c5d7e6be40d396) Importer(2089858483,0ecaa5967403d082aa24f35e1b516d23)  -> (artifact id: 'caef47fa613e00992c95c2e3fb3c8d0b') in 0.018334 seconds
Number of updated asset objects reloaded before import = 0
Number of asset objects unloaded after import = 1
========================================================================
Received Import Request.
  Time since last request: 0.000009 seconds.
  path: Assets/STYLY_Plugin/STYLY_MaintenanceTool/Scripts/Editor/EnvConfig/EnvConfigModel.cs
  artifactKey: Guid(c610b7988b91bb44187da6b02b1d97cb) Importer(2089858483,0ecaa5967403d082aa24f35e1b516d23)
Start importing Assets/STYLY_Plugin/STYLY_MaintenanceTool/Scripts/Editor/EnvConfig/EnvConfigModel.cs using Guid(c610b7988b91bb44187da6b02b1d97cb) Importer(2089858483,0ecaa5967403d082aa24f35e1b516d23)  -> (artifact id: '7312460ad2e87e9384234da1cea51257') in 0.011123 seconds
Number of updated asset objects reloaded before import = 0
Number of asset objects unloaded after import = 1
========================================================================
Received Import Request.
  Time since last request: 0.000010 seconds.
  path: Assets/PlayMaker/Actions/UI/EventSystem/UiSetSelectedGameObject.cs
  artifactKey: Guid(6add00eaea9416d47861455dfbb41fee) Importer(2089858483,0ecaa5967403d082aa24f35e1b516d23)
Start importing Assets/PlayMaker/Actions/UI/EventSystem/UiSetSelectedGameObject.cs using Guid(6add00eaea9416d47861455dfbb41fee) Importer(2089858483,0ecaa5967403d082aa24f35e1b516d23)  -> (artifact id: '3d450ea51e93191ac9dcf48aa46f8bef') in 0.014649 seconds
Number of updated asset objects reloaded before import = 0
Number of asset objects unloaded after import = 1
========================================================================
Received Import Request.
  Time since last request: 0.000012 seconds.
  path: Assets/UniGLTF/UniJSON/Scripts/JsonSchemaValidator/JsonDictionaryValidator.cs
  artifactKey: Guid(ccee0323c35d40d498d45b207124fe7e) Importer(2089858483,0ecaa5967403d082aa24f35e1b516d23)
Start importing Assets/UniGLTF/UniJSON/Scripts/JsonSchemaValidator/JsonDictionaryValidator.cs using Guid(ccee0323c35d40d498d45b207124fe7e) Importer(2089858483,0ecaa5967403d082aa24f35e1b516d23)  -> (artifact id: '095b6779a4b9f001a22ca039c033989c') in 0.012971 seconds
Number of updated asset objects reloaded before import = 0
Number of asset objects unloaded after import = 1
========================================================================
Received Import Request.
  Time since last request: 0.000010 seconds.
  path: Assets/PlayMaker/Actions/UI/Selectable/UiExplicitNavigationSetProperties.cs
  artifactKey: Guid(dc84c7d6a8f995442975e64e9eaf5719) Importer(2089858483,0ecaa5967403d082aa24f35e1b516d23)
Start importing Assets/PlayMaker/Actions/UI/Selectable/UiExplicitNavigationSetProperties.cs using Guid(dc84c7d6a8f995442975e64e9eaf5719) Importer(2089858483,0ecaa5967403d082aa24f35e1b516d23)  -> (artifact id: '16cba891db2d5d8f75967b3e18ee5206') in 0.013999 seconds
Number of updated asset objects reloaded before import = 0
Number of asset objects unloaded after import = 1
========================================================================
Received Import Request.
  Time since last request: 0.000009 seconds.
  path: Assets/STYLY_Plugin/STYLY_InteractionSDK/Simulator/DummyImpls/DummyDestroyTarget.cs
  artifactKey: Guid(d1f40f3915e5e4744b62b17b5f4c3916) Importer(2089858483,0ecaa5967403d082aa24f35e1b516d23)
Start importing Assets/STYLY_Plugin/STYLY_InteractionSDK/Simulator/DummyImpls/DummyDestroyTarget.cs using Guid(d1f40f3915e5e4744b62b17b5f4c3916) Importer(2089858483,0ecaa5967403d082aa24f35e1b516d23)  -> (artifact id: 'e1e92594b013a201f270ab7225cf6974') in 0.014603 seconds
Number of updated asset objects reloaded before import = 0
Number of asset objects unloaded after import = 1
========================================================================
Received Import Request.
  Time since last request: 0.000011 seconds.
  path: Assets/PlayMaker/Actions/UI/Canvas/UiCanvasForceUpdateCanvases.cs
  artifactKey: Guid(d51e4e367d028b342b399aed9135b423) Importer(2089858483,0ecaa5967403d082aa24f35e1b516d23)
Start importing Assets/PlayMaker/Actions/UI/Canvas/UiCanvasForceUpdateCanvases.cs using Guid(d51e4e367d028b342b399aed9135b423) Importer(2089858483,0ecaa5967403d082aa24f35e1b516d23)  -> (artifact id: 'cc728d1d1d5c86b3e052831846be8e31') in 0.013304 seconds
Number of updated asset objects reloaded before import = 0
Number of asset objects unloaded after import = 1
========================================================================
Received Import Request.
  Time since last request: 0.000010 seconds.
  path: Assets/STYLY_Plugin/UI/Editor/NotifyPluginUpdateWindow/NotifyPluginUpdateWindow.uss
  artifactKey: Guid(a7e730bd514a23048bd75ae43422e50b) Importer(2089858483,0ecaa5967403d082aa24f35e1b516d23)
Start importing Assets/STYLY_Plugin/UI/Editor/NotifyPluginUpdateWindow/NotifyPluginUpdateWindow.uss using Guid(a7e730bd514a23048bd75ae43422e50b) Importer(2089858483,0ecaa5967403d082aa24f35e1b516d23)  -> (artifact id: '408a4466f31c4093dcd132839df7657d') in 0.029709 seconds
Number of updated asset objects reloaded before import = 0
Number of asset objects unloaded after import = 3
========================================================================
Received Import Request.
  Time since last request: 0.000015 seconds.
  path: Assets/PlayMaker/Actions/UI/Components/PlayMakerUiClickEvent.cs
  artifactKey: Guid(f9e95858e6f8c0844ad340be6bba1f26) Importer(2089858483,0ecaa5967403d082aa24f35e1b516d23)
Start importing Assets/PlayMaker/Actions/UI/Components/PlayMakerUiClickEvent.cs using Guid(f9e95858e6f8c0844ad340be6bba1f26) Importer(2089858483,0ecaa5967403d082aa24f35e1b516d23)  -> (artifact id: 'b877c1913780acf35292426836138937') in 0.025699 seconds
Number of updated asset objects reloaded before import = 0
Number of asset objects unloaded after import = 1
========================================================================
Received Import Request.
  Time since last request: 0.000110 seconds.
  path: Assets/UniGLTF/UniJSON/Scripts/IStore/BytesStore.cs
  artifactKey: Guid(d49a52418427394499c901cb23f13d30) Importer(2089858483,0ecaa5967403d082aa24f35e1b516d23)
Start importing Assets/UniGLTF/UniJSON/Scripts/IStore/BytesStore.cs using Guid(d49a52418427394499c901cb23f13d30) Importer(2089858483,0ecaa5967403d082aa24f35e1b516d23)  -> (artifact id: '267602be3d6c3765606246d4f5d83a70') in 0.016521 seconds
Number of updated asset objects reloaded before import = 0
Number of asset objects unloaded after import = 1
========================================================================
Received Import Request.
  Time since last request: 0.000011 seconds.
  path: Assets/UniGLTF/Core/Scripts/Format/glTFMaterial.cs
  artifactKey: Guid(f6315a9155238724c9b221c155c73f68) Importer(2089858483,0ecaa5967403d082aa24f35e1b516d23)
Start importing Assets/UniGLTF/Core/Scripts/Format/glTFMaterial.cs using Guid(f6315a9155238724c9b221c155c73f68) Importer(2089858483,0ecaa5967403d082aa24f35e1b516d23)  -> (artifact id: '89446e2c1c4cc9957d7b500c0cbd25ba') in 0.011987 seconds
Number of updated asset objects reloaded before import = 0
Number of asset objects unloaded after import = 1
========================================================================
Received Import Request.
  Time since last request: 0.000009 seconds.
  path: Assets/PlayMaker/Actions/UI/EventSystem/UiOnDropEvent.cs
  artifactKey: Guid(c0dec1f1675eef54095d24b0d3bd7e14) Importer(2089858483,0ecaa5967403d082aa24f35e1b516d23)
Start importing Assets/PlayMaker/Actions/UI/EventSystem/UiOnDropEvent.cs using Guid(c0dec1f1675eef54095d24b0d3bd7e14) Importer(2089858483,0ecaa5967403d082aa24f35e1b516d23)  -> (artifact id: '0995baa6241d9b5dd3525395797bca3b') in 0.012856 seconds
Number of updated asset objects reloaded before import = 0
Number of asset objects unloaded after import = 1
Editor requested this worker to shutdown with reason: Scaling down because of idle timeout
TcpMessagingSession - receive error
AssetImportWorkerClient::OnTransportError - code=2 error=End of file
AssetImportWorker is now disconnected from the server
Process exiting
Exiting without the bug reporter. Application will terminate with return code 0