Using pre-set license
Built from '2022.3/staging' branch; Version is '2022.3.24f1 (334eb2a0b267) revision 3362482'; Using compiler version '192829333'; Build Type 'Release'
OS: 'Windows 11  (10.0.22631) 64bit Core' Language: 'ja' Physical Memory: 32611 MB
BatchMode: 1, IsHumanControllingUs: 0, StartBugReporterOnCrash: 0, Is64bit: 1, IsPro: 1

COMMAND LINE ARGUMENTS:
C:\Program Files\Unity\Hub\Editor\2022.3.24f1\Editor\Unity.exe
-adb2
-batchMode
-noUpm
-name
AssetImportWorker6
-projectPath
D:/Unity/SW_github/SW_OZ_ver2/SW OZ
-logFile
Logs/AssetImportWorker6.log
-srvPort
56244
Successfully changed project path to: D:/Unity/SW_github/SW_OZ_ver2/SW OZ
D:/Unity/SW_github/SW_OZ_ver2/SW OZ
[UnityMemory] Configuration Parameters - Can be set up in boot.config
    "memorysetup-bucket-allocator-granularity=16"
    "memorysetup-bucket-allocator-bucket-count=8"
    "memorysetup-bucket-allocator-block-size=33554432"
    "memorysetup-bucket-allocator-block-count=8"
    "memorysetup-main-allocator-block-size=16777216"
    "memorysetup-thread-allocator-block-size=16777216"
    "memorysetup-gfx-main-allocator-block-size=16777216"
    "memorysetup-gfx-thread-allocator-block-size=16777216"
    "memorysetup-cache-allocator-block-size=4194304"
    "memorysetup-typetree-allocator-block-size=2097152"
    "memorysetup-profiler-bucket-allocator-granularity=16"
    "memorysetup-profiler-bucket-allocator-bucket-count=8"
    "memorysetup-profiler-bucket-allocator-block-size=33554432"
    "memorysetup-profiler-bucket-allocator-block-count=8"
    "memorysetup-profiler-allocator-block-size=16777216"
    "memorysetup-profiler-editor-allocator-block-size=1048576"
    "memorysetup-temp-allocator-size-main=16777216"
    "memorysetup-job-temp-allocator-block-size=2097152"
    "memorysetup-job-temp-allocator-block-size-background=1048576"
    "memorysetup-job-temp-allocator-reduction-small-platforms=262144"
    "memorysetup-allocator-temp-initial-block-size-main=262144"
    "memorysetup-allocator-temp-initial-block-size-worker=262144"
    "memorysetup-temp-allocator-size-background-worker=32768"
    "memorysetup-temp-allocator-size-job-worker=262144"
    "memorysetup-temp-allocator-size-preload-manager=33554432"
    "memorysetup-temp-allocator-size-nav-mesh-worker=65536"
    "memorysetup-temp-allocator-size-audio-worker=65536"
    "memorysetup-temp-allocator-size-cloud-worker=32768"
    "memorysetup-temp-allocator-size-gi-baking-worker=262144"
    "memorysetup-temp-allocator-size-gfx=262144"
Player connection [42804] Host "[IP] 192.168.11.2 [Port] 0 [Flags] 2 [Guid] 4235144547 [EditorId] 4235144547 [Version] 1048832 [Id] WindowsEditor(7,M_F) [Debug] 1 [PackageName] WindowsEditor [ProjectName] Editor" joined multi-casting on [225.0.0.222:54997]...

Player connection [42804] Host "[IP] 192.168.11.2 [Port] 0 [Flags] 2 [Guid] 4235144547 [EditorId] 4235144547 [Version] 1048832 [Id] WindowsEditor(7,M_F) [Debug] 1 [PackageName] WindowsEditor [ProjectName] Editor" joined alternative multi-casting on [225.0.0.222:34997]...

[Physics::Module] Initialized MultithreadedJobDispatcher with 31 workers.
Refreshing native plugins compatible for Editor in 15.45 ms, found 4 plugins.
Preloading 0 native plugins for Editor in 0.00 ms.
Initialize engine version: 2022.3.24f1 (334eb2a0b267)
[Subsystems] Discovering subsystems at path C:/Program Files/Unity/Hub/Editor/2022.3.24f1/Editor/Data/Resources/UnitySubsystems
[Subsystems] Discovering subsystems at path D:/Unity/SW_github/SW_OZ_ver2/SW OZ/Assets
GfxDevice: creating device client; threaded=0; jobified=0
Direct3D:
    Version:  Direct3D 11.0 [level 11.1]
    Renderer: NVIDIA GeForce RTX 3060 (ID=0x2504)
    Vendor:   NVIDIA
    VRAM:     12129 MB
    Driver:   31.0.15.3598
Initialize mono
Mono path[0] = 'C:/Program Files/Unity/Hub/Editor/2022.3.24f1/Editor/Data/Managed'
Mono path[1] = 'C:/Program Files/Unity/Hub/Editor/2022.3.24f1/Editor/Data/MonoBleedingEdge/lib/mono/unityjit-win32'
Mono config path = 'C:/Program Files/Unity/Hub/Editor/2022.3.24f1/Editor/Data/MonoBleedingEdge/etc'
Using monoOptions --debugger-agent=transport=dt_socket,embedding=1,server=y,suspend=n,address=127.0.0.1:56800
Begin MonoManager ReloadAssembly
Registering precompiled unity dll's ...
Register platform support module: C:/Program Files/Unity/Hub/Editor/2022.3.24f1/Editor/Data/PlaybackEngines/WebGLSupport/UnityEditor.WebGL.Extensions.dll
Register platform support module: C:/Program Files/Unity/Hub/Editor/2022.3.24f1/Editor/Data/PlaybackEngines/MacStandaloneSupport/UnityEditor.OSXStandalone.Extensions.dll
Register platform support module: C:/Program Files/Unity/Hub/Editor/2022.3.24f1/Editor/Data/PlaybackEngines/AndroidPlayer/UnityEditor.Android.Extensions.dll
Register platform support module: C:/Program Files/Unity/Hub/Editor/2022.3.24f1/Editor/Data/PlaybackEngines/iOSSupport/UnityEditor.iOS.Extensions.dll
Register platform support module: C:/Program Files/Unity/Hub/Editor/2022.3.24f1/Editor/Data/PlaybackEngines/WindowsStandaloneSupport/UnityEditor.WindowsStandalone.Extensions.dll
Registered in 0.008729 seconds.
- Loaded All Assemblies, in  0.237 seconds
Native extension for WindowsStandalone target not found
[usbmuxd] Start listen thread
[usbmuxd] Listen thread started
Native extension for iOS target not found
Native extension for Android target not found
Native extension for OSXStandalone target not found
Native extension for WebGL target not found
Mono: successfully reloaded assembly
- Finished resetting the current domain, in  0.201 seconds
Domain Reload Profiling: 436ms
	BeginReloadAssembly (72ms)
		ExecutionOrderSort (0ms)
		DisableScriptedObjects (0ms)
		BackupInstance (0ms)
		ReleaseScriptingObjects (0ms)
		CreateAndSetChildDomain (1ms)
	RebuildCommonClasses (23ms)
	RebuildNativeTypeToScriptingClass (6ms)
	initialDomainReloadingComplete (39ms)
	LoadAllAssembliesAndSetupDomain (94ms)
		LoadAssemblies (70ms)
		RebuildTransferFunctionScriptingTraits (0ms)
		AnalyzeDomain (92ms)
			TypeCache.Refresh (91ms)
				TypeCache.ScanAssembly (82ms)
			ScanForSourceGeneratedMonoScriptInfo (0ms)
			ResolveRequiredComponents (0ms)
	FinalizeReload (202ms)
		ReleaseScriptCaches (0ms)
		RebuildScriptCaches (0ms)
		SetupLoadedEditorAssemblies (167ms)
			LogAssemblyErrors (0ms)
			InitializePlatformSupportModulesInManaged (63ms)
			SetLoadedEditorAssemblies (3ms)
			RefreshPlugins (0ms)
			BeforeProcessingInitializeOnLoad (1ms)
			ProcessInitializeOnLoadAttributes (70ms)
			ProcessInitializeOnLoadMethodAttributes (30ms)
			AfterProcessingInitializeOnLoad (0ms)
			EditorAssembliesLoaded (0ms)
		ExecutionOrderSort2 (0ms)
		AwakeInstancesAfterBackupRestoration (0ms)
========================================================================
Worker process is ready to serve import requests
Begin MonoManager ReloadAssembly
- Loaded All Assemblies, in  1.232 seconds
Refreshing native plugins compatible for Editor in 3.67 ms, found 4 plugins.
Native extension for WindowsStandalone target not found
Native extension for iOS target not found
Native extension for Android target not found
Native extension for OSXStandalone target not found
Native extension for WebGL target not found
Package Manager log level set to [2]
[Package Manager] Server::EnsureServerProcessIsRunning -- launch failed, reason: Unity was launched with the -noUpm command-line argument
[Package Manager] UpmClient::Send -- Unable to send message (not connected to UPM process).
[Package Manager] Cannot connect to Unity Package Manager local server
Mono: successfully reloaded assembly
- Finished resetting the current domain, in  0.377 seconds
Domain Reload Profiling: 1600ms
	BeginReloadAssembly (79ms)
		ExecutionOrderSort (0ms)
		DisableScriptedObjects (3ms)
		BackupInstance (0ms)
		ReleaseScriptingObjects (0ms)
		CreateAndSetChildDomain (12ms)
	RebuildCommonClasses (18ms)
	RebuildNativeTypeToScriptingClass (6ms)
	initialDomainReloadingComplete (35ms)
	LoadAllAssembliesAndSetupDomain (1085ms)
		LoadAssemblies (1058ms)
		RebuildTransferFunctionScriptingTraits (0ms)
		AnalyzeDomain (73ms)
			TypeCache.Refresh (63ms)
				TypeCache.ScanAssembly (51ms)
			ScanForSourceGeneratedMonoScriptInfo (8ms)
			ResolveRequiredComponents (2ms)
	FinalizeReload (377ms)
		ReleaseScriptCaches (0ms)
		RebuildScriptCaches (0ms)
		SetupLoadedEditorAssemblies (284ms)
			LogAssemblyErrors (0ms)
			InitializePlatformSupportModulesInManaged (28ms)
			SetLoadedEditorAssemblies (2ms)
			RefreshPlugins (0ms)
			BeforeProcessingInitializeOnLoad (61ms)
			ProcessInitializeOnLoadAttributes (175ms)
			ProcessInitializeOnLoadMethodAttributes (13ms)
			AfterProcessingInitializeOnLoad (4ms)
			EditorAssembliesLoaded (0ms)
		ExecutionOrderSort2 (0ms)
		AwakeInstancesAfterBackupRestoration (4ms)
Failed to load shader (instanceID 412, GUID 3e39586253f31b34f87fa7e133449b1e)
Launched and connected shader compiler UnityShaderCompiler.exe after 0.03 seconds
Refreshing native plugins compatible for Editor in 6.12 ms, found 4 plugins.
Preloading 0 native plugins for Editor in 0.00 ms.
Unloading 2918 Unused Serialized files (Serialized files now loaded: 0)
Unloading 49 unused Assets / (62.4 KB). Loaded Objects now: 3487.
Memory consumption went from 126.6 MB to 126.5 MB.
Total: 2.086200 ms (FindLiveObjects: 0.140700 ms CreateObjectMapping: 0.038100 ms MarkObjects: 1.814600 ms  DeleteObjects: 0.091800 ms)

AssetImportParameters requested are different than current active one (requested -> active):
  custom:container-demuxer-ogg: 62fdf1f143b41e24485cea50d1cbac27 -> 
  custom:video-codec-MediaFoundation-h265: 746d11721c4dcdbdad8f713fa42b33f4 -> 
  custom:video-decoder-ogg-theora: a1e56fd34408186e4bbccfd4996cb3dc -> 
  custom:framework-win-MediaFoundation: 216162199b28c13a410421893ffa2e32 -> 
  custom:CustomObjectIndexerAttribute: 9a22284fe3817be447336de3de66b15e -> 
  custom:container-demuxer-webm: 4f35f7cbe854078d1ac9338744f61a02 -> 
  custom:container-muxer-webm: aa71ff27fc2769a1b78a27578f13a17b -> 
  custom:video-decoder-webm-vp8: 9c59270c3fd7afecdb556c50c9e8de78 -> 
  custom:SearchIndexIgnoredProperties: e643bd26f0fe6173181afceb89e7c659 -> 
  custom:AudioImporter_EditorPlatform: d09bf68614088b80899f8185d706f6e7 -> 
  custom:video-encoder-webm-vp8: eb34c28f22e8b96e1ab97ce403110664 -> 
  custom:audio-decoder-ogg-vorbis: bf7c407c2cedff20999df2af8eb42d56 -> 
  custom:audio-encoder-webm-vorbis: bf7c407c2cedff20999df2af8eb42d56 -> 
========================================================================
Received Import Request.
  Time since last request: 36961.896988 seconds.
  path: Assets/Fishing Docks and Boats/Textures/TX_PoleNet_01a_OPC.BMP
  artifactKey: Guid(6ec07c5fe9131f5488cbce5bf162fc18) Importer(2089858483,0ecaa5967403d082aa24f35e1b516d23)
Start importing Assets/Fishing Docks and Boats/Textures/TX_PoleNet_01a_OPC.BMP using Guid(6ec07c5fe9131f5488cbce5bf162fc18) Importer(2089858483,0ecaa5967403d082aa24f35e1b516d23)  -> (artifact id: '27c2ff703be10883ba2d9d03e77f3111') in 0.115266 seconds
Number of updated asset objects reloaded before import = 0
Number of asset objects unloaded after import = 1
========================================================================
Received Import Request.
  Time since last request: 0.000015 seconds.
  path: Assets/UniGLTF/DepthFirstScheduler/TaskChain.cs
  artifactKey: Guid(38fc7e076ba93a847ad72d3d459d06b6) Importer(2089858483,0ecaa5967403d082aa24f35e1b516d23)
Start importing Assets/UniGLTF/DepthFirstScheduler/TaskChain.cs using Guid(38fc7e076ba93a847ad72d3d459d06b6) Importer(2089858483,0ecaa5967403d082aa24f35e1b516d23)  -> (artifact id: '2db32f7eb30013c8cb623d2fc8f6e9a6') in 0.017700 seconds
Number of updated asset objects reloaded before import = 0
Number of asset objects unloaded after import = 1
========================================================================
Received Import Request.
  Time since last request: 0.000016 seconds.
  path: Assets/UniGLTF/DepthFirstScheduler/LICENSE
  artifactKey: Guid(b673d33707cbc5446870804437f3cbea) Importer(2089858483,0ecaa5967403d082aa24f35e1b516d23)
Start importing Assets/UniGLTF/DepthFirstScheduler/LICENSE using Guid(b673d33707cbc5446870804437f3cbea) Importer(2089858483,0ecaa5967403d082aa24f35e1b516d23)  -> (artifact id: '646e7964f295c9666ec2a5a4da9f6db1') in 0.009366 seconds
Number of updated asset objects reloaded before import = 0
Number of asset objects unloaded after import = 1
========================================================================
Received Import Request.
  Time since last request: 0.000044 seconds.
  path: Assets/3D/sion/primitives/2-4hosoi.fbx
  artifactKey: Guid(09e617b76f2fbd44e88363630488036d) Importer(2089858483,0ecaa5967403d082aa24f35e1b516d23)
Start importing Assets/3D/sion/primitives/2-4hosoi.fbx using Guid(09e617b76f2fbd44e88363630488036d) Importer(2089858483,0ecaa5967403d082aa24f35e1b516d23)  -> (artifact id: '641ec0ae28fac5e940970626710c8b8e') in 0.036980 seconds
Number of updated asset objects reloaded before import = 0
Number of asset objects unloaded after import = 7
========================================================================
Received Import Request.
  Time since last request: 0.000012 seconds.
  path: Assets/PlayMaker/Editor/PlayMakerUpdater.cs
  artifactKey: Guid(f49fcf7ebc691f54982f6d23eb15f1cc) Importer(2089858483,0ecaa5967403d082aa24f35e1b516d23)
Start importing Assets/PlayMaker/Editor/PlayMakerUpdater.cs using Guid(f49fcf7ebc691f54982f6d23eb15f1cc) Importer(2089858483,0ecaa5967403d082aa24f35e1b516d23)  -> (artifact id: 'c0d04e5e4af13c6d678aec551fe1f898') in 0.011370 seconds
Number of updated asset objects reloaded before import = 0
Number of asset objects unloaded after import = 1
========================================================================
Received Import Request.
  Time since last request: 0.000010 seconds.
  path: Assets/3D/Ota/bite/immersal01.bytes
  artifactKey: Guid(e24315fbc4ae71e438c0e4a63f54231c) Importer(2089858483,0ecaa5967403d082aa24f35e1b516d23)
Start importing Assets/3D/Ota/bite/immersal01.bytes using Guid(e24315fbc4ae71e438c0e4a63f54231c) Importer(2089858483,0ecaa5967403d082aa24f35e1b516d23)  -> (artifact id: 'afa43e6296d9ccd67fecf6413d55d1b9') in 0.018109 seconds
Number of updated asset objects reloaded before import = 0
Number of asset objects unloaded after import = 1
========================================================================
Received Import Request.
  Time since last request: 0.000012 seconds.
  path: Assets/PlayMaker/Editor/PlayMakerWelcomeWindow.cs
  artifactKey: Guid(ae09cdaf80f2e864094117640e60c154) Importer(2089858483,0ecaa5967403d082aa24f35e1b516d23)
Start importing Assets/PlayMaker/Editor/PlayMakerWelcomeWindow.cs using Guid(ae09cdaf80f2e864094117640e60c154) Importer(2089858483,0ecaa5967403d082aa24f35e1b516d23)  -> (artifact id: '99dc7741e37c61ac731807f219035910') in 0.013708 seconds
Number of updated asset objects reloaded before import = 0
Number of asset objects unloaded after import = 1
========================================================================
Received Import Request.
  Time since last request: 0.000010 seconds.
  path: Assets/3D/sion/primitives/2-8.fbx
  artifactKey: Guid(1778a7a6c0902a54d8f426587b7432fa) Importer(2089858483,0ecaa5967403d082aa24f35e1b516d23)
Start importing Assets/3D/sion/primitives/2-8.fbx using Guid(1778a7a6c0902a54d8f426587b7432fa) Importer(2089858483,0ecaa5967403d082aa24f35e1b516d23)  -> (artifact id: '3f4e404fc3a306f0b0bb4a2a1aa43e7c') in 0.018884 seconds
Number of updated asset objects reloaded before import = 0
Number of asset objects unloaded after import = 7
========================================================================
Received Import Request.
  Time since last request: 0.000009 seconds.
  path: Assets/PlayMaker/Editor/PlayMakerUpgradeGuide.cs
  artifactKey: Guid(97a1e109909320944b8d4357a5a09769) Importer(2089858483,0ecaa5967403d082aa24f35e1b516d23)
Start importing Assets/PlayMaker/Editor/PlayMakerUpgradeGuide.cs using Guid(97a1e109909320944b8d4357a5a09769) Importer(2089858483,0ecaa5967403d082aa24f35e1b516d23)  -> (artifact id: 'd254bb529fe07cf566f4441a6898bc76') in 0.013378 seconds
Number of updated asset objects reloaded before import = 0
Number of asset objects unloaded after import = 1
========================================================================
Received Import Request.
  Time since last request: 0.000011 seconds.
  path: Assets/PolyTope_VoxelWorld_Animals/DemoScenes/demo_all_assets.unity
  artifactKey: Guid(428b5a0213a73f543b6af4ce4665f692) Importer(2089858483,0ecaa5967403d082aa24f35e1b516d23)
Start importing Assets/PolyTope_VoxelWorld_Animals/DemoScenes/demo_all_assets.unity using Guid(428b5a0213a73f543b6af4ce4665f692) Importer(2089858483,0ecaa5967403d082aa24f35e1b516d23)  -> (artifact id: '3452c3fd4a90728541cd2c692a064833') in 0.008136 seconds
Number of updated asset objects reloaded before import = 0
Number of asset objects unloaded after import = 1
========================================================================
Received Import Request.
  Time since last request: 0.000010 seconds.
  path: Assets/PlayMaker/Editor/FsmSelectorWindow.cs
  artifactKey: Guid(6d935c6c261d748469153524686e2359) Importer(2089858483,0ecaa5967403d082aa24f35e1b516d23)
Start importing Assets/PlayMaker/Editor/FsmSelectorWindow.cs using Guid(6d935c6c261d748469153524686e2359) Importer(2089858483,0ecaa5967403d082aa24f35e1b516d23)  -> (artifact id: '737c2877ffad20d6e6dadf711258376a') in 0.011650 seconds
Number of updated asset objects reloaded before import = 0
Number of asset objects unloaded after import = 1
========================================================================
Received Import Request.
  Time since last request: 0.000012 seconds.
  path: Assets/3D/Ota/104795-Test-tex.Textures/tex_material0001_map_Kd.jpg
  artifactKey: Guid(6eac7598c49927a448822cb27f9f5cab) Importer(2089858483,0ecaa5967403d082aa24f35e1b516d23)
Start importing Assets/3D/Ota/104795-Test-tex.Textures/tex_material0001_map_Kd.jpg using Guid(6eac7598c49927a448822cb27f9f5cab) Importer(2089858483,0ecaa5967403d082aa24f35e1b516d23)  -> (artifact id: '2eaaa21e089c2c262177a8eab0fbaa3d') in 0.019835 seconds
Number of updated asset objects reloaded before import = 0
Number of asset objects unloaded after import = 1
========================================================================
Received Import Request.
  Time since last request: 0.000012 seconds.
  path: Assets/PlayMaker/Editor/AssetGUIDs.cs
  artifactKey: Guid(592117c8c9b452640a3ae62370e70b65) Importer(2089858483,0ecaa5967403d082aa24f35e1b516d23)
Start importing Assets/PlayMaker/Editor/AssetGUIDs.cs using Guid(592117c8c9b452640a3ae62370e70b65) Importer(2089858483,0ecaa5967403d082aa24f35e1b516d23)  -> (artifact id: 'e0d1c21616a66ab1b91536a4ccd0f729') in 0.011795 seconds
Number of updated asset objects reloaded before import = 0
Number of asset objects unloaded after import = 1
========================================================================
Received Import Request.
  Time since last request: 0.000011 seconds.
  path: Assets/PlayMaker/Actions/EasingFunction.cs
  artifactKey: Guid(3ccbb12f36be80646979921287f7cde5) Importer(2089858483,0ecaa5967403d082aa24f35e1b516d23)
Start importing Assets/PlayMaker/Actions/EasingFunction.cs using Guid(3ccbb12f36be80646979921287f7cde5) Importer(2089858483,0ecaa5967403d082aa24f35e1b516d23)  -> (artifact id: 'b062c79ae943d561f33a6d9064a7df2c') in 0.015086 seconds
Number of updated asset objects reloaded before import = 0
Number of asset objects unloaded after import = 1
========================================================================
Received Import Request.
  Time since last request: 0.000010 seconds.
  path: Assets/PlayMaker/Editor/PlayMakerBugReportWindow.cs
  artifactKey: Guid(22cdf5625c9e93d439b35c8a41b2fcd6) Importer(2089858483,0ecaa5967403d082aa24f35e1b516d23)
Start importing Assets/PlayMaker/Editor/PlayMakerBugReportWindow.cs using Guid(22cdf5625c9e93d439b35c8a41b2fcd6) Importer(2089858483,0ecaa5967403d082aa24f35e1b516d23)  -> (artifact id: 'c65dd811fb299ad8b79f9dd293c27480') in 0.017088 seconds
Number of updated asset objects reloaded before import = 0
Number of asset objects unloaded after import = 1
========================================================================
Received Import Request.
  Time since last request: 0.000010 seconds.
  path: Assets/UniGLTF/DepthFirstScheduler/MainThreadDispatcher.cs
  artifactKey: Guid(b030a9507e46dd3488c080be0227b219) Importer(2089858483,0ecaa5967403d082aa24f35e1b516d23)
Start importing Assets/UniGLTF/DepthFirstScheduler/MainThreadDispatcher.cs using Guid(b030a9507e46dd3488c080be0227b219) Importer(2089858483,0ecaa5967403d082aa24f35e1b516d23)  -> (artifact id: '6ae39e210cf146e082aa46ef2b2886da') in 0.012044 seconds
Number of updated asset objects reloaded before import = 0
Number of asset objects unloaded after import = 1
========================================================================
Received Import Request.
  Time since last request: 0.000011 seconds.
  path: Assets/PlayMaker/Editor/EditorStartupPrefs.cs
  artifactKey: Guid(de5210ce93b60c74b910290c522cd727) Importer(2089858483,0ecaa5967403d082aa24f35e1b516d23)
Start importing Assets/PlayMaker/Editor/EditorStartupPrefs.cs using Guid(de5210ce93b60c74b910290c522cd727) Importer(2089858483,0ecaa5967403d082aa24f35e1b516d23)  -> (artifact id: 'a9df0ffa8ea98e7e3ec90c0e0f50b80a') in 0.011494 seconds
Number of updated asset objects reloaded before import = 0
Number of asset objects unloaded after import = 1
========================================================================
Received Import Request.
  Time since last request: 0.000016 seconds.
  path: Assets/3D/sion/primitives/tube.fbx
  artifactKey: Guid(bb58b6f6f3ec3844e92fc2f1610d83b7) Importer(2089858483,0ecaa5967403d082aa24f35e1b516d23)
Start importing Assets/3D/sion/primitives/tube.fbx using Guid(bb58b6f6f3ec3844e92fc2f1610d83b7) Importer(2089858483,0ecaa5967403d082aa24f35e1b516d23)  -> (artifact id: 'a6b6f0f3db6897325ffff96497c2f899') in 0.023948 seconds
Number of updated asset objects reloaded before import = 0
Number of asset objects unloaded after import = 7
========================================================================
Received Import Request.
  Time since last request: 0.000011 seconds.
  path: Assets/3D/sion/primitives/3-21.fbx
  artifactKey: Guid(723780592ec95494583287ecfb2aa630) Importer(2089858483,0ecaa5967403d082aa24f35e1b516d23)
Start importing Assets/3D/sion/primitives/3-21.fbx using Guid(723780592ec95494583287ecfb2aa630) Importer(2089858483,0ecaa5967403d082aa24f35e1b516d23)  -> (artifact id: '41a8747ed94850e3a722c89f80761799') in 0.020491 seconds
Number of updated asset objects reloaded before import = 0
Number of asset objects unloaded after import = 7
========================================================================
Received Import Request.
  Time since last request: 0.000009 seconds.
  path: Assets/Fishing Docks and Boats/Textures/TX_SM_TackleBox_01a_DIF.TGA
  artifactKey: Guid(4c34bffa1174f014dae0c377c786ce57) Importer(2089858483,0ecaa5967403d082aa24f35e1b516d23)
Start importing Assets/Fishing Docks and Boats/Textures/TX_SM_TackleBox_01a_DIF.TGA using Guid(4c34bffa1174f014dae0c377c786ce57) Importer(2089858483,0ecaa5967403d082aa24f35e1b516d23)  -> (artifact id: '5c1671e9acd015658794d4e8438029f8') in 0.017119 seconds
Number of updated asset objects reloaded before import = 0
Number of asset objects unloaded after import = 1
========================================================================
Received Import Request.
  Time since last request: 1.413037 seconds.
  path: Assets/Alstra Infinite/Fish - PolyPack/Prefabs/FishV3.prefab
  artifactKey: Guid(de500f6b90f89bc4c87a6585b2dea01a) Importer(2089858483,0ecaa5967403d082aa24f35e1b516d23)
Start importing Assets/Alstra Infinite/Fish - PolyPack/Prefabs/FishV3.prefab using Guid(de500f6b90f89bc4c87a6585b2dea01a) Importer(2089858483,0ecaa5967403d082aa24f35e1b516d23)  -> (artifact id: '0e3792de313562536f16a107eb7922fd') in 0.027541 seconds
Number of updated asset objects reloaded before import = 0
Number of asset objects unloaded after import = 8
========================================================================
Received Import Request.
  Time since last request: 0.000014 seconds.
  path: Assets/PlayMaker/Actions/Animator/SetAnimatorPlaybackTime.cs
  artifactKey: Guid(d08de24228e9d48f6966aef92918c88a) Importer(2089858483,0ecaa5967403d082aa24f35e1b516d23)
Start importing Assets/PlayMaker/Actions/Animator/SetAnimatorPlaybackTime.cs using Guid(d08de24228e9d48f6966aef92918c88a) Importer(2089858483,0ecaa5967403d082aa24f35e1b516d23)  -> (artifact id: 'b9d8dc3000df0e9cce1e3750d3326690') in 0.012959 seconds
Number of updated asset objects reloaded before import = 0
Number of asset objects unloaded after import = 1
========================================================================
Received Import Request.
  Time since last request: 0.000023 seconds.
  path: Assets/PlayMaker/Actions/Animator/GetAnimatorDelta.cs
  artifactKey: Guid(59828d3af79b24d328e2f0dfa5b4a3a7) Importer(2089858483,0ecaa5967403d082aa24f35e1b516d23)
Start importing Assets/PlayMaker/Actions/Animator/GetAnimatorDelta.cs using Guid(59828d3af79b24d328e2f0dfa5b4a3a7) Importer(2089858483,0ecaa5967403d082aa24f35e1b516d23)  -> (artifact id: '49ff43b7beaa1ae4c9892ca6f1615dc3') in 0.014899 seconds
Number of updated asset objects reloaded before import = 0
Number of asset objects unloaded after import = 1
========================================================================
Received Import Request.
  Time since last request: 0.000039 seconds.
  path: Assets/Fishing Docks and Boats/Scenes/Example/Lightmap-4_comp_light.exr
  artifactKey: Guid(61573e2f628b97f49acacae0e15f7df2) Importer(2089858483,0ecaa5967403d082aa24f35e1b516d23)
Start importing Assets/Fishing Docks and Boats/Scenes/Example/Lightmap-4_comp_light.exr using Guid(61573e2f628b97f49acacae0e15f7df2) Importer(2089858483,0ecaa5967403d082aa24f35e1b516d23)  -> (artifact id: '43043dea05b0e5de67800820d0fb59f3') in 0.060226 seconds
Number of updated asset objects reloaded before import = 0
Number of asset objects unloaded after import = 1
========================================================================
Received Import Request.
  Time since last request: 0.000009 seconds.
  path: Assets/PlayMaker/Actions/AnimateVariables/AnimateColor.cs
  artifactKey: Guid(586d3af17311b5c46ab9ac5d3796b7f8) Importer(2089858483,0ecaa5967403d082aa24f35e1b516d23)
Start importing Assets/PlayMaker/Actions/AnimateVariables/AnimateColor.cs using Guid(586d3af17311b5c46ab9ac5d3796b7f8) Importer(2089858483,0ecaa5967403d082aa24f35e1b516d23)  -> (artifact id: 'dbbc671aca4a5f6824ed81da209266d0') in 0.017096 seconds
Number of updated asset objects reloaded before import = 0
Number of asset objects unloaded after import = 1
========================================================================
Received Import Request.
  Time since last request: 0.000011 seconds.
  path: Assets/PlayMaker/Actions/AnimateVariables/AnimateVector3.cs
  artifactKey: Guid(096d312d970839340bb0b73993a5217e) Importer(2089858483,0ecaa5967403d082aa24f35e1b516d23)
Start importing Assets/PlayMaker/Actions/AnimateVariables/AnimateVector3.cs using Guid(096d312d970839340bb0b73993a5217e) Importer(2089858483,0ecaa5967403d082aa24f35e1b516d23)  -> (artifact id: 'c9a68526d47c7f2153fdef105300fd43') in 0.015829 seconds
Number of updated asset objects reloaded before import = 0
Number of asset objects unloaded after import = 1
========================================================================
Received Import Request.
  Time since last request: 0.000009 seconds.
  path: Assets/PlayMaker/Actions/Array/ArrayAdd.cs
  artifactKey: Guid(5cf434aed56dd6b4eb839ed214ff0af5) Importer(2089858483,0ecaa5967403d082aa24f35e1b516d23)
Start importing Assets/PlayMaker/Actions/Array/ArrayAdd.cs using Guid(5cf434aed56dd6b4eb839ed214ff0af5) Importer(2089858483,0ecaa5967403d082aa24f35e1b516d23)  -> (artifact id: '447bb198f9b70612b7191851ddfd4045') in 0.017663 seconds
Number of updated asset objects reloaded before import = 0
Number of asset objects unloaded after import = 1
========================================================================
Received Import Request.
  Time since last request: 0.000012 seconds.
  path: Assets/PlayMaker/Actions/Application/ApplicationQuit.cs
  artifactKey: Guid(2ace578551a64364db33bcd3c420797c) Importer(2089858483,0ecaa5967403d082aa24f35e1b516d23)
Start importing Assets/PlayMaker/Actions/Application/ApplicationQuit.cs using Guid(2ace578551a64364db33bcd3c420797c) Importer(2089858483,0ecaa5967403d082aa24f35e1b516d23)  -> (artifact id: 'a0c43326f57078ee0a11a38d3e6b58f8') in 0.017154 seconds
Number of updated asset objects reloaded before import = 0
Number of asset objects unloaded after import = 1
========================================================================
Received Import Request.
  Time since last request: 0.000017 seconds.
  path: Assets/PlayMaker/Actions/Array/ArrayContains.cs
  artifactKey: Guid(f93a56f20084a2446a06a44bc27e257c) Importer(2089858483,0ecaa5967403d082aa24f35e1b516d23)
Start importing Assets/PlayMaker/Actions/Array/ArrayContains.cs using Guid(f93a56f20084a2446a06a44bc27e257c) Importer(2089858483,0ecaa5967403d082aa24f35e1b516d23)  -> (artifact id: 'b10d0373184ae3276cb9d5cae0936623') in 0.016463 seconds
Number of updated asset objects reloaded before import = 0
Number of asset objects unloaded after import = 1
========================================================================
Received Import Request.
  Time since last request: 0.000010 seconds.
  path: Assets/PlayMaker/Actions/Animator/SetAnimatorBody.cs
  artifactKey: Guid(0f372e08801dc40c890e1599595eaad9) Importer(2089858483,0ecaa5967403d082aa24f35e1b516d23)
Start importing Assets/PlayMaker/Actions/Animator/SetAnimatorBody.cs using Guid(0f372e08801dc40c890e1599595eaad9) Importer(2089858483,0ecaa5967403d082aa24f35e1b516d23)  -> (artifact id: 'dd5ac5129ba66655b7932f716d719867') in 0.018780 seconds
Number of updated asset objects reloaded before import = 0
Number of asset objects unloaded after import = 1
========================================================================
Received Import Request.
  Time since last request: 0.000010 seconds.
  path: Assets/PlayMaker/Actions/Animation/StopAnimation.cs
  artifactKey: Guid(65734b83a2a4b7f4081d0bff7d0d9720) Importer(2089858483,0ecaa5967403d082aa24f35e1b516d23)
Start importing Assets/PlayMaker/Actions/Animation/StopAnimation.cs using Guid(65734b83a2a4b7f4081d0bff7d0d9720) Importer(2089858483,0ecaa5967403d082aa24f35e1b516d23)  -> (artifact id: 'd329a703a57d90a13a8820bfdc995c88') in 0.013716 seconds
Number of updated asset objects reloaded before import = 0
Number of asset objects unloaded after import = 1
========================================================================
Received Import Request.
  Time since last request: 0.000010 seconds.
  path: Assets/PlayMaker/Actions/Animator/AnimatorStopPlayback.cs
  artifactKey: Guid(ba34314c2df504f919e13699c71aafaf) Importer(2089858483,0ecaa5967403d082aa24f35e1b516d23)
Start importing Assets/PlayMaker/Actions/Animator/AnimatorStopPlayback.cs using Guid(ba34314c2df504f919e13699c71aafaf) Importer(2089858483,0ecaa5967403d082aa24f35e1b516d23)  -> (artifact id: '499b5ca86275ecbb77d888bb1ab3b2db') in 0.038803 seconds
Number of updated asset objects reloaded before import = 0
Number of asset objects unloaded after import = 1
========================================================================
Received Import Request.
  Time since last request: 0.000027 seconds.
  path: Assets/PlayMaker/Actions/Application/ApplicationRunInBackground.cs
  artifactKey: Guid(8acf39900e9db9543aa415136960f581) Importer(2089858483,0ecaa5967403d082aa24f35e1b516d23)
Start importing Assets/PlayMaker/Actions/Application/ApplicationRunInBackground.cs using Guid(8acf39900e9db9543aa415136960f581) Importer(2089858483,0ecaa5967403d082aa24f35e1b516d23)  -> (artifact id: '1934cb8abc09088af19ce30734095d90') in 0.018096 seconds
Number of updated asset objects reloaded before import = 0
Number of asset objects unloaded after import = 1
========================================================================
Received Import Request.
  Time since last request: 0.000010 seconds.
  path: Assets/PlayMaker/Actions/Array/ArrayInsert.cs
  artifactKey: Guid(436d97389e8a3024f8cceb7f5d204e55) Importer(2089858483,0ecaa5967403d082aa24f35e1b516d23)
Start importing Assets/PlayMaker/Actions/Array/ArrayInsert.cs using Guid(436d97389e8a3024f8cceb7f5d204e55) Importer(2089858483,0ecaa5967403d082aa24f35e1b516d23)  -> (artifact id: '4f1a21b4ac2e51c0a54733dd4484d235') in 0.015764 seconds
Number of updated asset objects reloaded before import = 0
Number of asset objects unloaded after import = 1
========================================================================
Received Import Request.
  Time since last request: 0.000009 seconds.
  path: Assets/PlayMaker/Actions/Animator/GetAnimatorPlayBackSpeed.cs
  artifactKey: Guid(252f9f13fe96d4f5b8ee1a309ee2e5db) Importer(2089858483,0ecaa5967403d082aa24f35e1b516d23)
Start importing Assets/PlayMaker/Actions/Animator/GetAnimatorPlayBackSpeed.cs using Guid(252f9f13fe96d4f5b8ee1a309ee2e5db) Importer(2089858483,0ecaa5967403d082aa24f35e1b516d23)  -> (artifact id: 'c3431066bad8c739a5ff6060ab88e25b') in 0.016406 seconds
Number of updated asset objects reloaded before import = 0
Number of asset objects unloaded after import = 1
========================================================================
Received Import Request.
  Time since last request: 0.000010 seconds.
  path: Assets/PlayMaker/Actions/Animator/GetAnimatorHumanScale.cs
  artifactKey: Guid(3e4e2701c656149199f7b424b0725b7d) Importer(2089858483,0ecaa5967403d082aa24f35e1b516d23)
Start importing Assets/PlayMaker/Actions/Animator/GetAnimatorHumanScale.cs using Guid(3e4e2701c656149199f7b424b0725b7d) Importer(2089858483,0ecaa5967403d082aa24f35e1b516d23)  -> (artifact id: '863fb99246cb85efb86489e2d708cd9c') in 0.015613 seconds
Number of updated asset objects reloaded before import = 0
Number of asset objects unloaded after import = 1
========================================================================
Received Import Request.
  Time since last request: 0.000011 seconds.
  path: Assets/PlayMaker/Actions/AnimateVariables/EaseColor.cs
  artifactKey: Guid(dad5426318ed96942a8a501e2635a8c6) Importer(2089858483,0ecaa5967403d082aa24f35e1b516d23)
Start importing Assets/PlayMaker/Actions/AnimateVariables/EaseColor.cs using Guid(dad5426318ed96942a8a501e2635a8c6) Importer(2089858483,0ecaa5967403d082aa24f35e1b516d23)  -> (artifact id: '9aa9b5b4a49715c72ece383b176ade8e') in 0.012856 seconds
Number of updated asset objects reloaded before import = 0
Number of asset objects unloaded after import = 1
========================================================================
Received Import Request.
  Time since last request: 1.333480 seconds.
  path: Assets/PlayMaker/Actions/Audio/AudioStop.cs
  artifactKey: Guid(a6777341ea924c7428e33a6f47113e7f) Importer(2089858483,0ecaa5967403d082aa24f35e1b516d23)
Start importing Assets/PlayMaker/Actions/Audio/AudioStop.cs using Guid(a6777341ea924c7428e33a6f47113e7f) Importer(2089858483,0ecaa5967403d082aa24f35e1b516d23)  -> (artifact id: 'b5c70277503cf606177880c865c18b5e') in 0.025876 seconds
Number of updated asset objects reloaded before import = 0
Number of asset objects unloaded after import = 1
========================================================================
Received Import Request.
  Time since last request: 0.000009 seconds.
  path: Assets/PlayMaker/Actions/GameObject/ActivateGameObject.cs
  artifactKey: Guid(fc0e3ebc3fd22c6458e70283786cf795) Importer(2089858483,0ecaa5967403d082aa24f35e1b516d23)
Start importing Assets/PlayMaker/Actions/GameObject/ActivateGameObject.cs using Guid(fc0e3ebc3fd22c6458e70283786cf795) Importer(2089858483,0ecaa5967403d082aa24f35e1b516d23)  -> (artifact id: '284bfa0286980ec6fbb69c8937210461') in 0.019420 seconds
Number of updated asset objects reloaded before import = 0
Number of asset objects unloaded after import = 1
========================================================================
Received Import Request.
  Time since last request: 0.000010 seconds.
  path: Assets/PlayMaker/Actions/Convert/ConvertFloatToInt.cs
  artifactKey: Guid(fef83905517654a4b86a427636e8a50f) Importer(2089858483,0ecaa5967403d082aa24f35e1b516d23)
Start importing Assets/PlayMaker/Actions/Convert/ConvertFloatToInt.cs using Guid(fef83905517654a4b86a427636e8a50f) Importer(2089858483,0ecaa5967403d082aa24f35e1b516d23)  -> (artifact id: '89ff9727277f953df9febd39b0c7020a') in 0.015293 seconds
Number of updated asset objects reloaded before import = 0
Number of asset objects unloaded after import = 1
========================================================================
Received Import Request.
  Time since last request: 0.000008 seconds.
  path: Assets/PlayMaker/Actions/GUILayout/GUILayoutBeginScrollView.cs
  artifactKey: Guid(46d1d0e6718068d4183523024920c532) Importer(2089858483,0ecaa5967403d082aa24f35e1b516d23)
Start importing Assets/PlayMaker/Actions/GUILayout/GUILayoutBeginScrollView.cs using Guid(46d1d0e6718068d4183523024920c532) Importer(2089858483,0ecaa5967403d082aa24f35e1b516d23)  -> (artifact id: 'e7580a312f96208ccbb6c47a073d165c') in 0.015715 seconds
Number of updated asset objects reloaded before import = 0
Number of asset objects unloaded after import = 1
========================================================================
Received Import Request.
  Time since last request: 0.000010 seconds.
  path: Assets/PlayMaker/Actions/Device/GetTouchInfo.cs
  artifactKey: Guid(4f1f2c212c98dba40b9321d85fac7d83) Importer(2089858483,0ecaa5967403d082aa24f35e1b516d23)
Start importing Assets/PlayMaker/Actions/Device/GetTouchInfo.cs using Guid(4f1f2c212c98dba40b9321d85fac7d83) Importer(2089858483,0ecaa5967403d082aa24f35e1b516d23)  -> (artifact id: '9138752657463f812a181335c3de22e0') in 0.013669 seconds
Number of updated asset objects reloaded before import = 0
Number of asset objects unloaded after import = 1
========================================================================
Received Import Request.
  Time since last request: 0.000009 seconds.
  path: Assets/PlayMaker/Actions/GUI/DrawFullscreenColor.cs
  artifactKey: Guid(0c7f66d29ff3bd74dae9af37c8e5d50a) Importer(2089858483,0ecaa5967403d082aa24f35e1b516d23)
Start importing Assets/PlayMaker/Actions/GUI/DrawFullscreenColor.cs using Guid(0c7f66d29ff3bd74dae9af37c8e5d50a) Importer(2089858483,0ecaa5967403d082aa24f35e1b516d23)  -> (artifact id: 'c2c3e421539aacf3da4f2e07a25425cb') in 0.014701 seconds
Number of updated asset objects reloaded before import = 0
Number of asset objects unloaded after import = 1
========================================================================
Received Import Request.
  Time since last request: 0.000009 seconds.
  path: Assets/PlayMaker/Actions/Device/StopLocationServiceUpdates.cs
  artifactKey: Guid(31f8e229414b84e4bab36e3258d73312) Importer(2089858483,0ecaa5967403d082aa24f35e1b516d23)
Start importing Assets/PlayMaker/Actions/Device/StopLocationServiceUpdates.cs using Guid(31f8e229414b84e4bab36e3258d73312) Importer(2089858483,0ecaa5967403d082aa24f35e1b516d23)  -> (artifact id: '01deff5e09584aee09d56d49e80bd399') in 0.018608 seconds
Number of updated asset objects reloaded before import = 0
Number of asset objects unloaded after import = 1
========================================================================
Received Import Request.
  Time since last request: 0.000010 seconds.
  path: Assets/PlayMaker/Actions/GUI/SetGUIAlpha.cs
  artifactKey: Guid(681d64666aa35bd429b24d6c5693760f) Importer(2089858483,0ecaa5967403d082aa24f35e1b516d23)
Start importing Assets/PlayMaker/Actions/GUI/SetGUIAlpha.cs using Guid(681d64666aa35bd429b24d6c5693760f) Importer(2089858483,0ecaa5967403d082aa24f35e1b516d23)  -> (artifact id: '64f952669e09c53a2d539f8a1fec1fff') in 0.014967 seconds
Number of updated asset objects reloaded before import = 0
Number of asset objects unloaded after import = 1
========================================================================
Received Import Request.
  Time since last request: 0.000016 seconds.
  path: Assets/PlayMaker/Actions/Debug/Comment.cs
  artifactKey: Guid(6a5b874eadc685146bfc648baec9d751) Importer(2089858483,0ecaa5967403d082aa24f35e1b516d23)
Start importing Assets/PlayMaker/Actions/Debug/Comment.cs using Guid(6a5b874eadc685146bfc648baec9d751) Importer(2089858483,0ecaa5967403d082aa24f35e1b516d23)  -> (artifact id: '5cce3e225b2992834fa9037a4953319c') in 0.013973 seconds
Number of updated asset objects reloaded before import = 0
Number of asset objects unloaded after import = 1
========================================================================
Received Import Request.
  Time since last request: 0.000010 seconds.
  path: Assets/PlayMaker/Actions/GameObject/SetParent.cs
  artifactKey: Guid(a58b09bbc7ddda748b3a872a95a37110) Importer(2089858483,0ecaa5967403d082aa24f35e1b516d23)
Start importing Assets/PlayMaker/Actions/GameObject/SetParent.cs using Guid(a58b09bbc7ddda748b3a872a95a37110) Importer(2089858483,0ecaa5967403d082aa24f35e1b516d23)  -> (artifact id: '972c8110d7106667d8447afdb50958d4') in 0.018132 seconds
Number of updated asset objects reloaded before import = 0
Number of asset objects unloaded after import = 1
========================================================================
Received Import Request.
  Time since last request: 0.000009 seconds.
  path: Assets/PlayMaker/Actions/GameObject/SetTag.cs
  artifactKey: Guid(a18f0330745a73a48a1f445ac24bb57d) Importer(2089858483,0ecaa5967403d082aa24f35e1b516d23)
Start importing Assets/PlayMaker/Actions/GameObject/SetTag.cs using Guid(a18f0330745a73a48a1f445ac24bb57d) Importer(2089858483,0ecaa5967403d082aa24f35e1b516d23)  -> (artifact id: '0c23da486042a7cd29f822c35424f634') in 0.012002 seconds
Number of updated asset objects reloaded before import = 0
Number of asset objects unloaded after import = 1
========================================================================
Received Import Request.
  Time since last request: 0.000025 seconds.
  path: Assets/PlayMaker/Actions/Character/ControllerMove.cs
  artifactKey: Guid(1f380e65a6e5c7043a6414d3721d2197) Importer(2089858483,0ecaa5967403d082aa24f35e1b516d23)
Start importing Assets/PlayMaker/Actions/Character/ControllerMove.cs using Guid(1f380e65a6e5c7043a6414d3721d2197) Importer(2089858483,0ecaa5967403d082aa24f35e1b516d23)  -> (artifact id: '6dca2d48e46d8d49737bff2eaa071b86') in 0.014741 seconds
Number of updated asset objects reloaded before import = 0
Number of asset objects unloaded after import = 1
========================================================================
Received Import Request.
  Time since last request: 0.000011 seconds.
  path: Assets/PlayMaker/Actions/GUI/GUIAction.cs
  artifactKey: Guid(17bcb6282e16aed468545082cfb6095e) Importer(2089858483,0ecaa5967403d082aa24f35e1b516d23)
Start importing Assets/PlayMaker/Actions/GUI/GUIAction.cs using Guid(17bcb6282e16aed468545082cfb6095e) Importer(2089858483,0ecaa5967403d082aa24f35e1b516d23)  -> (artifact id: '1ab99d5d5822cbd1747b4d346d2a651f') in 0.017079 seconds
Number of updated asset objects reloaded before import = 0
Number of asset objects unloaded after import = 1
========================================================================
Received Import Request.
  Time since last request: 0.000010 seconds.
  path: Assets/PlayMaker/Actions/Character/ControllerCrouch.cs
  artifactKey: Guid(7da99fab1152dc64d87cdce3b2f9ecd4) Importer(2089858483,0ecaa5967403d082aa24f35e1b516d23)
Start importing Assets/PlayMaker/Actions/Character/ControllerCrouch.cs using Guid(7da99fab1152dc64d87cdce3b2f9ecd4) Importer(2089858483,0ecaa5967403d082aa24f35e1b516d23)  -> (artifact id: '5c9ad5e7e12cf902319c052a456eaca5') in 0.016068 seconds
Number of updated asset objects reloaded before import = 0
Number of asset objects unloaded after import = 1
========================================================================
Received Import Request.
  Time since last request: 0.000016 seconds.
  path: Assets/PlayMaker/Actions/GameObject/HasComponent.cs
  artifactKey: Guid(a93e9c264d049b54f9e05bfd694ae14d) Importer(2089858483,0ecaa5967403d082aa24f35e1b516d23)
Start importing Assets/PlayMaker/Actions/GameObject/HasComponent.cs using Guid(a93e9c264d049b54f9e05bfd694ae14d) Importer(2089858483,0ecaa5967403d082aa24f35e1b516d23)  -> (artifact id: '4d30b57a1b67543e3c491670f194f17d') in 0.018668 seconds
Number of updated asset objects reloaded before import = 0
Number of asset objects unloaded after import = 1
========================================================================
Received Import Request.
  Time since last request: 0.000010 seconds.
  path: Assets/PlayMaker/Actions/Color/SelectRandomColor.cs
  artifactKey: Guid(a110ab751cd9f4c42a6ae9a6ce254280) Importer(2089858483,0ecaa5967403d082aa24f35e1b516d23)
Start importing Assets/PlayMaker/Actions/Color/SelectRandomColor.cs using Guid(a110ab751cd9f4c42a6ae9a6ce254280) Importer(2089858483,0ecaa5967403d082aa24f35e1b516d23)  -> (artifact id: '93e7d5e0869c426993589fb4245a3f30') in 0.013791 seconds
Number of updated asset objects reloaded before import = 0
Number of asset objects unloaded after import = 1
========================================================================
Received Import Request.
  Time since last request: 0.000009 seconds.
  path: Assets/PlayMaker/Actions/Debug/DebugFloat.cs
  artifactKey: Guid(f54725291271e644d8931a2b9a127486) Importer(2089858483,0ecaa5967403d082aa24f35e1b516d23)
Start importing Assets/PlayMaker/Actions/Debug/DebugFloat.cs using Guid(f54725291271e644d8931a2b9a127486) Importer(2089858483,0ecaa5967403d082aa24f35e1b516d23)  -> (artifact id: '6f044f4c3212a02db86fd86628560875') in 0.014624 seconds
Number of updated asset objects reloaded before import = 0
Number of asset objects unloaded after import = 1
========================================================================
Received Import Request.
  Time since last request: 0.000010 seconds.
  path: Assets/PlayMaker/Actions/Color/ColorInterpolate.cs
  artifactKey: Guid(1521b5e737c712a4aaa0130e5bbddd06) Importer(2089858483,0ecaa5967403d082aa24f35e1b516d23)
Start importing Assets/PlayMaker/Actions/Color/ColorInterpolate.cs using Guid(1521b5e737c712a4aaa0130e5bbddd06) Importer(2089858483,0ecaa5967403d082aa24f35e1b516d23)  -> (artifact id: '55c88e343f89ba87bf152a93a33caa11') in 0.014609 seconds
Number of updated asset objects reloaded before import = 0
Number of asset objects unloaded after import = 1
========================================================================
Received Import Request.
  Time since last request: 0.000081 seconds.
  path: Assets/PlayMaker/Actions/Device/DevicePlayFullScreenMovie.cs
  artifactKey: Guid(a4db7d99a54a59c47863f77a2301a3ed) Importer(2089858483,0ecaa5967403d082aa24f35e1b516d23)
Start importing Assets/PlayMaker/Actions/Device/DevicePlayFullScreenMovie.cs using Guid(a4db7d99a54a59c47863f77a2301a3ed) Importer(2089858483,0ecaa5967403d082aa24f35e1b516d23)  -> (artifact id: 'c4a1d1bbfc1a4e2eb13e39ad33a4bf89') in 0.014876 seconds
Number of updated asset objects reloaded before import = 0
Number of asset objects unloaded after import = 1
========================================================================
Received Import Request.
  Time since last request: 0.000010 seconds.
  path: Assets/PlayMaker/Actions/GUILayout/GUILayoutFlexibleSpace.cs
  artifactKey: Guid(a405bebdd5bfcb240afa2a953a244314) Importer(2089858483,0ecaa5967403d082aa24f35e1b516d23)
Start importing Assets/PlayMaker/Actions/GUILayout/GUILayoutFlexibleSpace.cs using Guid(a405bebdd5bfcb240afa2a953a244314) Importer(2089858483,0ecaa5967403d082aa24f35e1b516d23)  -> (artifact id: 'adf9d6b70438d8fa4901eee0e54d86c3') in 0.016429 seconds
Number of updated asset objects reloaded before import = 0
Number of asset objects unloaded after import = 1
========================================================================
Received Import Request.
  Time since last request: 0.000017 seconds.
  path: Assets/PlayMaker/Actions/Audio/SetAudioLoop.cs
  artifactKey: Guid(96e3a3f60d1f3a84f813e1ca3d19cfa9) Importer(2089858483,0ecaa5967403d082aa24f35e1b516d23)
Start importing Assets/PlayMaker/Actions/Audio/SetAudioLoop.cs using Guid(96e3a3f60d1f3a84f813e1ca3d19cfa9) Importer(2089858483,0ecaa5967403d082aa24f35e1b516d23)  -> (artifact id: 'a1e103f33ee0776f46e6745ca289172c') in 0.012193 seconds
Number of updated asset objects reloaded before import = 0
Number of asset objects unloaded after import = 1
========================================================================
Received Import Request.
  Time since last request: 0.000011 seconds.
  path: Assets/PlayMaker/Actions/Input/GetMouseButton.cs
  artifactKey: Guid(890d733aad46f3e4c98f7731b61caa97) Importer(2089858483,0ecaa5967403d082aa24f35e1b516d23)
Start importing Assets/PlayMaker/Actions/Input/GetMouseButton.cs using Guid(890d733aad46f3e4c98f7731b61caa97) Importer(2089858483,0ecaa5967403d082aa24f35e1b516d23)  -> (artifact id: '0136323663f2432fb80f76c94322d20a') in 0.014066 seconds
Number of updated asset objects reloaded before import = 0
Number of asset objects unloaded after import = 1
========================================================================
Received Import Request.
  Time since last request: 0.000016 seconds.
  path: Assets/PlayMaker/Actions/Debug/DrawDebugRay.cs
  artifactKey: Guid(408b1150e046afe418a4a54df0f31d2e) Importer(2089858483,0ecaa5967403d082aa24f35e1b516d23)
Start importing Assets/PlayMaker/Actions/Debug/DrawDebugRay.cs using Guid(408b1150e046afe418a4a54df0f31d2e) Importer(2089858483,0ecaa5967403d082aa24f35e1b516d23)  -> (artifact id: '0e133c4db189283c6c3998a6bad408e9') in 0.016082 seconds
Number of updated asset objects reloaded before import = 0
Number of asset objects unloaded after import = 1
========================================================================
Received Import Request.
  Time since last request: 0.000008 seconds.
  path: Assets/PlayMaker/Actions/GameObject/GetRandomChild.cs
  artifactKey: Guid(ef5bde52908514f4c897adef304536ca) Importer(2089858483,0ecaa5967403d082aa24f35e1b516d23)
Start importing Assets/PlayMaker/Actions/GameObject/GetRandomChild.cs using Guid(ef5bde52908514f4c897adef304536ca) Importer(2089858483,0ecaa5967403d082aa24f35e1b516d23)  -> (artifact id: '51626a4d35ef9dfe1feffbb444f674d8') in 0.014530 seconds
Number of updated asset objects reloaded before import = 0
Number of asset objects unloaded after import = 1
========================================================================
Received Import Request.
  Time since last request: 0.000024 seconds.
  path: Assets/PlayMaker/Actions/GameObject/GetDistance.cs
  artifactKey: Guid(428f92bb9c2f69b43a99266fa4930745) Importer(2089858483,0ecaa5967403d082aa24f35e1b516d23)
Start importing Assets/PlayMaker/Actions/GameObject/GetDistance.cs using Guid(428f92bb9c2f69b43a99266fa4930745) Importer(2089858483,0ecaa5967403d082aa24f35e1b516d23)  -> (artifact id: 'ace4e5803774b5f9be73297dfc040cc2') in 0.015032 seconds
Number of updated asset objects reloaded before import = 0
Number of asset objects unloaded after import = 1
========================================================================
Received Import Request.
  Time since last request: 0.000010 seconds.
  path: Assets/PlayMaker/Actions/GUILayout/GUILayoutSpace.cs
  artifactKey: Guid(cf27a70ac1ccdde4c974c9247dd005e8) Importer(2089858483,0ecaa5967403d082aa24f35e1b516d23)
Start importing Assets/PlayMaker/Actions/GUILayout/GUILayoutSpace.cs using Guid(cf27a70ac1ccdde4c974c9247dd005e8) Importer(2089858483,0ecaa5967403d082aa24f35e1b516d23)  -> (artifact id: '69f5cded5e2b6237d5619d980eae8d6f') in 0.015074 seconds
Number of updated asset objects reloaded before import = 0
Number of asset objects unloaded after import = 1
========================================================================
Received Import Request.
  Time since last request: 0.000010 seconds.
  path: Assets/PlayMaker/Actions/Device/StartLocationServiceUpdates.cs
  artifactKey: Guid(a2cd1b09e9c55ea44a57e9df022277c7) Importer(2089858483,0ecaa5967403d082aa24f35e1b516d23)
Start importing Assets/PlayMaker/Actions/Device/StartLocationServiceUpdates.cs using Guid(a2cd1b09e9c55ea44a57e9df022277c7) Importer(2089858483,0ecaa5967403d082aa24f35e1b516d23)  -> (artifact id: '746c11627c89c45eb97e52e3c5e2cf25') in 0.011144 seconds
Number of updated asset objects reloaded before import = 0
Number of asset objects unloaded after import = 1
========================================================================
Received Import Request.
  Time since last request: 0.000023 seconds.
  path: Assets/PlayMaker/Actions/Convert/ConvertIntToString.cs
  artifactKey: Guid(a57adc7ae10e64947af9dfd85a4b0b7b) Importer(2089858483,0ecaa5967403d082aa24f35e1b516d23)
Start importing Assets/PlayMaker/Actions/Convert/ConvertIntToString.cs using Guid(a57adc7ae10e64947af9dfd85a4b0b7b) Importer(2089858483,0ecaa5967403d082aa24f35e1b516d23)  -> (artifact id: 'ca8647fe832bafc9a85522b3bf62d1a7') in 0.014602 seconds
Number of updated asset objects reloaded before import = 0
Number of asset objects unloaded after import = 1
========================================================================
Received Import Request.
  Time since last request: 1.105247 seconds.
  path: Assets/PlayMaker/Actions/Level/DontDestroyOnLoad.cs
  artifactKey: Guid(5b09d34da3db2bb4f866c3eaf15a5a0c) Importer(2089858483,0ecaa5967403d082aa24f35e1b516d23)
Start importing Assets/PlayMaker/Actions/Level/DontDestroyOnLoad.cs using Guid(5b09d34da3db2bb4f866c3eaf15a5a0c) Importer(2089858483,0ecaa5967403d082aa24f35e1b516d23)  -> (artifact id: '69c71e3c3bef0c913c5b2d5730a88f38') in 0.019957 seconds
Number of updated asset objects reloaded before import = 0
Number of asset objects unloaded after import = 0
========================================================================
Received Import Request.
  Time since last request: 0.000046 seconds.
  path: Assets/PlayMaker/Actions/PlayerInput/PlayerInputGetVector2.cs
  artifactKey: Guid(65d06fec4dfc7a7488582761425ddca4) Importer(2089858483,0ecaa5967403d082aa24f35e1b516d23)
Start importing Assets/PlayMaker/Actions/PlayerInput/PlayerInputGetVector2.cs using Guid(65d06fec4dfc7a7488582761425ddca4) Importer(2089858483,0ecaa5967403d082aa24f35e1b516d23)  -> (artifact id: '16aa57cd4706633bfc222fecd2684193') in 0.014433 seconds
Number of updated asset objects reloaded before import = 0
Number of asset objects unloaded after import = 1
========================================================================
Received Import Request.
  Time since last request: 0.000011 seconds.
  path: Assets/PlayMaker/Actions/Physics2D/GetJointBreak2dInfo.cs
  artifactKey: Guid(eeba2151d9713fb4ea9dae19319c9c44) Importer(2089858483,0ecaa5967403d082aa24f35e1b516d23)
Start importing Assets/PlayMaker/Actions/Physics2D/GetJointBreak2dInfo.cs using Guid(eeba2151d9713fb4ea9dae19319c9c44) Importer(2089858483,0ecaa5967403d082aa24f35e1b516d23)  -> (artifact id: '390fc8819866121fa2e3c6530d15a889') in 0.015008 seconds
Number of updated asset objects reloaded before import = 0
Number of asset objects unloaded after import = 1
========================================================================
Received Import Request.
  Time since last request: 0.000016 seconds.
  path: Assets/PlayMaker/Actions/Logic/IntCompare.cs
  artifactKey: Guid(7fdc11c4458365e4397a1423b5c5d7aa) Importer(2089858483,0ecaa5967403d082aa24f35e1b516d23)
Start importing Assets/PlayMaker/Actions/Logic/IntCompare.cs using Guid(7fdc11c4458365e4397a1423b5c5d7aa) Importer(2089858483,0ecaa5967403d082aa24f35e1b516d23)  -> (artifact id: 'a5a5e790a94106ec2bada15269eac0ab') in 0.013504 seconds
Number of updated asset objects reloaded before import = 0
Number of asset objects unloaded after import = 1
========================================================================
Received Import Request.
  Time since last request: 0.000010 seconds.
  path: Assets/PlayMaker/Actions/PlayerPrefs/PlayerPrefsGetFloat.cs
  artifactKey: Guid(bf534bd8ced45417a8925edf2e9310c3) Importer(2089858483,0ecaa5967403d082aa24f35e1b516d23)
Start importing Assets/PlayMaker/Actions/PlayerPrefs/PlayerPrefsGetFloat.cs using Guid(bf534bd8ced45417a8925edf2e9310c3) Importer(2089858483,0ecaa5967403d082aa24f35e1b516d23)  -> (artifact id: 'a9ab7dfbd436571e09cc96bc7ed9d63c') in 0.014837 seconds
Number of updated asset objects reloaded before import = 0
Number of asset objects unloaded after import = 1
========================================================================
Received Import Request.
  Time since last request: 0.000012 seconds.
  path: Assets/PlayMaker/Actions/Quaternion/GetQuaternionMultipliedByQuaternion.cs
  artifactKey: Guid(4b09c7437bf4b46f7a7b0a2e0784df2b) Importer(2089858483,0ecaa5967403d082aa24f35e1b516d23)
Start importing Assets/PlayMaker/Actions/Quaternion/GetQuaternionMultipliedByQuaternion.cs using Guid(4b09c7437bf4b46f7a7b0a2e0784df2b) Importer(2089858483,0ecaa5967403d082aa24f35e1b516d23)  -> (artifact id: 'd5c44f552fddbfd32597b50e6ae3ddf9') in 0.012119 seconds
Number of updated asset objects reloaded before import = 0
Number of asset objects unloaded after import = 1
========================================================================
Received Import Request.
  Time since last request: 0.000009 seconds.
  path: Assets/PlayMaker/Actions/Logic/GameObjectIsVisibleToCamera.cs
  artifactKey: Guid(09bda5283e3a2924d8a4f7381f05fcbc) Importer(2089858483,0ecaa5967403d082aa24f35e1b516d23)
Start importing Assets/PlayMaker/Actions/Logic/GameObjectIsVisibleToCamera.cs using Guid(09bda5283e3a2924d8a4f7381f05fcbc) Importer(2089858483,0ecaa5967403d082aa24f35e1b516d23)  -> (artifact id: 'c6421d59f1ef49ef41cc52f829426fbd') in 0.013153 seconds
Number of updated asset objects reloaded before import = 0
Number of asset objects unloaded after import = 1
========================================================================
Received Import Request.
  Time since last request: 0.000010 seconds.
  path: Assets/PlayMaker/Actions/ProceduralMaterial/SetProceduralColor.cs
  artifactKey: Guid(eebd12105255908429bd2e1f76645756) Importer(2089858483,0ecaa5967403d082aa24f35e1b516d23)
Start importing Assets/PlayMaker/Actions/ProceduralMaterial/SetProceduralColor.cs using Guid(eebd12105255908429bd2e1f76645756) Importer(2089858483,0ecaa5967403d082aa24f35e1b516d23)  -> (artifact id: '593e0e8d7169e20d6da3c69bb537c5a4') in 0.015016 seconds
Number of updated asset objects reloaded before import = 0
Number of asset objects unloaded after import = 1
========================================================================
Received Import Request.
  Time since last request: 0.000010 seconds.
  path: Assets/PlayMaker/Actions/Quaternion/QuaternionRotateTowards.cs
  artifactKey: Guid(2eb0ae435013f4b73a5eade1acd952c7) Importer(2089858483,0ecaa5967403d082aa24f35e1b516d23)
Start importing Assets/PlayMaker/Actions/Quaternion/QuaternionRotateTowards.cs using Guid(2eb0ae435013f4b73a5eade1acd952c7) Importer(2089858483,0ecaa5967403d082aa24f35e1b516d23)  -> (artifact id: 'b01ae49d3b317a84128346f4e803d4e5') in 0.015621 seconds
Number of updated asset objects reloaded before import = 0
Number of asset objects unloaded after import = 1
========================================================================
Received Import Request.
  Time since last request: 0.000009 seconds.
  path: Assets/PlayMaker/Actions/Math/FloatOperator.cs
  artifactKey: Guid(9ce19b54bb8fac84f887039b47e758ec) Importer(2089858483,0ecaa5967403d082aa24f35e1b516d23)
Start importing Assets/PlayMaker/Actions/Math/FloatOperator.cs using Guid(9ce19b54bb8fac84f887039b47e758ec) Importer(2089858483,0ecaa5967403d082aa24f35e1b516d23)  -> (artifact id: '05b75b3245b6b7853c8cbb710c59f5bd') in 0.012086 seconds
Number of updated asset objects reloaded before import = 0
Number of asset objects unloaded after import = 1
========================================================================
Received Import Request.
  Time since last request: 0.000010 seconds.
  path: Assets/PlayMaker/Actions/Math/Vector2RandomValue.cs
  artifactKey: Guid(8c5542e41f8fd7d4caa8b2cd3ffb0cd8) Importer(2089858483,0ecaa5967403d082aa24f35e1b516d23)
Start importing Assets/PlayMaker/Actions/Math/Vector2RandomValue.cs using Guid(8c5542e41f8fd7d4caa8b2cd3ffb0cd8) Importer(2089858483,0ecaa5967403d082aa24f35e1b516d23)  -> (artifact id: '0e0d79df975310cb732a103edd28baf9') in 0.014005 seconds
Number of updated asset objects reloaded before import = 0
Number of asset objects unloaded after import = 1
========================================================================
Received Import Request.
  Time since last request: 0.000010 seconds.
  path: Assets/PlayMaker/Actions/Physics/Explosion.cs
  artifactKey: Guid(1c95111a2f820ea4db52a880cefdf3d4) Importer(2089858483,0ecaa5967403d082aa24f35e1b516d23)
Start importing Assets/PlayMaker/Actions/Physics/Explosion.cs using Guid(1c95111a2f820ea4db52a880cefdf3d4) Importer(2089858483,0ecaa5967403d082aa24f35e1b516d23)  -> (artifact id: '3a49cb01d0d04db5c9294030a25a885d') in 0.013921 seconds
Number of updated asset objects reloaded before import = 0
Number of asset objects unloaded after import = 1
========================================================================
Received Import Request.
  Time since last request: 0.000033 seconds.
  path: Assets/PlayMaker/Actions/Physics/GetRaycastHitInfo.cs
  artifactKey: Guid(c5e7185b5f18b7548800c0ab7d5c3cae) Importer(2089858483,0ecaa5967403d082aa24f35e1b516d23)
Start importing Assets/PlayMaker/Actions/Physics/GetRaycastHitInfo.cs using Guid(c5e7185b5f18b7548800c0ab7d5c3cae) Importer(2089858483,0ecaa5967403d082aa24f35e1b516d23)  -> (artifact id: '0a7f0ccf45896aa2aecdbd3b49fbcaa5') in 0.014792 seconds
Number of updated asset objects reloaded before import = 0
Number of asset objects unloaded after import = 1
========================================================================
Received Import Request.
  Time since last request: 0.000033 seconds.
  path: Assets/PlayMaker/Actions/Physics2D/Collision2dEvent.cs
  artifactKey: Guid(3fe37d4f2887249fbacdb30745b10d5f) Importer(2089858483,0ecaa5967403d082aa24f35e1b516d23)
Start importing Assets/PlayMaker/Actions/Physics2D/Collision2dEvent.cs using Guid(3fe37d4f2887249fbacdb30745b10d5f) Importer(2089858483,0ecaa5967403d082aa24f35e1b516d23)  -> (artifact id: '23020dbe1b56ca90a3f5197ff95fb0d7') in 0.015757 seconds
Number of updated asset objects reloaded before import = 0
Number of asset objects unloaded after import = 1
========================================================================
Received Import Request.
  Time since last request: 0.000010 seconds.
  path: Assets/PlayMaker/Actions/Physics/SetIsKinematic.cs
  artifactKey: Guid(a6f45b23344dd264e83751bb05e0d8b0) Importer(2089858483,0ecaa5967403d082aa24f35e1b516d23)
Start importing Assets/PlayMaker/Actions/Physics/SetIsKinematic.cs using Guid(a6f45b23344dd264e83751bb05e0d8b0) Importer(2089858483,0ecaa5967403d082aa24f35e1b516d23)  -> (artifact id: '9f25666f9b562939a4fba5f2e1bb65ca') in 0.014528 seconds
Number of updated asset objects reloaded before import = 0
Number of asset objects unloaded after import = 1
========================================================================
Received Import Request.
  Time since last request: 0.000009 seconds.
  path: Assets/PlayMaker/Actions/PlayerPrefs/PlayerPrefsGetString.cs
  artifactKey: Guid(4de2a775c6f1e46be8ac874a0c4d6d7d) Importer(2089858483,0ecaa5967403d082aa24f35e1b516d23)
Start importing Assets/PlayMaker/Actions/PlayerPrefs/PlayerPrefsGetString.cs using Guid(4de2a775c6f1e46be8ac874a0c4d6d7d) Importer(2089858483,0ecaa5967403d082aa24f35e1b516d23)  -> (artifact id: '81bf610df23d005ad67ee59bda059f5e') in 0.015298 seconds
Number of updated asset objects reloaded before import = 0
Number of asset objects unloaded after import = 1
========================================================================
Received Import Request.
  Time since last request: 0.000010 seconds.
  path: Assets/PlayMaker/Actions/Physics2D/GetTrigger2dInfo.cs
  artifactKey: Guid(4720828ffbc044f9aad6b1b164bc38eb) Importer(2089858483,0ecaa5967403d082aa24f35e1b516d23)
Start importing Assets/PlayMaker/Actions/Physics2D/GetTrigger2dInfo.cs using Guid(4720828ffbc044f9aad6b1b164bc38eb) Importer(2089858483,0ecaa5967403d082aa24f35e1b516d23)  -> (artifact id: 'ad8203e26f1c88da759f644a903ef356') in 0.015070 seconds
Number of updated asset objects reloaded before import = 0
Number of asset objects unloaded after import = 1
========================================================================
Received Import Request.
  Time since last request: 0.000008 seconds.
  path: Assets/PlayMaker/Actions/ProceduralMaterial/SetProceduralVector3.cs
  artifactKey: Guid(4c9abc4f7f7b4e543b68375ab53b48f2) Importer(2089858483,0ecaa5967403d082aa24f35e1b516d23)
Start importing Assets/PlayMaker/Actions/ProceduralMaterial/SetProceduralVector3.cs using Guid(4c9abc4f7f7b4e543b68375ab53b48f2) Importer(2089858483,0ecaa5967403d082aa24f35e1b516d23)  -> (artifact id: 'a77ce1ee14fe6e05efd479bda006e918') in 0.014704 seconds
Number of updated asset objects reloaded before import = 0
Number of asset objects unloaded after import = 1
========================================================================
Received Import Request.
  Time since last request: 0.000010 seconds.
  path: Assets/PlayMaker/Actions/Material/SetMaterialFloat.cs
  artifactKey: Guid(dc52acf5cae52fa489222cdac12fed77) Importer(2089858483,0ecaa5967403d082aa24f35e1b516d23)
Start importing Assets/PlayMaker/Actions/Material/SetMaterialFloat.cs using Guid(dc52acf5cae52fa489222cdac12fed77) Importer(2089858483,0ecaa5967403d082aa24f35e1b516d23)  -> (artifact id: '6ce4b9dca038efe3eebb9041e770850a') in 0.012616 seconds
Number of updated asset objects reloaded before import = 0
Number of asset objects unloaded after import = 1
========================================================================
Received Import Request.
  Time since last request: 0.000014 seconds.
  path: Assets/PlayMaker/Actions/Physics2D/AddForce2d.cs
  artifactKey: Guid(eaf0f3ed6b5d242d9af3ee4525911244) Importer(2089858483,0ecaa5967403d082aa24f35e1b516d23)
Start importing Assets/PlayMaker/Actions/Physics2D/AddForce2d.cs using Guid(eaf0f3ed6b5d242d9af3ee4525911244) Importer(2089858483,0ecaa5967403d082aa24f35e1b516d23)  -> (artifact id: 'b828584b0707d7d80e6cd1afa056e5d8') in 0.014188 seconds
Number of updated asset objects reloaded before import = 0
Number of asset objects unloaded after import = 1
========================================================================
Received Import Request.
  Time since last request: 0.000010 seconds.
  path: Assets/PlayMaker/Actions/Physics2D/IsSleeping2d.cs
  artifactKey: Guid(9ad0f181793d744abbfb5f25ef0cf183) Importer(2089858483,0ecaa5967403d082aa24f35e1b516d23)
Start importing Assets/PlayMaker/Actions/Physics2D/IsSleeping2d.cs using Guid(9ad0f181793d744abbfb5f25ef0cf183) Importer(2089858483,0ecaa5967403d082aa24f35e1b516d23)  -> (artifact id: '0f2efb0bf963effa68e31379691fae41') in 0.015431 seconds
Number of updated asset objects reloaded before import = 0
Number of asset objects unloaded after import = 1
========================================================================
Received Import Request.
  Time since last request: 0.000010 seconds.
  path: Assets/PlayMaker/Actions/Rect/RectOverlaps.cs
  artifactKey: Guid(28b208024f55972479e3c39902c27282) Importer(2089858483,0ecaa5967403d082aa24f35e1b516d23)
Start importing Assets/PlayMaker/Actions/Rect/RectOverlaps.cs using Guid(28b208024f55972479e3c39902c27282) Importer(2089858483,0ecaa5967403d082aa24f35e1b516d23)  -> (artifact id: '625fd721848a63f8e780e942f031f28b') in 0.014895 seconds
Number of updated asset objects reloaded before import = 0
Number of asset objects unloaded after import = 1
========================================================================
Received Import Request.
  Time since last request: 0.000015 seconds.
  path: Assets/PlayMaker/Actions/Physics2D/Touch Object 2d Event.cs
  artifactKey: Guid(a6627f26893aa4ef2a2e9b51d93efbda) Importer(2089858483,0ecaa5967403d082aa24f35e1b516d23)
Start importing Assets/PlayMaker/Actions/Physics2D/Touch Object 2d Event.cs using Guid(a6627f26893aa4ef2a2e9b51d93efbda) Importer(2089858483,0ecaa5967403d082aa24f35e1b516d23)  -> (artifact id: '299b161ef7b895b1611a103c814c7f64') in 0.013533 seconds
Number of updated asset objects reloaded before import = 0
Number of asset objects unloaded after import = 1
========================================================================
Received Import Request.
  Time since last request: 0.000008 seconds.
  path: Assets/PlayMaker/Actions/PlayerInput/PlayerInputEnableActionMap.cs
  artifactKey: Guid(febd16f3c68005640821d0e13cb4d197) Importer(2089858483,0ecaa5967403d082aa24f35e1b516d23)
Start importing Assets/PlayMaker/Actions/PlayerInput/PlayerInputEnableActionMap.cs using Guid(febd16f3c68005640821d0e13cb4d197) Importer(2089858483,0ecaa5967403d082aa24f35e1b516d23)  -> (artifact id: 'c36c401b422bd39518f250873fce0779') in 0.017553 seconds
Number of updated asset objects reloaded before import = 0
Number of asset objects unloaded after import = 1
========================================================================
Received Import Request.
  Time since last request: 0.000018 seconds.
  path: Assets/PlayMaker/Actions/Logic/StringSwitch.cs
  artifactKey: Guid(75c736ea0ec04004fbd1ec30b144f0cf) Importer(2089858483,0ecaa5967403d082aa24f35e1b516d23)
Start importing Assets/PlayMaker/Actions/Logic/StringSwitch.cs using Guid(75c736ea0ec04004fbd1ec30b144f0cf) Importer(2089858483,0ecaa5967403d082aa24f35e1b516d23)  -> (artifact id: 'fef1ea812947e10fda4248a1e164e53b') in 0.014650 seconds
Number of updated asset objects reloaded before import = 0
Number of asset objects unloaded after import = 1
========================================================================
Received Import Request.
  Time since last request: 0.000010 seconds.
  path: Assets/PlayMaker/Actions/Logic/FsmHasVariable.cs
  artifactKey: Guid(e3487f412e56e924babb83343bbca8c0) Importer(2089858483,0ecaa5967403d082aa24f35e1b516d23)
Start importing Assets/PlayMaker/Actions/Logic/FsmHasVariable.cs using Guid(e3487f412e56e924babb83343bbca8c0) Importer(2089858483,0ecaa5967403d082aa24f35e1b516d23)  -> (artifact id: 'a805f11d9df1d7eeb904d0c5b23b4cf5') in 0.016501 seconds
Number of updated asset objects reloaded before import = 0
Number of asset objects unloaded after import = 0
========================================================================
Received Import Request.
  Time since last request: 0.000010 seconds.
  path: Assets/PlayMaker/Actions/Math/IntSubtract.cs
  artifactKey: Guid(90d0c10bdf5032f4aad6c4a82677c411) Importer(2089858483,0ecaa5967403d082aa24f35e1b516d23)
Start importing Assets/PlayMaker/Actions/Math/IntSubtract.cs using Guid(90d0c10bdf5032f4aad6c4a82677c411) Importer(2089858483,0ecaa5967403d082aa24f35e1b516d23)  -> (artifact id: '392085bc39facdfb4387bf83544635e6') in 0.015211 seconds
Number of updated asset objects reloaded before import = 0
Number of asset objects unloaded after import = 1
========================================================================
Received Import Request.
  Time since last request: 0.000009 seconds.
  path: Assets/PlayMaker/Actions/Material/SetMaterialValue.cs
  artifactKey: Guid(660466d2d6aeeb34083e3da0bf8cd98d) Importer(2089858483,0ecaa5967403d082aa24f35e1b516d23)
Start importing Assets/PlayMaker/Actions/Material/SetMaterialValue.cs using Guid(660466d2d6aeeb34083e3da0bf8cd98d) Importer(2089858483,0ecaa5967403d082aa24f35e1b516d23)  -> (artifact id: '3e2e05cbc73f1aed7c740dab9f7389bc') in 0.019316 seconds
Number of updated asset objects reloaded before import = 0
Number of asset objects unloaded after import = 1
========================================================================
Received Import Request.
  Time since last request: 0.892797 seconds.
  path: Assets/PlayMaker/Actions/RectTransform/RectTransformGetAnchorMax.cs
  artifactKey: Guid(62c4fca36b7724c0492d4338dadfd69a) Importer(2089858483,0ecaa5967403d082aa24f35e1b516d23)
Start importing Assets/PlayMaker/Actions/RectTransform/RectTransformGetAnchorMax.cs using Guid(62c4fca36b7724c0492d4338dadfd69a) Importer(2089858483,0ecaa5967403d082aa24f35e1b516d23)  -> (artifact id: 'ca4e8e46f57e261778aee56034744401') in 0.028898 seconds
Number of updated asset objects reloaded before import = 0
Number of asset objects unloaded after import = 1
========================================================================
Received Import Request.
  Time since last request: 0.000010 seconds.
  path: Assets/PlayMaker/Actions/String/StringJoin.cs
  artifactKey: Guid(ff2052e658b1be04ca6150645fb86e20) Importer(2089858483,0ecaa5967403d082aa24f35e1b516d23)
Start importing Assets/PlayMaker/Actions/String/StringJoin.cs using Guid(ff2052e658b1be04ca6150645fb86e20) Importer(2089858483,0ecaa5967403d082aa24f35e1b516d23)  -> (artifact id: '142f71d5ef11e04033f3a5ed784c245b') in 0.010783 seconds
Number of updated asset objects reloaded before import = 0
Number of asset objects unloaded after import = 1
========================================================================
Received Import Request.
  Time since last request: 0.000009 seconds.
  path: Assets/PlayMaker/Actions/RectTransform/RectTransformGetSizeDelta.cs
  artifactKey: Guid(528fc693ed7c24a83a122d54ca5bfe5a) Importer(2089858483,0ecaa5967403d082aa24f35e1b516d23)
Start importing Assets/PlayMaker/Actions/RectTransform/RectTransformGetSizeDelta.cs using Guid(528fc693ed7c24a83a122d54ca5bfe5a) Importer(2089858483,0ecaa5967403d082aa24f35e1b516d23)  -> (artifact id: '429f0dc8415389b2caba647411a506bd') in 0.015413 seconds
Number of updated asset objects reloaded before import = 0
Number of asset objects unloaded after import = 1
========================================================================
Received Import Request.
  Time since last request: 0.000047 seconds.
  path: Assets/PlayMaker/Actions/SceneManager/SetActiveScene.cs
  artifactKey: Guid(be6a8393d2b754f708a4e2f8f640d475) Importer(2089858483,0ecaa5967403d082aa24f35e1b516d23)
Start importing Assets/PlayMaker/Actions/SceneManager/SetActiveScene.cs using Guid(be6a8393d2b754f708a4e2f8f640d475) Importer(2089858483,0ecaa5967403d082aa24f35e1b516d23)  -> (artifact id: '4a8d854201618b8dd1ff168af6fe902f') in 0.012419 seconds
Number of updated asset objects reloaded before import = 0
Number of asset objects unloaded after import = 1
========================================================================
Received Import Request.
  Time since last request: 0.000010 seconds.
  path: Assets/PlayMaker/Actions/Trigonometry/GetAtan.cs
  artifactKey: Guid(688a06197f3c54d278275cf084d6768e) Importer(2089858483,0ecaa5967403d082aa24f35e1b516d23)
Start importing Assets/PlayMaker/Actions/Trigonometry/GetAtan.cs using Guid(688a06197f3c54d278275cf084d6768e) Importer(2089858483,0ecaa5967403d082aa24f35e1b516d23)  -> (artifact id: 'eecd3fe816d4d323eaed5c95c750f8fe') in 0.012975 seconds
Number of updated asset objects reloaded before import = 0
Number of asset objects unloaded after import = 1
========================================================================
Received Import Request.
  Time since last request: 0.000017 seconds.
  path: Assets/PlayMaker/Actions/UI/UiInputFieldGetSelectionColor.cs
  artifactKey: Guid(6cbbae6dd992ade4b880005c3b00d907) Importer(2089858483,0ecaa5967403d082aa24f35e1b516d23)
Start importing Assets/PlayMaker/Actions/UI/UiInputFieldGetSelectionColor.cs using Guid(6cbbae6dd992ade4b880005c3b00d907) Importer(2089858483,0ecaa5967403d082aa24f35e1b516d23)  -> (artifact id: '51651c2d2c162e6da708526a61ad37a8') in 0.013408 seconds
Number of updated asset objects reloaded before import = 0
Number of asset objects unloaded after import = 1
========================================================================
Received Import Request.
  Time since last request: 0.000010 seconds.
  path: Assets/PlayMaker/Actions/Tween/TweenUiSize.cs
  artifactKey: Guid(22392a7f3865bd243a8b4cb1df4db84a) Importer(2089858483,0ecaa5967403d082aa24f35e1b516d23)
Start importing Assets/PlayMaker/Actions/Tween/TweenUiSize.cs using Guid(22392a7f3865bd243a8b4cb1df4db84a) Importer(2089858483,0ecaa5967403d082aa24f35e1b516d23)  -> (artifact id: 'ccab94bb6d67e563499b884876db5ba9') in 0.012447 seconds
Number of updated asset objects reloaded before import = 0
Number of asset objects unloaded after import = 1
========================================================================
Received Import Request.
  Time since last request: 0.000011 seconds.
  path: Assets/PlayMaker/Actions/UI/UiInputFieldSetPlaceHolder.cs
  artifactKey: Guid(ee53ec9d117b3154a804f777ac896f77) Importer(2089858483,0ecaa5967403d082aa24f35e1b516d23)
Start importing Assets/PlayMaker/Actions/UI/UiInputFieldSetPlaceHolder.cs using Guid(ee53ec9d117b3154a804f777ac896f77) Importer(2089858483,0ecaa5967403d082aa24f35e1b516d23)  -> (artifact id: 'cd4f1dec3322269b61e29e71e8656aa4') in 0.015231 seconds
Number of updated asset objects reloaded before import = 0
Number of asset objects unloaded after import = 1
========================================================================
Received Import Request.
  Time since last request: 0.000013 seconds.
  path: Assets/PlayMaker/Actions/Vector3/GetVectorLength.cs
  artifactKey: Guid(b0aa280b551a53342be23052e8e3953e) Importer(2089858483,0ecaa5967403d082aa24f35e1b516d23)
Start importing Assets/PlayMaker/Actions/Vector3/GetVectorLength.cs using Guid(b0aa280b551a53342be23052e8e3953e) Importer(2089858483,0ecaa5967403d082aa24f35e1b516d23)  -> (artifact id: 'acdea9b942c169b13be57e68d4ac0dfb') in 0.013089 seconds
Number of updated asset objects reloaded before import = 0
Number of asset objects unloaded after import = 1
========================================================================
Received Import Request.
  Time since last request: 0.000008 seconds.
  path: Assets/PlayMaker/Actions/SceneManager/CreateScene.cs
  artifactKey: Guid(fba62adf50a5b4e649873bcc688cf19f) Importer(2089858483,0ecaa5967403d082aa24f35e1b516d23)
Start importing Assets/PlayMaker/Actions/SceneManager/CreateScene.cs using Guid(fba62adf50a5b4e649873bcc688cf19f) Importer(2089858483,0ecaa5967403d082aa24f35e1b516d23)  -> (artifact id: '664df8b00815a766fa67691f825d0b4c') in 0.013003 seconds
Number of updated asset objects reloaded before import = 0
Number of asset objects unloaded after import = 1
========================================================================
Received Import Request.
  Time since last request: 0.000009 seconds.
  path: Assets/PlayMaker/Actions/SceneManager/GetSceneCountInBuildSettings.cs
  artifactKey: Guid(30805f14963c34b0dadca580c4e8b6fe) Importer(2089858483,0ecaa5967403d082aa24f35e1b516d23)
Start importing Assets/PlayMaker/Actions/SceneManager/GetSceneCountInBuildSettings.cs using Guid(30805f14963c34b0dadca580c4e8b6fe) Importer(2089858483,0ecaa5967403d082aa24f35e1b516d23)  -> (artifact id: '00ceb1a77951cb723511261f4df0204e') in 0.016869 seconds
Number of updated asset objects reloaded before import = 0
Number of asset objects unloaded after import = 1
========================================================================
Received Import Request.
  Time since last request: 0.000010 seconds.
  path: Assets/PlayMaker/Actions/StateMachine/GetFsmQuaternion.cs
  artifactKey: Guid(d079cd4867c36e54faf57b52c0c7e4ee) Importer(2089858483,0ecaa5967403d082aa24f35e1b516d23)
Start importing Assets/PlayMaker/Actions/StateMachine/GetFsmQuaternion.cs using Guid(d079cd4867c36e54faf57b52c0c7e4ee) Importer(2089858483,0ecaa5967403d082aa24f35e1b516d23)  -> (artifact id: 'a0905172da03f34156c4a07bb9f4b65b') in 0.014759 seconds
Number of updated asset objects reloaded before import = 0
Number of asset objects unloaded after import = 1
========================================================================
Received Import Request.
  Time since last request: 0.000009 seconds.
  path: Assets/PlayMaker/Actions/UI/UiScrollRectSetHorizontal.cs
  artifactKey: Guid(36c1bdfd5b8caf6418910552a7b42e82) Importer(2089858483,0ecaa5967403d082aa24f35e1b516d23)
Start importing Assets/PlayMaker/Actions/UI/UiScrollRectSetHorizontal.cs using Guid(36c1bdfd5b8caf6418910552a7b42e82) Importer(2089858483,0ecaa5967403d082aa24f35e1b516d23)  -> (artifact id: '4f12b468c5c22cf1fe6e6c82a292883e') in 0.014013 seconds
Number of updated asset objects reloaded before import = 0
Number of asset objects unloaded after import = 1
========================================================================
Received Import Request.
  Time since last request: 0.000010 seconds.
  path: Assets/PlayMaker/Actions/Transform/TransformPoint.cs
  artifactKey: Guid(bc14805ab1b72f74a91e1f9e58ca6a91) Importer(2089858483,0ecaa5967403d082aa24f35e1b516d23)
Start importing Assets/PlayMaker/Actions/Transform/TransformPoint.cs using Guid(bc14805ab1b72f74a91e1f9e58ca6a91) Importer(2089858483,0ecaa5967403d082aa24f35e1b516d23)  -> (artifact id: '7225efcbb8d8a87d01f04e80232cd031') in 0.014780 seconds
Number of updated asset objects reloaded before import = 0
Number of asset objects unloaded after import = 1
========================================================================
Received Import Request.
  Time since last request: 0.000019 seconds.
  path: Assets/PlayMaker/Actions/RenderSettings/SetSkybox.cs
  artifactKey: Guid(928fc049037e6ed449289cc393fbc2c0) Importer(2089858483,0ecaa5967403d082aa24f35e1b516d23)
Start importing Assets/PlayMaker/Actions/RenderSettings/SetSkybox.cs using Guid(928fc049037e6ed449289cc393fbc2c0) Importer(2089858483,0ecaa5967403d082aa24f35e1b516d23)  -> (artifact id: 'd68bc0f888b7d55bba20cd626840c3d2') in 0.015107 seconds
Number of updated asset objects reloaded before import = 0
Number of asset objects unloaded after import = 1
========================================================================
Received Import Request.
  Time since last request: 0.000008 seconds.
  path: Assets/PlayMaker/Actions/StateMachine/Loop.cs
  artifactKey: Guid(7ad66ef640f467d46afc691a3f544e62) Importer(2089858483,0ecaa5967403d082aa24f35e1b516d23)
Start importing Assets/PlayMaker/Actions/StateMachine/Loop.cs using Guid(7ad66ef640f467d46afc691a3f544e62) Importer(2089858483,0ecaa5967403d082aa24f35e1b516d23)  -> (artifact id: 'd4ae6230c78a52afaca59f464d0f8f3b') in 0.014789 seconds
Number of updated asset objects reloaded before import = 0
Number of asset objects unloaded after import = 1
========================================================================
Received Import Request.
  Time since last request: 0.000011 seconds.
  path: Assets/PlayMaker/Actions/SceneManager/AllowSceneActivation.cs
  artifactKey: Guid(911d2fa2643584b6db0943fe49dbfff4) Importer(2089858483,0ecaa5967403d082aa24f35e1b516d23)
Start importing Assets/PlayMaker/Actions/SceneManager/AllowSceneActivation.cs using Guid(911d2fa2643584b6db0943fe49dbfff4) Importer(2089858483,0ecaa5967403d082aa24f35e1b516d23)  -> (artifact id: '470357c325146954b03ec22fc7a284a5') in 0.013252 seconds
Number of updated asset objects reloaded before import = 0
Number of asset objects unloaded after import = 1
========================================================================
Received Import Request.
  Time since last request: 0.000009 seconds.
  path: Assets/PlayMaker/Actions/ScriptControl/AxisEvent.cs
  artifactKey: Guid(8d4cd11ae3f42fd4e9a59b650d252475) Importer(2089858483,0ecaa5967403d082aa24f35e1b516d23)
Start importing Assets/PlayMaker/Actions/ScriptControl/AxisEvent.cs using Guid(8d4cd11ae3f42fd4e9a59b650d252475) Importer(2089858483,0ecaa5967403d082aa24f35e1b516d23)  -> (artifact id: '1d155db5a75aba266ec2d3e3d64cc256') in 0.012342 seconds
Number of updated asset objects reloaded before import = 0
Number of asset objects unloaded after import = 1
========================================================================
Received Import Request.
  Time since last request: 0.000011 seconds.
  path: Assets/PlayMaker/Actions/StateMachine/GetLastEvent.cs
  artifactKey: Guid(7f812896d24109f44959a5f3cb41bb5f) Importer(2089858483,0ecaa5967403d082aa24f35e1b516d23)
Start importing Assets/PlayMaker/Actions/StateMachine/GetLastEvent.cs using Guid(7f812896d24109f44959a5f3cb41bb5f) Importer(2089858483,0ecaa5967403d082aa24f35e1b516d23)  -> (artifact id: '9ad54f10f3adeab5dc3d7ff07ce3ad0b') in 0.013468 seconds
Number of updated asset objects reloaded before import = 0
Number of asset objects unloaded after import = 1
========================================================================
Received Import Request.
  Time since last request: 0.000009 seconds.
  path: Assets/PlayMaker/Actions/Tween/TweenUiPosition.cs
  artifactKey: Guid(fee67bc5a5046a24fa4fea90f6a37f74) Importer(2089858483,0ecaa5967403d082aa24f35e1b516d23)
Start importing Assets/PlayMaker/Actions/Tween/TweenUiPosition.cs using Guid(fee67bc5a5046a24fa4fea90f6a37f74) Importer(2089858483,0ecaa5967403d082aa24f35e1b516d23)  -> (artifact id: 'd464dd342edfa7a8e9987654aadd1777') in 0.011692 seconds
Number of updated asset objects reloaded before import = 0
Number of asset objects unloaded after import = 1
========================================================================
Received Import Request.
  Time since last request: 0.000008 seconds.
  path: Assets/PlayMaker/Actions/Tween/TweenCamera.cs
  artifactKey: Guid(78340868806a74043a4184e4440040e7) Importer(2089858483,0ecaa5967403d082aa24f35e1b516d23)
Start importing Assets/PlayMaker/Actions/Tween/TweenCamera.cs using Guid(78340868806a74043a4184e4440040e7) Importer(2089858483,0ecaa5967403d082aa24f35e1b516d23)  -> (artifact id: '75cd96efed85b1972602a799e7ba412a') in 0.015870 seconds
Number of updated asset objects reloaded before import = 0
Number of asset objects unloaded after import = 1
========================================================================
Received Import Request.
  Time since last request: 0.000010 seconds.
  path: Assets/PlayMaker/Actions/StateMachine/FinishFSM.cs
  artifactKey: Guid(42de3c028956f4445a0afbc09ec326ae) Importer(2089858483,0ecaa5967403d082aa24f35e1b516d23)
Start importing Assets/PlayMaker/Actions/StateMachine/FinishFSM.cs using Guid(42de3c028956f4445a0afbc09ec326ae) Importer(2089858483,0ecaa5967403d082aa24f35e1b516d23)  -> (artifact id: '7056346d2f439a96ca2bf280e44e3d3f') in 0.012935 seconds
Number of updated asset objects reloaded before import = 0
Number of asset objects unloaded after import = 1
========================================================================
Received Import Request.
  Time since last request: 0.000011 seconds.
  path: Assets/PlayMaker/Actions/Vector2/Vector2ClampMagnitude.cs
  artifactKey: Guid(78f25a93b238b4689a94fc24a8a3a596) Importer(2089858483,0ecaa5967403d082aa24f35e1b516d23)
Start importing Assets/PlayMaker/Actions/Vector2/Vector2ClampMagnitude.cs using Guid(78f25a93b238b4689a94fc24a8a3a596) Importer(2089858483,0ecaa5967403d082aa24f35e1b516d23)  -> (artifact id: '7fa15f2fbd51f7f2bc0b95624433d024') in 0.014839 seconds
Number of updated asset objects reloaded before import = 0
Number of asset objects unloaded after import = 1
========================================================================
Received Import Request.
  Time since last request: 0.000030 seconds.
  path: Assets/PlayMaker/Actions/String/GetStringLeft.cs
  artifactKey: Guid(199c773473d95214b8c31de51d14dbd0) Importer(2089858483,0ecaa5967403d082aa24f35e1b516d23)
Start importing Assets/PlayMaker/Actions/String/GetStringLeft.cs using Guid(199c773473d95214b8c31de51d14dbd0) Importer(2089858483,0ecaa5967403d082aa24f35e1b516d23)  -> (artifact id: '4f32d524ce6316cdabde0dc666994f95') in 0.014918 seconds
Number of updated asset objects reloaded before import = 0
Number of asset objects unloaded after import = 1
========================================================================
Received Import Request.
  Time since last request: 0.000009 seconds.
  path: Assets/PlayMaker/Actions/RenderSettings/EnableFog.cs
  artifactKey: Guid(d36d3bc3048b4bc4c88d96241817350f) Importer(2089858483,0ecaa5967403d082aa24f35e1b516d23)
Start importing Assets/PlayMaker/Actions/RenderSettings/EnableFog.cs using Guid(d36d3bc3048b4bc4c88d96241817350f) Importer(2089858483,0ecaa5967403d082aa24f35e1b516d23)  -> (artifact id: '9786465463214b037d3691bea8339b6b') in 0.013676 seconds
Number of updated asset objects reloaded before import = 0
Number of asset objects unloaded after import = 1
========================================================================
Received Import Request.
  Time since last request: 0.000012 seconds.
  path: Assets/PlayMaker/Actions/SceneManager/SendSceneUnLoadedEvent.cs
  artifactKey: Guid(c656b1a45e24746639c434a7daaddb6e) Importer(2089858483,0ecaa5967403d082aa24f35e1b516d23)
Start importing Assets/PlayMaker/Actions/SceneManager/SendSceneUnLoadedEvent.cs using Guid(c656b1a45e24746639c434a7daaddb6e) Importer(2089858483,0ecaa5967403d082aa24f35e1b516d23)  -> (artifact id: '6a3aebefb0f076a91ebfee513a70098d') in 0.016102 seconds
Number of updated asset objects reloaded before import = 0
Number of asset objects unloaded after import = 1
========================================================================
Received Import Request.
  Time since last request: 0.000009 seconds.
  path: Assets/PlayMaker/Actions/Tween/TweenPunch.cs
  artifactKey: Guid(6f714b8da7d64744fbdda3ec0a7e15f4) Importer(2089858483,0ecaa5967403d082aa24f35e1b516d23)
Start importing Assets/PlayMaker/Actions/Tween/TweenPunch.cs using Guid(6f714b8da7d64744fbdda3ec0a7e15f4) Importer(2089858483,0ecaa5967403d082aa24f35e1b516d23)  -> (artifact id: '5919fda34893af7e4d19b91409b9f239') in 0.011897 seconds
Number of updated asset objects reloaded before import = 0
Number of asset objects unloaded after import = 1
========================================================================
Received Import Request.
  Time since last request: 0.000023 seconds.
  path: Assets/PlayMaker/Actions/StateMachine/GetFsmColor.cs
  artifactKey: Guid(1dce27cb44453b74380717775cbf4bcf) Importer(2089858483,0ecaa5967403d082aa24f35e1b516d23)
Start importing Assets/PlayMaker/Actions/StateMachine/GetFsmColor.cs using Guid(1dce27cb44453b74380717775cbf4bcf) Importer(2089858483,0ecaa5967403d082aa24f35e1b516d23)  -> (artifact id: '42c76e96309999882baa92c48fe2e243') in 0.014163 seconds
Number of updated asset objects reloaded before import = 0
Number of asset objects unloaded after import = 1
========================================================================
Received Import Request.
  Time since last request: 0.000009 seconds.
  path: Assets/PlayMaker/Actions/StateMachine/GetFsmObject.cs
  artifactKey: Guid(0cbb971dcad5dfe41ba207cf8ddf10e8) Importer(2089858483,0ecaa5967403d082aa24f35e1b516d23)
Start importing Assets/PlayMaker/Actions/StateMachine/GetFsmObject.cs using Guid(0cbb971dcad5dfe41ba207cf8ddf10e8) Importer(2089858483,0ecaa5967403d082aa24f35e1b516d23)  -> (artifact id: 'b7a5f71ea3e28cf47eb286609a829d66') in 0.013122 seconds
Number of updated asset objects reloaded before import = 0
Number of asset objects unloaded after import = 1
========================================================================
Received Import Request.
  Time since last request: 0.000020 seconds.
  path: Assets/PlayMaker/Actions/Transform/LookAt.cs
  artifactKey: Guid(15ccc54ff644b4f4482b71efaefc8782) Importer(2089858483,0ecaa5967403d082aa24f35e1b516d23)
Start importing Assets/PlayMaker/Actions/Transform/LookAt.cs using Guid(15ccc54ff644b4f4482b71efaefc8782) Importer(2089858483,0ecaa5967403d082aa24f35e1b516d23)  -> (artifact id: 'df5ef6c0b8d5c863d74938eafc000543') in 0.011884 seconds
Number of updated asset objects reloaded before import = 0
Number of asset objects unloaded after import = 1
========================================================================
Received Import Request.
  Time since last request: 0.000010 seconds.
  path: Assets/PlayMaker/Actions/StateMachine/SetFsmObject.cs
  artifactKey: Guid(4a4d93d75d9f35b48966dadfa9dccfaa) Importer(2089858483,0ecaa5967403d082aa24f35e1b516d23)
Start importing Assets/PlayMaker/Actions/StateMachine/SetFsmObject.cs using Guid(4a4d93d75d9f35b48966dadfa9dccfaa) Importer(2089858483,0ecaa5967403d082aa24f35e1b516d23)  -> (artifact id: '1f07e657ae7fe59df2bc164c97946d17') in 0.013816 seconds
Number of updated asset objects reloaded before import = 0
Number of asset objects unloaded after import = 1
========================================================================
Received Import Request.
  Time since last request: 0.000010 seconds.
  path: Assets/PlayMaker/Actions/UI/UiInputFieldMoveCaretToTextEnd.cs
  artifactKey: Guid(5052aa2bd67468442b34d9fb3720da40) Importer(2089858483,0ecaa5967403d082aa24f35e1b516d23)
Start importing Assets/PlayMaker/Actions/UI/UiInputFieldMoveCaretToTextEnd.cs using Guid(5052aa2bd67468442b34d9fb3720da40) Importer(2089858483,0ecaa5967403d082aa24f35e1b516d23)  -> (artifact id: '46a744f02f076355e868200e35a812d7') in 0.014180 seconds
Number of updated asset objects reloaded before import = 0
Number of asset objects unloaded after import = 1
========================================================================
Received Import Request.
  Time since last request: 0.000016 seconds.
  path: Assets/PlayMaker/Actions/UI/UiInputFieldGetTextAsInt.cs
  artifactKey: Guid(dcf93671d0147d44b8777510c03d7b98) Importer(2089858483,0ecaa5967403d082aa24f35e1b516d23)
Start importing Assets/PlayMaker/Actions/UI/UiInputFieldGetTextAsInt.cs using Guid(dcf93671d0147d44b8777510c03d7b98) Importer(2089858483,0ecaa5967403d082aa24f35e1b516d23)  -> (artifact id: '4703ab48c2120e39924d7fa5005fcf4c') in 0.013555 seconds
Number of updated asset objects reloaded before import = 0
Number of asset objects unloaded after import = 1
========================================================================
Received Import Request.
  Time since last request: 0.000010 seconds.
  path: Assets/PlayMaker/Actions/RenderSettings/SetFogDensity.cs
  artifactKey: Guid(732d8e7e400e6d04eb7d25a443e6bb1a) Importer(2089858483,0ecaa5967403d082aa24f35e1b516d23)
Start importing Assets/PlayMaker/Actions/RenderSettings/SetFogDensity.cs using Guid(732d8e7e400e6d04eb7d25a443e6bb1a) Importer(2089858483,0ecaa5967403d082aa24f35e1b516d23)  -> (artifact id: '2d196f7dfd9c88400106fecd4712c705') in 0.015648 seconds
Number of updated asset objects reloaded before import = 0
Number of asset objects unloaded after import = 1
========================================================================
Received Import Request.
  Time since last request: 0.000010 seconds.
  path: Assets/PlayMaker/Actions/UI/UiGraphicCrossFadeAlpha.cs
  artifactKey: Guid(e0671ad61ba196441a7c3d12130d0b56) Importer(2089858483,0ecaa5967403d082aa24f35e1b516d23)
Start importing Assets/PlayMaker/Actions/UI/UiGraphicCrossFadeAlpha.cs using Guid(e0671ad61ba196441a7c3d12130d0b56) Importer(2089858483,0ecaa5967403d082aa24f35e1b516d23)  -> (artifact id: '915a6435abdf6559fc2db8ff09b4d19b') in 0.016306 seconds
Number of updated asset objects reloaded before import = 0
Number of asset objects unloaded after import = 1
========================================================================
Received Import Request.
  Time since last request: 0.000010 seconds.
  path: Assets/PlayMaker/Actions/SpriteRenderer/SetSpriteOrderInLayer.cs
  artifactKey: Guid(619e5bab33db71c438f738576f10c8f0) Importer(2089858483,0ecaa5967403d082aa24f35e1b516d23)
Start importing Assets/PlayMaker/Actions/SpriteRenderer/SetSpriteOrderInLayer.cs using Guid(619e5bab33db71c438f738576f10c8f0) Importer(2089858483,0ecaa5967403d082aa24f35e1b516d23)  -> (artifact id: '6ffd3ca9701ffed1a5dc557865f4c48e') in 0.011509 seconds
Number of updated asset objects reloaded before import = 0
Number of asset objects unloaded after import = 1
========================================================================
Received Import Request.
  Time since last request: 0.000012 seconds.
  path: Assets/PlayMaker/Actions/SceneManager/GetSceneCount.cs
  artifactKey: Guid(49ae585d07dad417c9c8bf850b5b067a) Importer(2089858483,0ecaa5967403d082aa24f35e1b516d23)
Start importing Assets/PlayMaker/Actions/SceneManager/GetSceneCount.cs using Guid(49ae585d07dad417c9c8bf850b5b067a) Importer(2089858483,0ecaa5967403d082aa24f35e1b516d23)  -> (artifact id: 'b19f75746b17ec0af0636ff57fe7aec2') in 0.011243 seconds
Number of updated asset objects reloaded before import = 0
Number of asset objects unloaded after import = 1
========================================================================
Received Import Request.
  Time since last request: 0.000011 seconds.
  path: Assets/PlayMaker/Actions/StateMachine/SetFsmVariable.cs
  artifactKey: Guid(7b5899629abf3214a96d3f139a9db4d0) Importer(2089858483,0ecaa5967403d082aa24f35e1b516d23)
Start importing Assets/PlayMaker/Actions/StateMachine/SetFsmVariable.cs using Guid(7b5899629abf3214a96d3f139a9db4d0) Importer(2089858483,0ecaa5967403d082aa24f35e1b516d23)  -> (artifact id: 'a4eb26061f433fb26093d42ce1c1136f') in 0.013450 seconds
Number of updated asset objects reloaded before import = 0
Number of asset objects unloaded after import = 1
========================================================================
Received Import Request.
  Time since last request: 0.000012 seconds.
  path: Assets/PlayMaker/Actions/Vector3/SetVector3Value.cs
  artifactKey: Guid(3c671497bd752ed41af27ef70b33c580) Importer(2089858483,0ecaa5967403d082aa24f35e1b516d23)
Start importing Assets/PlayMaker/Actions/Vector3/SetVector3Value.cs using Guid(3c671497bd752ed41af27ef70b33c580) Importer(2089858483,0ecaa5967403d082aa24f35e1b516d23)  -> (artifact id: '3a4faac1731db646491b648073f701ee') in 0.012875 seconds
Number of updated asset objects reloaded before import = 0
Number of asset objects unloaded after import = 1
========================================================================
Received Import Request.
  Time since last request: 0.000010 seconds.
  path: Assets/PlayMaker/Actions/RectTransform/RectTransformSetScreenPosition.cs
  artifactKey: Guid(e6463906a18e7c04c8b3e0985a3997e1) Importer(2089858483,0ecaa5967403d082aa24f35e1b516d23)
Start importing Assets/PlayMaker/Actions/RectTransform/RectTransformSetScreenPosition.cs using Guid(e6463906a18e7c04c8b3e0985a3997e1) Importer(2089858483,0ecaa5967403d082aa24f35e1b516d23)  -> (artifact id: '6e50ce9543679e27b19afef4f41c388f') in 0.013780 seconds
Number of updated asset objects reloaded before import = 0
Number of asset objects unloaded after import = 1
========================================================================
Received Import Request.
  Time since last request: 0.000009 seconds.
  path: Assets/PlayMaker/Actions/SpriteRenderer/GetSpriteSortingLayer.cs
  artifactKey: Guid(874e576780ff2ec4581effb15b96e176) Importer(2089858483,0ecaa5967403d082aa24f35e1b516d23)
Start importing Assets/PlayMaker/Actions/SpriteRenderer/GetSpriteSortingLayer.cs using Guid(874e576780ff2ec4581effb15b96e176) Importer(2089858483,0ecaa5967403d082aa24f35e1b516d23)  -> (artifact id: '251e1d73f36e2561f2316626a88d2ea4') in 0.015916 seconds
Number of updated asset objects reloaded before import = 0
Number of asset objects unloaded after import = 1
========================================================================
Received Import Request.
  Time since last request: 0.000010 seconds.
  path: Assets/PlayMaker/Actions/StateMachine/GetFsmVariable.cs
  artifactKey: Guid(36fdfdb437289ec489dd5b1133deec80) Importer(2089858483,0ecaa5967403d082aa24f35e1b516d23)
Start importing Assets/PlayMaker/Actions/StateMachine/GetFsmVariable.cs using Guid(36fdfdb437289ec489dd5b1133deec80) Importer(2089858483,0ecaa5967403d082aa24f35e1b516d23)  -> (artifact id: '244cdf6452cca19768eb010010da49be') in 0.012960 seconds
Number of updated asset objects reloaded before import = 0
Number of asset objects unloaded after import = 1
========================================================================
Received Import Request.
  Time since last request: 0.000009 seconds.
  path: Assets/PlayMaker/Actions/Trigonometry/GetSine.cs
  artifactKey: Guid(8e28a11b97806405eac27c765a5e86cd) Importer(2089858483,0ecaa5967403d082aa24f35e1b516d23)
Start importing Assets/PlayMaker/Actions/Trigonometry/GetSine.cs using Guid(8e28a11b97806405eac27c765a5e86cd) Importer(2089858483,0ecaa5967403d082aa24f35e1b516d23)  -> (artifact id: '879ee0333fc30b09d957a06d2da33677') in 0.013379 seconds
Number of updated asset objects reloaded before import = 0
Number of asset objects unloaded after import = 1
========================================================================
Received Import Request.
  Time since last request: 0.476867 seconds.
  path: Assets/PlayMaker/Actions/Vector3/Vector3Interpolate.cs
  artifactKey: Guid(f89b9214e3b15c540a096bd4ba7e22d9) Importer(2089858483,0ecaa5967403d082aa24f35e1b516d23)
Start importing Assets/PlayMaker/Actions/Vector3/Vector3Interpolate.cs using Guid(f89b9214e3b15c540a096bd4ba7e22d9) Importer(2089858483,0ecaa5967403d082aa24f35e1b516d23)  -> (artifact id: 'c3b5bf077620068136fad421b78f88e5') in 0.020095 seconds
Number of updated asset objects reloaded before import = 0
Number of asset objects unloaded after import = 1
========================================================================
Received Import Request.
  Time since last request: 0.000011 seconds.
  path: Assets/PlayMaker/Editor/Resources/linkForums.png
  artifactKey: Guid(1f42c8e9076b1c04297aee75ba4c08ef) Importer(2089858483,0ecaa5967403d082aa24f35e1b516d23)
Start importing Assets/PlayMaker/Editor/Resources/linkForums.png using Guid(1f42c8e9076b1c04297aee75ba4c08ef) Importer(2089858483,0ecaa5967403d082aa24f35e1b516d23)  -> (artifact id: 'c146a4b55a89d72054e777a2d532548d') in 0.021730 seconds
Number of updated asset objects reloaded before import = 0
Number of asset objects unloaded after import = 1
========================================================================
Received Import Request.
  Time since last request: 0.000012 seconds.
  path: Assets/PlayMaker/Actions/VideoPlayer/VideoPlayerStepForward.cs
  artifactKey: Guid(cd708e313d610404dac5066da2b64b8d) Importer(2089858483,0ecaa5967403d082aa24f35e1b516d23)
Start importing Assets/PlayMaker/Actions/VideoPlayer/VideoPlayerStepForward.cs using Guid(cd708e313d610404dac5066da2b64b8d) Importer(2089858483,0ecaa5967403d082aa24f35e1b516d23)  -> (artifact id: '563d7dfae08fb551753c97467eb021f4') in 0.015183 seconds
Number of updated asset objects reloaded before import = 0
Number of asset objects unloaded after import = 1
========================================================================
Received Import Request.
  Time since last request: 0.000009 seconds.
  path: Assets/STYLY_Plugin/Scripts/Editor/TerminalCommand.cs
  artifactKey: Guid(9850444a7cf247ec9692495b179e29b4) Importer(2089858483,0ecaa5967403d082aa24f35e1b516d23)
Start importing Assets/STYLY_Plugin/Scripts/Editor/TerminalCommand.cs using Guid(9850444a7cf247ec9692495b179e29b4) Importer(2089858483,0ecaa5967403d082aa24f35e1b516d23)  -> (artifact id: 'e834ca1238d255096a30c1e765a02dad') in 0.015860 seconds
Number of updated asset objects reloaded before import = 0
Number of asset objects unloaded after import = 1
========================================================================
Received Import Request.
  Time since last request: 0.000009 seconds.
  path: Assets/UniGLTF/Core/Scripts/UniGLTFVersion.cs
  artifactKey: Guid(caf06572635c12c4cb85d6ee09ab8f5e) Importer(2089858483,0ecaa5967403d082aa24f35e1b516d23)
Start importing Assets/UniGLTF/Core/Scripts/UniGLTFVersion.cs using Guid(caf06572635c12c4cb85d6ee09ab8f5e) Importer(2089858483,0ecaa5967403d082aa24f35e1b516d23)  -> (artifact id: 'e39f2c88d802027fb18d6194672fe41b') in 0.015473 seconds
Number of updated asset objects reloaded before import = 0
Number of asset objects unloaded after import = 1
========================================================================
Received Import Request.
  Time since last request: 0.000009 seconds.
  path: Assets/PlayMaker/Editor/Install/LegacyITween.unitypackage
  artifactKey: Guid(6d756ccf978926042887a51b4116f6a1) Importer(2089858483,0ecaa5967403d082aa24f35e1b516d23)
Start importing Assets/PlayMaker/Editor/Install/LegacyITween.unitypackage using Guid(6d756ccf978926042887a51b4116f6a1) Importer(2089858483,0ecaa5967403d082aa24f35e1b516d23)  -> (artifact id: '057d9007e7bdd1c7ad0a55743fbef242') in 0.009883 seconds
Number of updated asset objects reloaded before import = 0
Number of asset objects unloaded after import = 1
========================================================================
Received Import Request.
  Time since last request: 0.000012 seconds.
  path: Assets/STYLY_Plugin/Scripts/Editor/VersionInformation.cs
  artifactKey: Guid(b7549a9d5f98eb74e9a20f57f0916c60) Importer(2089858483,0ecaa5967403d082aa24f35e1b516d23)
Start importing Assets/STYLY_Plugin/Scripts/Editor/VersionInformation.cs using Guid(b7549a9d5f98eb74e9a20f57f0916c60) Importer(2089858483,0ecaa5967403d082aa24f35e1b516d23)  -> (artifact id: '250fb4a016eb02f78b04cc6514f85ab8') in 0.011011 seconds
Number of updated asset objects reloaded before import = 0
Number of asset objects unloaded after import = 1
========================================================================
Received Import Request.
  Time since last request: 0.000010 seconds.
  path: Assets/STYLY_Plugin/ThirdParty/azcopy/azcopy.pkg
  artifactKey: Guid(094c45a624ac58d4a92aa3b3a6eb095d) Importer(2089858483,0ecaa5967403d082aa24f35e1b516d23)
Start importing Assets/STYLY_Plugin/ThirdParty/azcopy/azcopy.pkg using Guid(094c45a624ac58d4a92aa3b3a6eb095d) Importer(2089858483,0ecaa5967403d082aa24f35e1b516d23)  -> (artifact id: 'd9df27346eb80d5ed60e93316a4d7212') in 0.011149 seconds
Number of updated asset objects reloaded before import = 0
Number of asset objects unloaded after import = 1
========================================================================
Received Import Request.
  Time since last request: 0.000022 seconds.
  path: Assets/PlayMaker/Actions/VideoPlayer/VideoPlayerGetTimeSource.cs
  artifactKey: Guid(db49db242441a495488af615ca70f883) Importer(2089858483,0ecaa5967403d082aa24f35e1b516d23)
Start importing Assets/PlayMaker/Actions/VideoPlayer/VideoPlayerGetTimeSource.cs using Guid(db49db242441a495488af615ca70f883) Importer(2089858483,0ecaa5967403d082aa24f35e1b516d23)  -> (artifact id: 'eeb8be4af5f456bdb5ccbdc73f1d83fd') in 0.012498 seconds
Number of updated asset objects reloaded before import = 0
Number of asset objects unloaded after import = 1
========================================================================
Received Import Request.
  Time since last request: 0.000011 seconds.
  path: Assets/PlayMaker/Editor/Install/LegacyNetworking.unitypackage
  artifactKey: Guid(9b52451efbd751f48ac368998c153aaf) Importer(2089858483,0ecaa5967403d082aa24f35e1b516d23)
Start importing Assets/PlayMaker/Editor/Install/LegacyNetworking.unitypackage using Guid(9b52451efbd751f48ac368998c153aaf) Importer(2089858483,0ecaa5967403d082aa24f35e1b516d23)  -> (artifact id: 'd91fe745b4afae8e281277ee423095c2') in 0.008900 seconds
Number of updated asset objects reloaded before import = 0
Number of asset objects unloaded after import = 1
========================================================================
Received Import Request.
  Time since last request: 0.000010 seconds.
  path: Assets/UniGLTF/UniHumanoid/doc/humanpose_transfer.png
  artifactKey: Guid(8dd213e4a507dac4585f174f27fcd677) Importer(2089858483,0ecaa5967403d082aa24f35e1b516d23)
Start importing Assets/UniGLTF/UniHumanoid/doc/humanpose_transfer.png using Guid(8dd213e4a507dac4585f174f27fcd677) Importer(2089858483,0ecaa5967403d082aa24f35e1b516d23)  -> (artifact id: '4426e9daa15383c5f80b9af8a069e796') in 0.018623 seconds
Number of updated asset objects reloaded before import = 0
Number of asset objects unloaded after import = 1
========================================================================
Received Import Request.
  Time since last request: 0.000017 seconds.
  path: Assets/STYLY_Plugin/Scripts/Editor/RetryUtil.cs
  artifactKey: Guid(32df3ce2cc9a4d00996db4479b53ebc8) Importer(2089858483,0ecaa5967403d082aa24f35e1b516d23)
Start importing Assets/STYLY_Plugin/Scripts/Editor/RetryUtil.cs using Guid(32df3ce2cc9a4d00996db4479b53ebc8) Importer(2089858483,0ecaa5967403d082aa24f35e1b516d23)  -> (artifact id: '4a5ee4b5fa3e6f67d32bbfff59851342') in 0.013379 seconds
Number of updated asset objects reloaded before import = 0
Number of asset objects unloaded after import = 1
========================================================================
Received Import Request.
  Time since last request: 0.000012 seconds.
  path: Assets/UniGLTF/DepthFirstScheduler/Scheduler/ThreadScheduler.cs
  artifactKey: Guid(8df1de98bdc0b534bbe68e8f2f8a858f) Importer(2089858483,0ecaa5967403d082aa24f35e1b516d23)
Start importing Assets/UniGLTF/DepthFirstScheduler/Scheduler/ThreadScheduler.cs using Guid(8df1de98bdc0b534bbe68e8f2f8a858f) Importer(2089858483,0ecaa5967403d082aa24f35e1b516d23)  -> (artifact id: '5d1c0f42f83313fc157873df3270fd79') in 0.010607 seconds
Number of updated asset objects reloaded before import = 0
Number of asset objects unloaded after import = 1
========================================================================
Received Import Request.
  Time since last request: 0.000009 seconds.
  path: Assets/PlayMaker/Editor/Watermarks/Dagger.png
  artifactKey: Guid(8982a70e0d297f240a3f18e317812ec5) Importer(2089858483,0ecaa5967403d082aa24f35e1b516d23)
Start importing Assets/PlayMaker/Editor/Watermarks/Dagger.png using Guid(8982a70e0d297f240a3f18e317812ec5) Importer(2089858483,0ecaa5967403d082aa24f35e1b516d23)  -> (artifact id: '064912e7a37003c02e1335e989c7ff93') in 0.015942 seconds
Number of updated asset objects reloaded before import = 0
Number of asset objects unloaded after import = 1
========================================================================
Received Import Request.
  Time since last request: 0.000010 seconds.
  path: Assets/Plugins/PlayMaker/WebGL/PlayMaker.dll.mdb
  artifactKey: Guid(586f10b880b6b5b4798aa26aa284bad9) Importer(2089858483,0ecaa5967403d082aa24f35e1b516d23)
Start importing Assets/Plugins/PlayMaker/WebGL/PlayMaker.dll.mdb using Guid(586f10b880b6b5b4798aa26aa284bad9) Importer(2089858483,0ecaa5967403d082aa24f35e1b516d23)  -> (artifact id: '17077dfc42a7dde5bb8965e20f45a2b3') in 0.013845 seconds
Number of updated asset objects reloaded before import = 0
Number of asset objects unloaded after import = 1
========================================================================
Received Import Request.
  Time since last request: 0.000010 seconds.
  path: Assets/STYLY_Plugin/STYLY_Playmaker_CustomActions/StylyService/IStylyServiceGLTFImpl.cs
  artifactKey: Guid(6fd61027bbb31f945bf899e19725ab12) Importer(2089858483,0ecaa5967403d082aa24f35e1b516d23)
Start importing Assets/STYLY_Plugin/STYLY_Playmaker_CustomActions/StylyService/IStylyServiceGLTFImpl.cs using Guid(6fd61027bbb31f945bf899e19725ab12) Importer(2089858483,0ecaa5967403d082aa24f35e1b516d23)  -> (artifact id: '8de605ffe2825fc3f23b0d93c73d8ec2') in 0.013289 seconds
Number of updated asset objects reloaded before import = 0
Number of asset objects unloaded after import = 1
========================================================================
Received Import Request.
  Time since last request: 0.000011 seconds.
  path: Assets/PlayMaker/Editor/Install/Playmaker.1.9.7.unitypackage
  artifactKey: Guid(28b3543a4221f864bb27a40b79746b65) Importer(2089858483,0ecaa5967403d082aa24f35e1b516d23)
Start importing Assets/PlayMaker/Editor/Install/Playmaker.1.9.7.unitypackage using Guid(28b3543a4221f864bb27a40b79746b65) Importer(2089858483,0ecaa5967403d082aa24f35e1b516d23)  -> (artifact id: '48335b2e30afcd7dc55dfdd1659536df') in 0.010671 seconds
Number of updated asset objects reloaded before import = 0
Number of asset objects unloaded after import = 1
========================================================================
Received Import Request.
  Time since last request: 0.000011 seconds.
  path: Assets/STYLY_Plugin/ThirdParty/azcopy/LICENSE
  artifactKey: Guid(a7e186865b50eef4bbd3b54864500a4f) Importer(2089858483,0ecaa5967403d082aa24f35e1b516d23)
Start importing Assets/STYLY_Plugin/ThirdParty/azcopy/LICENSE using Guid(a7e186865b50eef4bbd3b54864500a4f) Importer(2089858483,0ecaa5967403d082aa24f35e1b516d23)  -> (artifact id: 'db106fde8562fd181d8ca426ae962d23') in 0.008039 seconds
Number of updated asset objects reloaded before import = 0
Number of asset objects unloaded after import = 1
========================================================================
Received Import Request.
  Time since last request: 0.000010 seconds.
  path: Assets/PlayMaker/Actions/Vector3/Vector3RotateTowards.cs
  artifactKey: Guid(a5b29ac92feb00644b7eff46dd53d051) Importer(2089858483,0ecaa5967403d082aa24f35e1b516d23)
Start importing Assets/PlayMaker/Actions/Vector3/Vector3RotateTowards.cs using Guid(a5b29ac92feb00644b7eff46dd53d051) Importer(2089858483,0ecaa5967403d082aa24f35e1b516d23)  -> (artifact id: 'b5ea8eac22d207209e408cc5e265ff4a') in 0.014297 seconds
Number of updated asset objects reloaded before import = 0
Number of asset objects unloaded after import = 1
========================================================================
Received Import Request.
  Time since last request: 0.000009 seconds.
  path: Assets/PlayMaker/Editor/Watermarks/LoopArrow.png
  artifactKey: Guid(1d125810f8e143941a4e463c25f62614) Importer(2089858483,0ecaa5967403d082aa24f35e1b516d23)
Start importing Assets/PlayMaker/Editor/Watermarks/LoopArrow.png using Guid(1d125810f8e143941a4e463c25f62614) Importer(2089858483,0ecaa5967403d082aa24f35e1b516d23)  -> (artifact id: '1300a45af7b881fbf7abff00b2fa4dae') in 0.018893 seconds
Number of updated asset objects reloaded before import = 0
Number of asset objects unloaded after import = 1
========================================================================
Received Import Request.
  Time since last request: 0.000011 seconds.
  path: Assets/PlayMaker/Actions/VideoPlayer/VideoPlayerGetPlaybackSpeed.cs
  artifactKey: Guid(79f6d46d2044049d4b82f2247866966c) Importer(2089858483,0ecaa5967403d082aa24f35e1b516d23)
Start importing Assets/PlayMaker/Actions/VideoPlayer/VideoPlayerGetPlaybackSpeed.cs using Guid(79f6d46d2044049d4b82f2247866966c) Importer(2089858483,0ecaa5967403d082aa24f35e1b516d23)  -> (artifact id: 'b7df5fd34fffae3064345263cdcaf660') in 0.013432 seconds
Number of updated asset objects reloaded before import = 0
Number of asset objects unloaded after import = 1
========================================================================
Received Import Request.
  Time since last request: 0.000018 seconds.
  path: Assets/STYLY_Plugin/Scripts/Editor/VersionInformationProvider.cs
  artifactKey: Guid(62d29969d12ff6f44b8b1c8219b565f0) Importer(2089858483,0ecaa5967403d082aa24f35e1b516d23)
Start importing Assets/STYLY_Plugin/Scripts/Editor/VersionInformationProvider.cs using Guid(62d29969d12ff6f44b8b1c8219b565f0) Importer(2089858483,0ecaa5967403d082aa24f35e1b516d23)  -> (artifact id: 'a442b33e0b418c723f4e4f62eb7424a8') in 0.013067 seconds
Number of updated asset objects reloaded before import = 0
Number of asset objects unloaded after import = 1
========================================================================
Received Import Request.
  Time since last request: 0.000010 seconds.
  path: Assets/STYLY_Plugin/STYLY_ImmersalUI/Sprites/tex_timeout_JP.png
  artifactKey: Guid(caf1adec75236484e9e08f53b0f3a084) Importer(2089858483,0ecaa5967403d082aa24f35e1b516d23)
Start importing Assets/STYLY_Plugin/STYLY_ImmersalUI/Sprites/tex_timeout_JP.png using Guid(caf1adec75236484e9e08f53b0f3a084) Importer(2089858483,0ecaa5967403d082aa24f35e1b516d23)  -> (artifact id: 'ed7de966683b6cef497dc9aa9755bd3b') in 0.021378 seconds
Number of updated asset objects reloaded before import = 0
Number of asset objects unloaded after import = 3
========================================================================
Received Import Request.
  Time since last request: 0.000010 seconds.
  path: Assets/PlayMaker/Editor/Watermarks/Alien.png
  artifactKey: Guid(24dda0ac7b175944f8968586045fbe32) Importer(2089858483,0ecaa5967403d082aa24f35e1b516d23)
Start importing Assets/PlayMaker/Editor/Watermarks/Alien.png using Guid(24dda0ac7b175944f8968586045fbe32) Importer(2089858483,0ecaa5967403d082aa24f35e1b516d23)  -> (artifact id: '79462cabd105fade71ef3e3b8d6d7a1f') in 0.019526 seconds
Number of updated asset objects reloaded before import = 0
Number of asset objects unloaded after import = 1
========================================================================
Received Import Request.
  Time since last request: 0.000011 seconds.
  path: Assets/STYLY_Plugin/STYLY_Playmaker_CustomActions/StylyService/StylyServiceForPlayMakerGLTFPart.cs
  artifactKey: Guid(115f050e70a9e67479349880abe0aacd) Importer(2089858483,0ecaa5967403d082aa24f35e1b516d23)
Start importing Assets/STYLY_Plugin/STYLY_Playmaker_CustomActions/StylyService/StylyServiceForPlayMakerGLTFPart.cs using Guid(115f050e70a9e67479349880abe0aacd) Importer(2089858483,0ecaa5967403d082aa24f35e1b516d23)  -> (artifact id: '7e45b457488b5d51dde1f7cc5bb330c0') in 0.010774 seconds
Number of updated asset objects reloaded before import = 0
Number of asset objects unloaded after import = 1
========================================================================
Received Import Request.
  Time since last request: 0.000010 seconds.
  path: Assets/UniGLTF/UniHumanoid/Scripts/MuscleDebug.cs
  artifactKey: Guid(14aaa52c3da53004ea85dbb38e9e4698) Importer(2089858483,0ecaa5967403d082aa24f35e1b516d23)
Start importing Assets/UniGLTF/UniHumanoid/Scripts/MuscleDebug.cs using Guid(14aaa52c3da53004ea85dbb38e9e4698) Importer(2089858483,0ecaa5967403d082aa24f35e1b516d23)  -> (artifact id: '078b5c77d0c018169c887b4a03d1f21e') in 0.011749 seconds
Number of updated asset objects reloaded before import = 0
Number of asset objects unloaded after import = 1
========================================================================
Received Import Request.
  Time since last request: 0.000011 seconds.
  path: Assets/PlayMaker/Editor/Resources/linkDocs@2x.png
  artifactKey: Guid(c866a6a5953df3640be61751ff46a647) Importer(2089858483,0ecaa5967403d082aa24f35e1b516d23)
Start importing Assets/PlayMaker/Editor/Resources/linkDocs@2x.png using Guid(c866a6a5953df3640be61751ff46a647) Importer(2089858483,0ecaa5967403d082aa24f35e1b516d23)  -> (artifact id: 'b556e3275334c733506f2c9c611430d9') in 0.020214 seconds
Number of updated asset objects reloaded before import = 0
Number of asset objects unloaded after import = 1
========================================================================
Received Import Request.
  Time since last request: 0.000018 seconds.
  path: Assets/STYLY_Plugin/STYLY_ImmersalUI/Sprites/image_finder02.png
  artifactKey: Guid(3b7bab25d7bf21142b47bc11dbfd99ab) Importer(2089858483,0ecaa5967403d082aa24f35e1b516d23)
Start importing Assets/STYLY_Plugin/STYLY_ImmersalUI/Sprites/image_finder02.png using Guid(3b7bab25d7bf21142b47bc11dbfd99ab) Importer(2089858483,0ecaa5967403d082aa24f35e1b516d23)  -> (artifact id: '51148d484c62f2a3f790d45e2b509db6') in 0.020443 seconds
Number of updated asset objects reloaded before import = 0
Number of asset objects unloaded after import = 3
========================================================================
Received Import Request.
  Time since last request: 0.000010 seconds.
  path: Assets/UniGLTF/DepthFirstScheduler/Editor/DepthFirstScheduler.cs
  artifactKey: Guid(3003e87b5df13394eadfda925bb816e5) Importer(2089858483,0ecaa5967403d082aa24f35e1b516d23)
Start importing Assets/UniGLTF/DepthFirstScheduler/Editor/DepthFirstScheduler.cs using Guid(3003e87b5df13394eadfda925bb816e5) Importer(2089858483,0ecaa5967403d082aa24f35e1b516d23)  -> (artifact id: '05b05bd9086ad0ab86bd4aa3c54393d7') in 0.017429 seconds
Number of updated asset objects reloaded before import = 0
Number of asset objects unloaded after import = 1
========================================================================
Received Import Request.
  Time since last request: 0.000010 seconds.
  path: Assets/PlayMaker/Editor/Watermarks/Player.png
  artifactKey: Guid(d6fff8f37b41c2c4f9ad1d4682bd0744) Importer(2089858483,0ecaa5967403d082aa24f35e1b516d23)
Start importing Assets/PlayMaker/Editor/Watermarks/Player.png using Guid(d6fff8f37b41c2c4f9ad1d4682bd0744) Importer(2089858483,0ecaa5967403d082aa24f35e1b516d23)  -> (artifact id: 'eb1366b2815a46855f0e011131b9a966') in 0.018936 seconds
Number of updated asset objects reloaded before import = 0
Number of asset objects unloaded after import = 1
========================================================================
Received Import Request.
  Time since last request: 0.000015 seconds.
  path: Assets/UniGLTF/UniHumanoid/PoseModifier/IPoseModifier.cs
  artifactKey: Guid(973f36da309a48d4ea3c5526a51e957f) Importer(2089858483,0ecaa5967403d082aa24f35e1b516d23)
Start importing Assets/UniGLTF/UniHumanoid/PoseModifier/IPoseModifier.cs using Guid(973f36da309a48d4ea3c5526a51e957f) Importer(2089858483,0ecaa5967403d082aa24f35e1b516d23)  -> (artifact id: 'fe38e076ef53e57a16755dc92df71256') in 0.009652 seconds
Number of updated asset objects reloaded before import = 0
Number of asset objects unloaded after import = 1
========================================================================
Received Import Request.
  Time since last request: 0.000009 seconds.
  path: Assets/UniGLTF/UniHumanoid/PoseModifier/HandRig.cs
  artifactKey: Guid(45d55d80a64783c41ace70d5d81db454) Importer(2089858483,0ecaa5967403d082aa24f35e1b516d23)
Start importing Assets/UniGLTF/UniHumanoid/PoseModifier/HandRig.cs using Guid(45d55d80a64783c41ace70d5d81db454) Importer(2089858483,0ecaa5967403d082aa24f35e1b516d23)  -> (artifact id: '55fed224fbde8b1629abe68b0b78cc49') in 0.010928 seconds
Number of updated asset objects reloaded before import = 0
Number of asset objects unloaded after import = 1
========================================================================
Received Import Request.
  Time since last request: 0.000011 seconds.
  path: Assets/PlayMaker/Editor/Install/PlaymakerManual.zip
  artifactKey: Guid(de060261cda00344085a4309a26279f6) Importer(2089858483,0ecaa5967403d082aa24f35e1b516d23)
Start importing Assets/PlayMaker/Editor/Install/PlaymakerManual.zip using Guid(de060261cda00344085a4309a26279f6) Importer(2089858483,0ecaa5967403d082aa24f35e1b516d23)  -> (artifact id: '4b3482bd4fb33c7ea26f72b45722bcc3') in 0.012379 seconds
Number of updated asset objects reloaded before import = 0
Number of asset objects unloaded after import = 1
========================================================================
Received Import Request.
  Time since last request: 0.000010 seconds.
  path: Assets/PlayMaker/Editor/Watermarks/PowerOn.png
  artifactKey: Guid(c44def74e220813499b0ef77f81f47b1) Importer(2089858483,0ecaa5967403d082aa24f35e1b516d23)
Start importing Assets/PlayMaker/Editor/Watermarks/PowerOn.png using Guid(c44def74e220813499b0ef77f81f47b1) Importer(2089858483,0ecaa5967403d082aa24f35e1b516d23)  -> (artifact id: 'cfc922af598a523aee111733609fa6fb') in 0.018881 seconds
Number of updated asset objects reloaded before import = 0
Number of asset objects unloaded after import = 1
========================================================================
Received Import Request.
  Time since last request: 0.000011 seconds.
  path: Assets/STYLY_Plugin/STYLY_ImmersalUI/Sprites/tex_timeout_EN.png
  artifactKey: Guid(9adcebb2b8ef2b44a9509771850413dd) Importer(2089858483,0ecaa5967403d082aa24f35e1b516d23)
Start importing Assets/STYLY_Plugin/STYLY_ImmersalUI/Sprites/tex_timeout_EN.png using Guid(9adcebb2b8ef2b44a9509771850413dd) Importer(2089858483,0ecaa5967403d082aa24f35e1b516d23)  -> (artifact id: '65b1929be460486aa62676814eb7e012') in 0.018709 seconds
Number of updated asset objects reloaded before import = 0
Number of asset objects unloaded after import = 3
========================================================================
Received Import Request.
  Time since last request: 0.000014 seconds.
  path: Assets/PlayMaker/Editor/Watermarks/LightBulb.png
  artifactKey: Guid(f52ce8280d679ff43a1a2d67e204d670) Importer(2089858483,0ecaa5967403d082aa24f35e1b516d23)
Start importing Assets/PlayMaker/Editor/Watermarks/LightBulb.png using Guid(f52ce8280d679ff43a1a2d67e204d670) Importer(2089858483,0ecaa5967403d082aa24f35e1b516d23)  -> (artifact id: 'e89de079455bf4df41ce522516abebd2') in 0.019660 seconds
Number of updated asset objects reloaded before import = 0
Number of asset objects unloaded after import = 1
========================================================================
Received Import Request.
  Time since last request: 0.000018 seconds.
  path: Assets/STYLY_Plugin/Scripts/Editor/SettingsWindow.cs
  artifactKey: Guid(733723fd5f094b8baabc0bbc245b61ca) Importer(2089858483,0ecaa5967403d082aa24f35e1b516d23)
Start importing Assets/STYLY_Plugin/Scripts/Editor/SettingsWindow.cs using Guid(733723fd5f094b8baabc0bbc245b61ca) Importer(2089858483,0ecaa5967403d082aa24f35e1b516d23)  -> (artifact id: '1fc7c9d58be8bdb82073fda9418fdc78') in 0.009300 seconds
Number of updated asset objects reloaded before import = 0
Number of asset objects unloaded after import = 1
========================================================================
Received Import Request.
  Time since last request: 0.000010 seconds.
  path: Assets/PlayMaker/Editor/Watermarks/Spy.png
  artifactKey: Guid(178a16288adc2374b8aa385180efe2c8) Importer(2089858483,0ecaa5967403d082aa24f35e1b516d23)
Start importing Assets/PlayMaker/Editor/Watermarks/Spy.png using Guid(178a16288adc2374b8aa385180efe2c8) Importer(2089858483,0ecaa5967403d082aa24f35e1b516d23)  -> (artifact id: 'af7b2d0fe577107438fcbe030b19569e') in 0.016834 seconds
Number of updated asset objects reloaded before import = 0
Number of asset objects unloaded after import = 1
========================================================================
Received Import Request.
  Time since last request: 0.000011 seconds.
  path: Assets/PlayMaker/Actions/VideoClip/VideoClipGetSize.cs
  artifactKey: Guid(cf157a07801c649f09f08de5f1a99f04) Importer(2089858483,0ecaa5967403d082aa24f35e1b516d23)
Start importing Assets/PlayMaker/Actions/VideoClip/VideoClipGetSize.cs using Guid(cf157a07801c649f09f08de5f1a99f04) Importer(2089858483,0ecaa5967403d082aa24f35e1b516d23)  -> (artifact id: '23927e51ae62b88c8396bc5dec84e271') in 0.012119 seconds
Number of updated asset objects reloaded before import = 0
Number of asset objects unloaded after import = 1
========================================================================
Received Import Request.
  Time since last request: 0.000009 seconds.
  path: Assets/Plugins/PlayMaker/WP8/PlayMaker.dll
  artifactKey: Guid(de72a6d2da64d114d95e3c5a01cfaec5) Importer(2089858483,0ecaa5967403d082aa24f35e1b516d23)
Start importing Assets/Plugins/PlayMaker/WP8/PlayMaker.dll using Guid(de72a6d2da64d114d95e3c5a01cfaec5) Importer(2089858483,0ecaa5967403d082aa24f35e1b516d23)  -> (artifact id: 'daf6a12e3113ff3df0c90cf257b3d1fb') in 0.027027 seconds
Number of updated asset objects reloaded before import = 0
Number of asset objects unloaded after import = 1
========================================================================
Received Import Request.
  Time since last request: 0.000014 seconds.
  path: Assets/PlayMaker/Editor/Watermarks/Explosion.png
  artifactKey: Guid(5d1d437313aa5b44784afaeac8402377) Importer(2089858483,0ecaa5967403d082aa24f35e1b516d23)
Start importing Assets/PlayMaker/Editor/Watermarks/Explosion.png using Guid(5d1d437313aa5b44784afaeac8402377) Importer(2089858483,0ecaa5967403d082aa24f35e1b516d23)  -> (artifact id: 'd2a26641b76b603a867fbd72528ab404') in 0.018147 seconds
Number of updated asset objects reloaded before import = 0
Number of asset objects unloaded after import = 1
========================================================================
Received Import Request.
  Time since last request: 0.000016 seconds.
  path: Assets/UniGLTF/UniHumanoid/PoseModifier/HandPose.cs
  artifactKey: Guid(14d18bc5a296a894eb7154d3f5f0e18b) Importer(2089858483,0ecaa5967403d082aa24f35e1b516d23)
Start importing Assets/UniGLTF/UniHumanoid/PoseModifier/HandPose.cs using Guid(14d18bc5a296a894eb7154d3f5f0e18b) Importer(2089858483,0ecaa5967403d082aa24f35e1b516d23)  -> (artifact id: 'c71112a7f28642520972f29591f06728') in 0.012679 seconds
Number of updated asset objects reloaded before import = 0
Number of asset objects unloaded after import = 1
========================================================================
Received Import Request.
  Time since last request: 0.000027 seconds.
  path: Assets/UniGLTF/UniHumanoid/Scripts/BoneGizmoDrawer.cs
  artifactKey: Guid(677492d2843780e40aa2a6c7a6ae8fe6) Importer(2089858483,0ecaa5967403d082aa24f35e1b516d23)
Start importing Assets/UniGLTF/UniHumanoid/Scripts/BoneGizmoDrawer.cs using Guid(677492d2843780e40aa2a6c7a6ae8fe6) Importer(2089858483,0ecaa5967403d082aa24f35e1b516d23)  -> (artifact id: '96150c0072f4a13762c2cca1a2d2adc3') in 0.015021 seconds
Number of updated asset objects reloaded before import = 0
Number of asset objects unloaded after import = 1
========================================================================
Received Import Request.
  Time since last request: 0.000014 seconds.
  path: Assets/PlayMaker/Actions/VideoPlayer/VideoPlayerSetAspectRatio.cs
  artifactKey: Guid(ec5d7234d48584237b113fac77280170) Importer(2089858483,0ecaa5967403d082aa24f35e1b516d23)
Start importing Assets/PlayMaker/Actions/VideoPlayer/VideoPlayerSetAspectRatio.cs using Guid(ec5d7234d48584237b113fac77280170) Importer(2089858483,0ecaa5967403d082aa24f35e1b516d23)  -> (artifact id: '96af3a1f942546a9bd772a9d78093cfa') in 0.012919 seconds
Number of updated asset objects reloaded before import = 0
Number of asset objects unloaded after import = 1
========================================================================
Received Import Request.
  Time since last request: 0.000010 seconds.
  path: Assets/PlayMaker/Actions/VideoClip/VideoClipGetFrameRate.cs
  artifactKey: Guid(34f7cf89619bf4c5499948e3c1b83ff4) Importer(2089858483,0ecaa5967403d082aa24f35e1b516d23)
Start importing Assets/PlayMaker/Actions/VideoClip/VideoClipGetFrameRate.cs using Guid(34f7cf89619bf4c5499948e3c1b83ff4) Importer(2089858483,0ecaa5967403d082aa24f35e1b516d23)  -> (artifact id: '65d60ccd8917fb31fb84777a1f24cd66') in 0.010237 seconds
Number of updated asset objects reloaded before import = 0
Number of asset objects unloaded after import = 1
========================================================================
Received Import Request.
  Time since last request: 0.076186 seconds.
  path: Assets/3D/FujitoWork/Toon/Shader/UCTS_DoubleShadeWithFeather.cginc
  artifactKey: Guid(80bd7ce6cad775a4e9de24e18eb5e61e) Importer(2089858483,0ecaa5967403d082aa24f35e1b516d23)
Start importing Assets/3D/FujitoWork/Toon/Shader/UCTS_DoubleShadeWithFeather.cginc using Guid(80bd7ce6cad775a4e9de24e18eb5e61e) Importer(2089858483,0ecaa5967403d082aa24f35e1b516d23)  -> (artifact id: '3727559aee017980c5f3ab5ae23de49c') in 0.014108 seconds
Number of updated asset objects reloaded before import = 0
Number of asset objects unloaded after import = 1
========================================================================
Received Import Request.
  Time since last request: 0.000117 seconds.
  path: Assets/PlayMaker/Actions/Quaternion/Editor/GetQuaternionMultipliedByVectorCustomEditor.cs
  artifactKey: Guid(253be90cf8caf4bc2bd90962a721c804) Importer(2089858483,0ecaa5967403d082aa24f35e1b516d23)
Start importing Assets/PlayMaker/Actions/Quaternion/Editor/GetQuaternionMultipliedByVectorCustomEditor.cs using Guid(253be90cf8caf4bc2bd90962a721c804) Importer(2089858483,0ecaa5967403d082aa24f35e1b516d23)  -> (artifact id: 'c58245a1a89ebefdbdb84d4563ec22ed') in 0.015954 seconds
Number of updated asset objects reloaded before import = 0
Number of asset objects unloaded after import = 1
========================================================================
Received Import Request.
  Time since last request: 0.000010 seconds.
  path: Assets/UniGLTF/UniJSON/Editor/Tests/MsgPack/MapTest.cs
  artifactKey: Guid(87a626e93589db14fbe4526c9880b110) Importer(2089858483,0ecaa5967403d082aa24f35e1b516d23)
Start importing Assets/UniGLTF/UniJSON/Editor/Tests/MsgPack/MapTest.cs using Guid(87a626e93589db14fbe4526c9880b110) Importer(2089858483,0ecaa5967403d082aa24f35e1b516d23)  -> (artifact id: '0bdab292eea9f9b4bb3f4075db1f29d9') in 0.014668 seconds
Number of updated asset objects reloaded before import = 0
Number of asset objects unloaded after import = 1
========================================================================
Received Import Request.
  Time since last request: 0.000091 seconds.
  path: Assets/PlayMaker/Actions/UI/EventSystem/UiGetSelectedGameObject.cs
  artifactKey: Guid(3d76b49e8f829c842a5e97a88db35366) Importer(2089858483,0ecaa5967403d082aa24f35e1b516d23)
Start importing Assets/PlayMaker/Actions/UI/EventSystem/UiGetSelectedGameObject.cs using Guid(3d76b49e8f829c842a5e97a88db35366) Importer(2089858483,0ecaa5967403d082aa24f35e1b516d23)  -> (artifact id: '60e63cd181312855ae00271b5381b7e7') in 0.014493 seconds
Number of updated asset objects reloaded before import = 0
Number of asset objects unloaded after import = 1
========================================================================
Received Import Request.
  Time since last request: 0.000020 seconds.
  path: Assets/STYLY_Plugin/STYLY_Playmaker_CustomActions/3rdParty/Release/unity-audio-spectrum/Editor/AudioSpectrumInspector.cs
  artifactKey: Guid(99af738ae9880b54abe52f5e8ed2e44c) Importer(2089858483,0ecaa5967403d082aa24f35e1b516d23)
Start importing Assets/STYLY_Plugin/STYLY_Playmaker_CustomActions/3rdParty/Release/unity-audio-spectrum/Editor/AudioSpectrumInspector.cs using Guid(99af738ae9880b54abe52f5e8ed2e44c) Importer(2089858483,0ecaa5967403d082aa24f35e1b516d23)  -> (artifact id: 'bc241a4f1219e6775622e6367db3efba') in 0.014987 seconds
Number of updated asset objects reloaded before import = 0
Number of asset objects unloaded after import = 1
========================================================================
Received Import Request.
  Time since last request: 0.000011 seconds.
  path: Assets/PlayMaker/Actions/SceneManager/Editor/GetSceneNameCustomEditor.cs
  artifactKey: Guid(ae6e38f5b5f754a2e9de33529519bef5) Importer(2089858483,0ecaa5967403d082aa24f35e1b516d23)
Start importing Assets/PlayMaker/Actions/SceneManager/Editor/GetSceneNameCustomEditor.cs using Guid(ae6e38f5b5f754a2e9de33529519bef5) Importer(2089858483,0ecaa5967403d082aa24f35e1b516d23)  -> (artifact id: 'b7ea1a8fda277e301589564275fb0df3') in 0.013867 seconds
Number of updated asset objects reloaded before import = 0
Number of asset objects unloaded after import = 1
========================================================================
Received Import Request.
  Time since last request: 0.000024 seconds.
  path: Assets/STYLY_Plugin/STYLY_Playmaker_CustomActions/CustomActions/Release/PostHttpRequest.cs
  artifactKey: Guid(4eb105aefa4c9de43a45226770c60fe7) Importer(2089858483,0ecaa5967403d082aa24f35e1b516d23)
Start importing Assets/STYLY_Plugin/STYLY_Playmaker_CustomActions/CustomActions/Release/PostHttpRequest.cs using Guid(4eb105aefa4c9de43a45226770c60fe7) Importer(2089858483,0ecaa5967403d082aa24f35e1b516d23)  -> (artifact id: 'bcc763faf1ea7bfa79c73fd8632a704a') in 0.012885 seconds
Number of updated asset objects reloaded before import = 0
Number of asset objects unloaded after import = 1
========================================================================
Received Import Request.
  Time since last request: 0.000011 seconds.
  path: Assets/PlayMaker/Actions/Animator/Editor/GetAnimatorBoneGameObjectActionEditor.cs
  artifactKey: Guid(7016201662a0f43ef90cdc27ef28d2f3) Importer(2089858483,0ecaa5967403d082aa24f35e1b516d23)
Start importing Assets/PlayMaker/Actions/Animator/Editor/GetAnimatorBoneGameObjectActionEditor.cs using Guid(7016201662a0f43ef90cdc27ef28d2f3) Importer(2089858483,0ecaa5967403d082aa24f35e1b516d23)  -> (artifact id: '5280207cebaed59458ae0226b16f247e') in 0.014462 seconds
Number of updated asset objects reloaded before import = 0
Number of asset objects unloaded after import = 1
========================================================================
Received Import Request.
  Time since last request: 0.000009 seconds.
  path: Assets/UniGLTF/Core/Scripts/IO/AnimationImporter.cs
  artifactKey: Guid(d602384685dd4f179350052013659720) Importer(2089858483,0ecaa5967403d082aa24f35e1b516d23)
Start importing Assets/UniGLTF/Core/Scripts/IO/AnimationImporter.cs using Guid(d602384685dd4f179350052013659720) Importer(2089858483,0ecaa5967403d082aa24f35e1b516d23)  -> (artifact id: '51557bda070d2b39ddb65a1fb3ef7ab9') in 0.012006 seconds
Number of updated asset objects reloaded before import = 0
Number of asset objects unloaded after import = 1
========================================================================
Received Import Request.
  Time since last request: 0.000010 seconds.
  path: Assets/PlayMaker/Actions/Quaternion/Editor/GetQuaternionEulerAnglesCustomEditor.cs
  artifactKey: Guid(3be6a1c071c024b41ba9f6177d1fe2c0) Importer(2089858483,0ecaa5967403d082aa24f35e1b516d23)
Start importing Assets/PlayMaker/Actions/Quaternion/Editor/GetQuaternionEulerAnglesCustomEditor.cs using Guid(3be6a1c071c024b41ba9f6177d1fe2c0) Importer(2089858483,0ecaa5967403d082aa24f35e1b516d23)  -> (artifact id: '0421303910790d0a589a897924bbaa6e') in 0.012111 seconds
Number of updated asset objects reloaded before import = 0
Number of asset objects unloaded after import = 1
========================================================================
Received Import Request.
  Time since last request: 0.000012 seconds.
  path: Assets/PlayMaker/Actions/SceneManager/Editor/LoadSceneAsynchCustomEditor.cs
  artifactKey: Guid(5f75dd5cdbbff41059666f2fa0e54303) Importer(2089858483,0ecaa5967403d082aa24f35e1b516d23)
Start importing Assets/PlayMaker/Actions/SceneManager/Editor/LoadSceneAsynchCustomEditor.cs using Guid(5f75dd5cdbbff41059666f2fa0e54303) Importer(2089858483,0ecaa5967403d082aa24f35e1b516d23)  -> (artifact id: '3d96bef0216924c45ad88f29f4fbc700') in 0.013397 seconds
Number of updated asset objects reloaded before import = 0
Number of asset objects unloaded after import = 1
========================================================================
Received Import Request.
  Time since last request: 0.000017 seconds.
  path: Assets/UniGLTF/Core/Scripts/IO/UnityPath.cs
  artifactKey: Guid(7b7af908694806c469d62ce0b5b2f06a) Importer(2089858483,0ecaa5967403d082aa24f35e1b516d23)
Start importing Assets/UniGLTF/Core/Scripts/IO/UnityPath.cs using Guid(7b7af908694806c469d62ce0b5b2f06a) Importer(2089858483,0ecaa5967403d082aa24f35e1b516d23)  -> (artifact id: '707ca74ae4e6b5095855326cca745d9c') in 0.013282 seconds
Number of updated asset objects reloaded before import = 0
Number of asset objects unloaded after import = 1
========================================================================
Received Import Request.
  Time since last request: 0.000018 seconds.
  path: Assets/STYLY_Plugin/STYLY_Playmaker_CustomActions/StylyService/DummyImpls/DummyVideoPlayer/DummyVideoPlayerResources.asset
  artifactKey: Guid(e2906eea3e577a64c9abcfa4d6260f21) Importer(2089858483,0ecaa5967403d082aa24f35e1b516d23)
Start importing Assets/STYLY_Plugin/STYLY_Playmaker_CustomActions/StylyService/DummyImpls/DummyVideoPlayer/DummyVideoPlayerResources.asset using Guid(e2906eea3e577a64c9abcfa4d6260f21) Importer(2089858483,0ecaa5967403d082aa24f35e1b516d23)  -> (artifact id: '0e3cb98f4426610bf4473715ec7be383') in 0.023852 seconds
Number of updated asset objects reloaded before import = 0
Number of asset objects unloaded after import = 2
========================================================================
Received Import Request.
  Time since last request: 0.000011 seconds.
  path: Assets/STYLY_Plugin/UI/Editor/Settings/Settings.uxml
  artifactKey: Guid(38cab0e2af148e340bc883de150f3a54) Importer(2089858483,0ecaa5967403d082aa24f35e1b516d23)
Start importing Assets/STYLY_Plugin/UI/Editor/Settings/Settings.uxml using Guid(38cab0e2af148e340bc883de150f3a54) Importer(2089858483,0ecaa5967403d082aa24f35e1b516d23)  -> (artifact id: '702e47eea21f9d2b387d32ee5f1cdd91') in 0.021392 seconds
Number of updated asset objects reloaded before import = 0
Number of asset objects unloaded after import = 3
========================================================================
Received Import Request.
  Time since last request: 0.000010 seconds.
  path: Assets/STYLY_Plugin/STYLY_Playmaker_CustomActions/CustomActions/Release/IsAppTypeStandaloneXR.cs
  artifactKey: Guid(fc5f4d948aa0f0d459257a57d0dad695) Importer(2089858483,0ecaa5967403d082aa24f35e1b516d23)
Start importing Assets/STYLY_Plugin/STYLY_Playmaker_CustomActions/CustomActions/Release/IsAppTypeStandaloneXR.cs using Guid(fc5f4d948aa0f0d459257a57d0dad695) Importer(2089858483,0ecaa5967403d082aa24f35e1b516d23)  -> (artifact id: '509e19a27eff08ba2cec04978504874a') in 0.014483 seconds
Number of updated asset objects reloaded before import = 0
Number of asset objects unloaded after import = 1
========================================================================
Received Import Request.
  Time since last request: 0.000010 seconds.
  path: Assets/STYLY_Plugin/STYLY_Playmaker_CustomActions/3rdParty/Release/unity-audio-spectrum/AudioSpectrum.cs
  artifactKey: Guid(c7931027874357b4e8f40963a02f137c) Importer(2089858483,0ecaa5967403d082aa24f35e1b516d23)
Start importing Assets/STYLY_Plugin/STYLY_Playmaker_CustomActions/3rdParty/Release/unity-audio-spectrum/AudioSpectrum.cs using Guid(c7931027874357b4e8f40963a02f137c) Importer(2089858483,0ecaa5967403d082aa24f35e1b516d23)  -> (artifact id: '7eac5c9ff6b0e50f545732c5e476f6f7') in 0.011368 seconds
Number of updated asset objects reloaded before import = 0
Number of asset objects unloaded after import = 1
========================================================================
Received Import Request.
  Time since last request: 0.000009 seconds.
  path: Assets/UniGLTF/UniJSON/Scripts/JsonSchemaValidator/JsonSchemaValidatorFactory.cs
  artifactKey: Guid(9fef66d39a7b22b499bea68e0b22d000) Importer(2089858483,0ecaa5967403d082aa24f35e1b516d23)
Start importing Assets/UniGLTF/UniJSON/Scripts/JsonSchemaValidator/JsonSchemaValidatorFactory.cs using Guid(9fef66d39a7b22b499bea68e0b22d000) Importer(2089858483,0ecaa5967403d082aa24f35e1b516d23)  -> (artifact id: '06f54153f662e6e516b54d0ff67e448f') in 0.009095 seconds
Number of updated asset objects reloaded before import = 0
Number of asset objects unloaded after import = 1
========================================================================
Received Import Request.
  Time since last request: 0.000009 seconds.
  path: Assets/PlayMaker/Actions/UI/Selectable/UiExplicitNavigationGetProperties.cs
  artifactKey: Guid(dc225d859d710334f8de3895044f432b) Importer(2089858483,0ecaa5967403d082aa24f35e1b516d23)
Start importing Assets/PlayMaker/Actions/UI/Selectable/UiExplicitNavigationGetProperties.cs using Guid(dc225d859d710334f8de3895044f432b) Importer(2089858483,0ecaa5967403d082aa24f35e1b516d23)  -> (artifact id: '5e361340e5bc37555fd223eb9102c50b') in 0.014240 seconds
Number of updated asset objects reloaded before import = 0
Number of asset objects unloaded after import = 1
========================================================================
Received Import Request.
  Time since last request: 0.000010 seconds.
  path: Assets/STYLY_Plugin/STYLY_MaintenanceTool/Scripts/Runtime/PCVRUtility.cs
  artifactKey: Guid(25f4e895d669bf14d905fbd4ce1906cf) Importer(2089858483,0ecaa5967403d082aa24f35e1b516d23)
Start importing Assets/STYLY_Plugin/STYLY_MaintenanceTool/Scripts/Runtime/PCVRUtility.cs using Guid(25f4e895d669bf14d905fbd4ce1906cf) Importer(2089858483,0ecaa5967403d082aa24f35e1b516d23)  -> (artifact id: 'a26df54b95039b1233537aa9b0ab36fe') in 0.011821 seconds
Number of updated asset objects reloaded before import = 0
Number of asset objects unloaded after import = 1
========================================================================
Received Import Request.
  Time since last request: 0.000029 seconds.
  path: Assets/PlayMaker/Actions/SceneManager/Editor/LoadSceneCustomEditor.cs
  artifactKey: Guid(a80337176c55645fb874f43f22145d96) Importer(2089858483,0ecaa5967403d082aa24f35e1b516d23)
Start importing Assets/PlayMaker/Actions/SceneManager/Editor/LoadSceneCustomEditor.cs using Guid(a80337176c55645fb874f43f22145d96) Importer(2089858483,0ecaa5967403d082aa24f35e1b516d23)  -> (artifact id: '5bd65000b65aac4b4cb6b8af1718248c') in 0.013463 seconds
Number of updated asset objects reloaded before import = 0
Number of asset objects unloaded after import = 1
========================================================================
Received Import Request.
  Time since last request: 0.000011 seconds.
  path: Assets/PlayMaker/Actions/Tween/BaseActions/TweenComponentBase.cs
  artifactKey: Guid(a0e4154c32b13d04a9ef02630eafc753) Importer(2089858483,0ecaa5967403d082aa24f35e1b516d23)
Start importing Assets/PlayMaker/Actions/Tween/BaseActions/TweenComponentBase.cs using Guid(a0e4154c32b13d04a9ef02630eafc753) Importer(2089858483,0ecaa5967403d082aa24f35e1b516d23)  -> (artifact id: 'e3d5f6ed7e07adc1c1de9f0a8dd5f1cd') in 0.012171 seconds
Number of updated asset objects reloaded before import = 0
Number of asset objects unloaded after import = 1
========================================================================
Received Import Request.
  Time since last request: 0.000012 seconds.
  path: Assets/UniGLTF/Core/Scripts/IO/NodeImporter.cs
  artifactKey: Guid(dcc3725a84dcf7f49960c89f1f68534c) Importer(2089858483,0ecaa5967403d082aa24f35e1b516d23)
Start importing Assets/UniGLTF/Core/Scripts/IO/NodeImporter.cs using Guid(dcc3725a84dcf7f49960c89f1f68534c) Importer(2089858483,0ecaa5967403d082aa24f35e1b516d23)  -> (artifact id: '839644b0c47975755807b587b99fe694') in 0.014269 seconds
Number of updated asset objects reloaded before import = 0
Number of asset objects unloaded after import = 1
========================================================================
Received Import Request.
  Time since last request: 0.000086 seconds.
  path: Assets/UniGLTF/Core/Scripts/Format/BytesBuffer.cs
  artifactKey: Guid(33b0000c5446b7547bcad1da1e9768ed) Importer(2089858483,0ecaa5967403d082aa24f35e1b516d23)
Start importing Assets/UniGLTF/Core/Scripts/Format/BytesBuffer.cs using Guid(33b0000c5446b7547bcad1da1e9768ed) Importer(2089858483,0ecaa5967403d082aa24f35e1b516d23)  -> (artifact id: '1ba3cb56ffee51ef0620734f1ca70193') in 0.011857 seconds
Number of updated asset objects reloaded before import = 0
Number of asset objects unloaded after import = 1
========================================================================
Received Import Request.
  Time since last request: 0.000010 seconds.
  path: Assets/UniGLTF/Core/Scripts/IO/ShaderPropExporter/PreShaderPropExporter.cs
  artifactKey: Guid(50935dd2f9f3fa445a687f30d4dd663b) Importer(2089858483,0ecaa5967403d082aa24f35e1b516d23)
Start importing Assets/UniGLTF/Core/Scripts/IO/ShaderPropExporter/PreShaderPropExporter.cs using Guid(50935dd2f9f3fa445a687f30d4dd663b) Importer(2089858483,0ecaa5967403d082aa24f35e1b516d23)  -> (artifact id: '347726f9e440f20b4d0aa747c43d78d1') in 0.011495 seconds
Number of updated asset objects reloaded before import = 0
Number of asset objects unloaded after import = 1
========================================================================
Received Import Request.
  Time since last request: 0.000010 seconds.
  path: Assets/UniGLTF/Core/Scripts/IO/TextureSamplerUtil.cs
  artifactKey: Guid(f3929edbda61f9346906bfab93411b98) Importer(2089858483,0ecaa5967403d082aa24f35e1b516d23)
Start importing Assets/UniGLTF/Core/Scripts/IO/TextureSamplerUtil.cs using Guid(f3929edbda61f9346906bfab93411b98) Importer(2089858483,0ecaa5967403d082aa24f35e1b516d23)  -> (artifact id: 'd631aef774ab112c21822bb920840d89') in 0.016218 seconds
Number of updated asset objects reloaded before import = 0
Number of asset objects unloaded after import = 1
========================================================================
Received Import Request.
  Time since last request: 0.000013 seconds.
  path: Assets/UniGLTF/Core/Scripts/Format/JsonSerializableBase.cs
  artifactKey: Guid(d169186adbfc59b4b882611d37f0a282) Importer(2089858483,0ecaa5967403d082aa24f35e1b516d23)
Start importing Assets/UniGLTF/Core/Scripts/Format/JsonSerializableBase.cs using Guid(d169186adbfc59b4b882611d37f0a282) Importer(2089858483,0ecaa5967403d082aa24f35e1b516d23)  -> (artifact id: '26cf2d938815076af13cbc56592424fa') in 0.011841 seconds
Number of updated asset objects reloaded before import = 0
Number of asset objects unloaded after import = 1
========================================================================
Received Import Request.
  Time since last request: 0.000010 seconds.
  path: Assets/UniGLTF/UniHumanoid/Scripts/Editor/MuscleInspectorEditor.cs
  artifactKey: Guid(0d2c3401d1adf41488c19ec4d47386a0) Importer(2089858483,0ecaa5967403d082aa24f35e1b516d23)
Start importing Assets/UniGLTF/UniHumanoid/Scripts/Editor/MuscleInspectorEditor.cs using Guid(0d2c3401d1adf41488c19ec4d47386a0) Importer(2089858483,0ecaa5967403d082aa24f35e1b516d23)  -> (artifact id: '6f1c3af9af56420bb823b4de76fe53cb') in 0.016277 seconds
Number of updated asset objects reloaded before import = 0
Number of asset objects unloaded after import = 1
========================================================================
Received Import Request.
  Time since last request: 0.000009 seconds.
  path: Assets/UniGLTF/UniJSON/Scripts/Json/JsonSchemaAttribute.cs
  artifactKey: Guid(e79a9be81d4b0fc4ebd9ca47d0f20a04) Importer(2089858483,0ecaa5967403d082aa24f35e1b516d23)
Start importing Assets/UniGLTF/UniJSON/Scripts/Json/JsonSchemaAttribute.cs using Guid(e79a9be81d4b0fc4ebd9ca47d0f20a04) Importer(2089858483,0ecaa5967403d082aa24f35e1b516d23)  -> (artifact id: '4e7b362026988d96068abbb0cc792369') in 0.016158 seconds
Number of updated asset objects reloaded before import = 0
Number of asset objects unloaded after import = 1
========================================================================
Received Import Request.
  Time since last request: 0.000010 seconds.
  path: Assets/UniGLTF/Core/Scripts/PreExportShaderProps/Unlit_Transparent.cs
  artifactKey: Guid(b98a8ee8ca13abb43809305cc4e5571a) Importer(2089858483,0ecaa5967403d082aa24f35e1b516d23)
Start importing Assets/UniGLTF/Core/Scripts/PreExportShaderProps/Unlit_Transparent.cs using Guid(b98a8ee8ca13abb43809305cc4e5571a) Importer(2089858483,0ecaa5967403d082aa24f35e1b516d23)  -> (artifact id: '7e9d3a40766e5e71c31470a1e34f2d05') in 0.015679 seconds
Number of updated asset objects reloaded before import = 0
Number of asset objects unloaded after import = 1
========================================================================
Received Import Request.
  Time since last request: 0.000009 seconds.
  path: Assets/STYLY_Plugin/STYLY_InteractionSDK/Simulator/DummyImpls/DummyMover.cs
  artifactKey: Guid(5ecc586e705164342b404789070f03ed) Importer(2089858483,0ecaa5967403d082aa24f35e1b516d23)
Start importing Assets/STYLY_Plugin/STYLY_InteractionSDK/Simulator/DummyImpls/DummyMover.cs using Guid(5ecc586e705164342b404789070f03ed) Importer(2089858483,0ecaa5967403d082aa24f35e1b516d23)  -> (artifact id: '88a063b8e664b744d387dcc68ebd9b2a') in 0.013894 seconds
Number of updated asset objects reloaded before import = 0
Number of asset objects unloaded after import = 1
========================================================================
Received Import Request.
  Time since last request: 0.000010 seconds.
  path: Assets/STYLY_Plugin/STYLY_InteractionSDK/Simulator/UI/guide_mouse.png
  artifactKey: Guid(d4b0387cef58fc84eb880a5fe7011512) Importer(2089858483,0ecaa5967403d082aa24f35e1b516d23)
Start importing Assets/STYLY_Plugin/STYLY_InteractionSDK/Simulator/UI/guide_mouse.png using Guid(d4b0387cef58fc84eb880a5fe7011512) Importer(2089858483,0ecaa5967403d082aa24f35e1b516d23)  -> (artifact id: '7afb6d8f071838917060ea83dd25a6cf') in 0.021143 seconds
Number of updated asset objects reloaded before import = 0
Number of asset objects unloaded after import = 3
========================================================================
Received Import Request.
  Time since last request: 0.000011 seconds.
  path: Assets/STYLY_Plugin/STYLY_MaintenanceTool/LocalPreviewTool/Editor/LocalPreviewToolError.cs
  artifactKey: Guid(ed5b97f1aed0b4ede96e95c595b19cd0) Importer(2089858483,0ecaa5967403d082aa24f35e1b516d23)
Start importing Assets/STYLY_Plugin/STYLY_MaintenanceTool/LocalPreviewTool/Editor/LocalPreviewToolError.cs using Guid(ed5b97f1aed0b4ede96e95c595b19cd0) Importer(2089858483,0ecaa5967403d082aa24f35e1b516d23)  -> (artifact id: 'dfa40c4e3a6b2fef0398183406cfd4c4') in 0.011194 seconds
Number of updated asset objects reloaded before import = 0
Number of asset objects unloaded after import = 1
========================================================================
Received Import Request.
  Time since last request: 0.000009 seconds.
  path: Assets/UniGLTF/Core/Scripts/Format/MonoBehaviourComparator.cs
  artifactKey: Guid(7cee53236ca4f234ab42ba8e92afd178) Importer(2089858483,0ecaa5967403d082aa24f35e1b516d23)
Start importing Assets/UniGLTF/Core/Scripts/Format/MonoBehaviourComparator.cs using Guid(7cee53236ca4f234ab42ba8e92afd178) Importer(2089858483,0ecaa5967403d082aa24f35e1b516d23)  -> (artifact id: 'e87e4a39e6825f0e02b6f2da2b56d7eb') in 0.014340 seconds
Number of updated asset objects reloaded before import = 0
Number of asset objects unloaded after import = 1
========================================================================
Received Import Request.
  Time since last request: 0.000020 seconds.
  path: Assets/STYLY_Plugin/STYLY_MaintenanceTool/Scripts/Editor/AssetBundleUtility.cs
  artifactKey: Guid(5af48f099fa98df4ca9cfa8e1761d9b6) Importer(2089858483,0ecaa5967403d082aa24f35e1b516d23)
Start importing Assets/STYLY_Plugin/STYLY_MaintenanceTool/Scripts/Editor/AssetBundleUtility.cs using Guid(5af48f099fa98df4ca9cfa8e1761d9b6) Importer(2089858483,0ecaa5967403d082aa24f35e1b516d23)  -> (artifact id: '540cf9c4941d1dcbcdc571f89f7ab5f8') in 0.013758 seconds
Number of updated asset objects reloaded before import = 0
Number of asset objects unloaded after import = 1
========================================================================
Received Import Request.
  Time since last request: 0.000021 seconds.
  path: Assets/STYLY_Plugin/STYLY_InteractionSDK/Runtime/FeatureComponents/Interfaces/IEquipment.cs
  artifactKey: Guid(8e483fc427e62d643a10192883c4aeae) Importer(2089858483,0ecaa5967403d082aa24f35e1b516d23)
Start importing Assets/STYLY_Plugin/STYLY_InteractionSDK/Runtime/FeatureComponents/Interfaces/IEquipment.cs using Guid(8e483fc427e62d643a10192883c4aeae) Importer(2089858483,0ecaa5967403d082aa24f35e1b516d23)  -> (artifact id: '8bc53fdc25b0105ea689ce1d25aea324') in 0.013612 seconds
Number of updated asset objects reloaded before import = 0
Number of asset objects unloaded after import = 1
========================================================================
Received Import Request.
  Time since last request: 0.000009 seconds.
  path: Assets/PlayMaker/Actions/Tween/Editor/TweenScaleEditor.cs
  artifactKey: Guid(e8e4c47b1354dfa409fbe1e25ae7bcae) Importer(2089858483,0ecaa5967403d082aa24f35e1b516d23)
Start importing Assets/PlayMaker/Actions/Tween/Editor/TweenScaleEditor.cs using Guid(e8e4c47b1354dfa409fbe1e25ae7bcae) Importer(2089858483,0ecaa5967403d082aa24f35e1b516d23)  -> (artifact id: 'a625a1b560f96c21be750956379528dc') in 0.013367 seconds
Number of updated asset objects reloaded before import = 0
Number of asset objects unloaded after import = 1
========================================================================
Received Import Request.
  Time since last request: 0.000011 seconds.
  path: Assets/STYLY_Plugin/STYLY_InteractionSDK/Simulator/DummyImpls/DummyBreakable.cs
  artifactKey: Guid(b87efb55daabfcd4ca457416b4b20845) Importer(2089858483,0ecaa5967403d082aa24f35e1b516d23)
Start importing Assets/STYLY_Plugin/STYLY_InteractionSDK/Simulator/DummyImpls/DummyBreakable.cs using Guid(b87efb55daabfcd4ca457416b4b20845) Importer(2089858483,0ecaa5967403d082aa24f35e1b516d23)  -> (artifact id: '2f09cf18e1a97f74dca2f894bb8fc1b4') in 0.011605 seconds
Number of updated asset objects reloaded before import = 0
Number of asset objects unloaded after import = 1
========================================================================
Received Import Request.
  Time since last request: 0.000011 seconds.
  path: Assets/PlayMaker/Actions/UI/Selectable/UiGetBlockColor.cs
  artifactKey: Guid(da4f17bc215296348b4bb3850e8043db) Importer(2089858483,0ecaa5967403d082aa24f35e1b516d23)
Start importing Assets/PlayMaker/Actions/UI/Selectable/UiGetBlockColor.cs using Guid(da4f17bc215296348b4bb3850e8043db) Importer(2089858483,0ecaa5967403d082aa24f35e1b516d23)  -> (artifact id: 'e2c64c4d1f33e970e824b6ca73e6fc70') in 0.012819 seconds
Number of updated asset objects reloaded before import = 0
Number of asset objects unloaded after import = 1
========================================================================
Received Import Request.
  Time since last request: 0.000023 seconds.
  path: Assets/UniGLTF/Core/Scripts/IO/TextureLoader.cs
  artifactKey: Guid(4ffd8b31d371e024593b9aff2cf2495b) Importer(2089858483,0ecaa5967403d082aa24f35e1b516d23)
Start importing Assets/UniGLTF/Core/Scripts/IO/TextureLoader.cs using Guid(4ffd8b31d371e024593b9aff2cf2495b) Importer(2089858483,0ecaa5967403d082aa24f35e1b516d23)  -> (artifact id: 'c59f620e524eea00ac2cdf298e911224') in 0.014079 seconds
Number of updated asset objects reloaded before import = 0
Number of asset objects unloaded after import = 1
========================================================================
Received Import Request.
  Time since last request: 0.000009 seconds.
  path: Assets/UniGLTF/Core/Scripts/PreExportShaderProps/Unlit_Color.cs
  artifactKey: Guid(4f91421c5846d5d48933d2ee4ffeeceb) Importer(2089858483,0ecaa5967403d082aa24f35e1b516d23)
Start importing Assets/UniGLTF/Core/Scripts/PreExportShaderProps/Unlit_Color.cs using Guid(4f91421c5846d5d48933d2ee4ffeeceb) Importer(2089858483,0ecaa5967403d082aa24f35e1b516d23)  -> (artifact id: '5d7852f93fd7d928e699bb2a1a8f2f3d') in 0.010412 seconds
Number of updated asset objects reloaded before import = 0
Number of asset objects unloaded after import = 1
========================================================================
Received Import Request.
  Time since last request: 0.000010 seconds.
  path: Assets/UniGLTF/Core/Scripts/IO/ZipArchiveStorage.cs
  artifactKey: Guid(b5aadac20fc53d04abe0492399479ce5) Importer(2089858483,0ecaa5967403d082aa24f35e1b516d23)
Start importing Assets/UniGLTF/Core/Scripts/IO/ZipArchiveStorage.cs using Guid(b5aadac20fc53d04abe0492399479ce5) Importer(2089858483,0ecaa5967403d082aa24f35e1b516d23)  -> (artifact id: 'f8955fb9c209556beed53828755ecde8') in 0.014757 seconds
Number of updated asset objects reloaded before import = 0
Number of asset objects unloaded after import = 1
========================================================================
Received Import Request.
  Time since last request: 0.000011 seconds.
  path: Assets/STYLY_Plugin/STYLY_Playmaker_CustomActions/CustomActions/Release/VideoSetVolume.cs
  artifactKey: Guid(cfb0d8de398a64f4aa9d86d791064ef8) Importer(2089858483,0ecaa5967403d082aa24f35e1b516d23)
Start importing Assets/STYLY_Plugin/STYLY_Playmaker_CustomActions/CustomActions/Release/VideoSetVolume.cs using Guid(cfb0d8de398a64f4aa9d86d791064ef8) Importer(2089858483,0ecaa5967403d082aa24f35e1b516d23)  -> (artifact id: '9e9231682e6cead48c7536e7cdbdc2ca') in 0.013162 seconds
Number of updated asset objects reloaded before import = 0
Number of asset objects unloaded after import = 1
========================================================================
Received Import Request.
  Time since last request: 0.000009 seconds.
  path: Assets/PlayMaker/Actions/Animator/Editor/GetAnimatorBodyActionEditor.cs
  artifactKey: Guid(9b4236b4c39b2473cbf4769015bd1545) Importer(2089858483,0ecaa5967403d082aa24f35e1b516d23)
Start importing Assets/PlayMaker/Actions/Animator/Editor/GetAnimatorBodyActionEditor.cs using Guid(9b4236b4c39b2473cbf4769015bd1545) Importer(2089858483,0ecaa5967403d082aa24f35e1b516d23)  -> (artifact id: '5556913c9e527b0b84bc79239e41f6c4') in 0.014432 seconds
Number of updated asset objects reloaded before import = 0
Number of asset objects unloaded after import = 1
========================================================================
Received Import Request.
  Time since last request: 0.000010 seconds.
  path: Assets/STYLY_Plugin/STYLY_InteractionSDK/Simulator/DummyImpls/DummySpawner.cs
  artifactKey: Guid(8591c94726eb78247b1ba2ec3bf7560c) Importer(2089858483,0ecaa5967403d082aa24f35e1b516d23)
Start importing Assets/STYLY_Plugin/STYLY_InteractionSDK/Simulator/DummyImpls/DummySpawner.cs using Guid(8591c94726eb78247b1ba2ec3bf7560c) Importer(2089858483,0ecaa5967403d082aa24f35e1b516d23)  -> (artifact id: 'b79ca8a8ce1418a201f79feef24e82d9') in 0.015229 seconds
Number of updated asset objects reloaded before import = 0
Number of asset objects unloaded after import = 1
========================================================================
Received Import Request.
  Time since last request: 0.000009 seconds.
  path: Assets/STYLY_Plugin/STYLY_InteractionSDK/Simulator/DummyImpls/DummyColliderTrigger.cs
  artifactKey: Guid(2bd9b5eaa39325345ab72c5db7a3bee5) Importer(2089858483,0ecaa5967403d082aa24f35e1b516d23)
Start importing Assets/STYLY_Plugin/STYLY_InteractionSDK/Simulator/DummyImpls/DummyColliderTrigger.cs using Guid(2bd9b5eaa39325345ab72c5db7a3bee5) Importer(2089858483,0ecaa5967403d082aa24f35e1b516d23)  -> (artifact id: '60eda80f4d131fbc7f0a35ca6781e1b9') in 0.012305 seconds
Number of updated asset objects reloaded before import = 0
Number of asset objects unloaded after import = 1
========================================================================
Received Import Request.
  Time since last request: 0.000029 seconds.
  path: Assets/UniGLTF/Core/Scripts/Format/glTFBuffer.cs
  artifactKey: Guid(50888f361f18c3140a23e9bfdcf43557) Importer(2089858483,0ecaa5967403d082aa24f35e1b516d23)
Start importing Assets/UniGLTF/Core/Scripts/Format/glTFBuffer.cs using Guid(50888f361f18c3140a23e9bfdcf43557) Importer(2089858483,0ecaa5967403d082aa24f35e1b516d23)  -> (artifact id: '4dcb86eb2e4ece0e36e8c08eca0819de') in 0.013676 seconds
Number of updated asset objects reloaded before import = 0
Number of asset objects unloaded after import = 1
========================================================================
Received Import Request.
  Time since last request: 0.000012 seconds.
  path: Assets/UniGLTF/UniJSON/Scripts/IStore/StringBuilderStore.cs
  artifactKey: Guid(74639d64f5620dd45a1a8edc65f48aab) Importer(2089858483,0ecaa5967403d082aa24f35e1b516d23)
Start importing Assets/UniGLTF/UniJSON/Scripts/IStore/StringBuilderStore.cs using Guid(74639d64f5620dd45a1a8edc65f48aab) Importer(2089858483,0ecaa5967403d082aa24f35e1b516d23)  -> (artifact id: '387b3479a2d408c0b065180bf2a1d9fe') in 0.012755 seconds
Number of updated asset objects reloaded before import = 0
Number of asset objects unloaded after import = 1
========================================================================
Received Import Request.
  Time since last request: 0.000014 seconds.
  path: Assets/UniGLTF/Core/Scripts/Format/glTFMesh.cs
  artifactKey: Guid(20634c83ea30c99449cd85ef46368b13) Importer(2089858483,0ecaa5967403d082aa24f35e1b516d23)
Start importing Assets/UniGLTF/Core/Scripts/Format/glTFMesh.cs using Guid(20634c83ea30c99449cd85ef46368b13) Importer(2089858483,0ecaa5967403d082aa24f35e1b516d23)  -> (artifact id: '8ba8e09d0872fde0d610fc6e6d423010') in 0.012986 seconds
Number of updated asset objects reloaded before import = 0
Number of asset objects unloaded after import = 1
========================================================================
Received Import Request.
  Time since last request: 0.000035 seconds.
  path: Assets/UniGLTF/Core/Scripts/Format/glTFAssets.cs
  artifactKey: Guid(1b759a27457c3cb49adea3fba807e447) Importer(2089858483,0ecaa5967403d082aa24f35e1b516d23)
Start importing Assets/UniGLTF/Core/Scripts/Format/glTFAssets.cs using Guid(1b759a27457c3cb49adea3fba807e447) Importer(2089858483,0ecaa5967403d082aa24f35e1b516d23)  -> (artifact id: 'ee5cf3ddbe2f76b96d173bcb1011efe2') in 0.013995 seconds
Number of updated asset objects reloaded before import = 0
Number of asset objects unloaded after import = 1
========================================================================
Received Import Request.
  Time since last request: 0.000015 seconds.
  path: Assets/PlayMaker/Actions/UI/EventSystem/UiGetLastPointerEventDataInputButton.cs
  artifactKey: Guid(12c1a9393737f174b8c8636242dab53d) Importer(2089858483,0ecaa5967403d082aa24f35e1b516d23)
Start importing Assets/PlayMaker/Actions/UI/EventSystem/UiGetLastPointerEventDataInputButton.cs using Guid(12c1a9393737f174b8c8636242dab53d) Importer(2089858483,0ecaa5967403d082aa24f35e1b516d23)  -> (artifact id: 'e7a8f6884cc79743ad6570f45c0f57d1') in 0.016070 seconds
Number of updated asset objects reloaded before import = 0
Number of asset objects unloaded after import = 1
========================================================================
Received Import Request.
  Time since last request: 0.000010 seconds.
  path: Assets/3D/FujitoWork/Toon/Editor/UTS2GUI.cs
  artifactKey: Guid(e403ef4b1d56fce47b49ec46981d9fcb) Importer(2089858483,0ecaa5967403d082aa24f35e1b516d23)
Start importing Assets/3D/FujitoWork/Toon/Editor/UTS2GUI.cs using Guid(e403ef4b1d56fce47b49ec46981d9fcb) Importer(2089858483,0ecaa5967403d082aa24f35e1b516d23)  -> (artifact id: '184df35cf16d44bdeae72e633fd1e4a8') in 0.012143 seconds
Number of updated asset objects reloaded before import = 0
Number of asset objects unloaded after import = 1
========================================================================
Received Import Request.
  Time since last request: 0.000009 seconds.
  path: Assets/STYLY_Plugin/STYLY_Playmaker_CustomActions/CustomActions/Release/SetProjectionTextureMapping.cs
  artifactKey: Guid(c65f21f1a82b64cca9755e254c6c8b1a) Importer(2089858483,0ecaa5967403d082aa24f35e1b516d23)
Start importing Assets/STYLY_Plugin/STYLY_Playmaker_CustomActions/CustomActions/Release/SetProjectionTextureMapping.cs using Guid(c65f21f1a82b64cca9755e254c6c8b1a) Importer(2089858483,0ecaa5967403d082aa24f35e1b516d23)  -> (artifact id: 'd0eaa9b8c7b615364f5e7095a87c3556') in 0.012820 seconds
Number of updated asset objects reloaded before import = 0
Number of asset objects unloaded after import = 1
========================================================================
Received Import Request.
  Time since last request: 0.000012 seconds.
  path: Assets/PlayMaker/Actions/UI/EventSystem/UiOnUpdateSelectedEvent.cs
  artifactKey: Guid(0778dfa4e6111c44eb5c22dea543be26) Importer(2089858483,0ecaa5967403d082aa24f35e1b516d23)
Start importing Assets/PlayMaker/Actions/UI/EventSystem/UiOnUpdateSelectedEvent.cs using Guid(0778dfa4e6111c44eb5c22dea543be26) Importer(2089858483,0ecaa5967403d082aa24f35e1b516d23)  -> (artifact id: 'f33688cc036aa425e2504ea9d8a95a30') in 0.015114 seconds
Number of updated asset objects reloaded before import = 0
Number of asset objects unloaded after import = 1
========================================================================
Received Import Request.
  Time since last request: 0.000017 seconds.
  path: Assets/PlayMaker/Actions/Quaternion/Editor/QuaternionRotateTowardsCustomEditor.cs
  artifactKey: Guid(6059b292f53004a1ab91e6f1bacc9df0) Importer(2089858483,0ecaa5967403d082aa24f35e1b516d23)
Start importing Assets/PlayMaker/Actions/Quaternion/Editor/QuaternionRotateTowardsCustomEditor.cs using Guid(6059b292f53004a1ab91e6f1bacc9df0) Importer(2089858483,0ecaa5967403d082aa24f35e1b516d23)  -> (artifact id: 'c5e168a9101fc35b41471feb4e8d9b68') in 0.014935 seconds
Number of updated asset objects reloaded before import = 0
Number of asset objects unloaded after import = 1
========================================================================
Received Prepare
Begin MonoManager ReloadAssembly
- Loaded All Assemblies, in  0.508 seconds
Refreshing native plugins compatible for Editor in 4.35 ms, found 4 plugins.
Native extension for WindowsStandalone target not found
Native extension for iOS target not found
Native extension for Android target not found
Native extension for OSXStandalone target not found
Native extension for WebGL target not found
[Package Manager] Server::EnsureServerProcessIsRunning -- launch failed, reason: Unity was launched with the -noUpm command-line argument
[Package Manager] UpmClient::Send -- Unable to send message (not connected to UPM process).
[Package Manager] Cannot connect to Unity Package Manager local server
Mono: successfully reloaded assembly
- Finished resetting the current domain, in  0.506 seconds
Domain Reload Profiling: 1012ms
	BeginReloadAssembly (90ms)
		ExecutionOrderSort (0ms)
		DisableScriptedObjects (2ms)
		BackupInstance (0ms)
		ReleaseScriptingObjects (0ms)
		CreateAndSetChildDomain (20ms)
	RebuildCommonClasses (17ms)
	RebuildNativeTypeToScriptingClass (6ms)
	initialDomainReloadingComplete (18ms)
	LoadAllAssembliesAndSetupDomain (374ms)
		LoadAssemblies (411ms)
		RebuildTransferFunctionScriptingTraits (0ms)
		AnalyzeDomain (9ms)
			TypeCache.Refresh (5ms)
				TypeCache.ScanAssembly (0ms)
			ScanForSourceGeneratedMonoScriptInfo (0ms)
			ResolveRequiredComponents (4ms)
	FinalizeReload (507ms)
		ReleaseScriptCaches (0ms)
		RebuildScriptCaches (0ms)
		SetupLoadedEditorAssemblies (294ms)
			LogAssemblyErrors (0ms)
			InitializePlatformSupportModulesInManaged (27ms)
			SetLoadedEditorAssemblies (2ms)
			RefreshPlugins (0ms)
			BeforeProcessingInitializeOnLoad (63ms)
			ProcessInitializeOnLoadAttributes (181ms)
			ProcessInitializeOnLoadMethodAttributes (16ms)
			AfterProcessingInitializeOnLoad (4ms)
			EditorAssembliesLoaded (0ms)
		ExecutionOrderSort2 (0ms)
		AwakeInstancesAfterBackupRestoration (5ms)
Failed to load shader (instanceID 412, GUID 3e39586253f31b34f87fa7e133449b1e)
Refreshing native plugins compatible for Editor in 4.88 ms, found 4 plugins.
Preloading 0 native plugins for Editor in 0.00 ms.
Unloading 2905 Unused Serialized files (Serialized files now loaded: 0)
Unloading 39 unused Assets / (37.2 KB). Loaded Objects now: 3490.
Memory consumption went from 125.9 MB to 125.9 MB.
Total: 2.050500 ms (FindLiveObjects: 0.154700 ms CreateObjectMapping: 0.043800 ms MarkObjects: 1.798200 ms  DeleteObjects: 0.052900 ms)

Prepare: number of updated asset objects reloaded= 0
AssetImportParameters requested are different than current active one (requested -> active):
  custom:container-demuxer-ogg: 62fdf1f143b41e24485cea50d1cbac27 -> 
  custom:video-codec-MediaFoundation-h265: 746d11721c4dcdbdad8f713fa42b33f4 -> 
  custom:video-decoder-ogg-theora: a1e56fd34408186e4bbccfd4996cb3dc -> 
  custom:framework-win-MediaFoundation: 216162199b28c13a410421893ffa2e32 -> 
  custom:CustomObjectIndexerAttribute: 9a22284fe3817be447336de3de66b15e -> 
  custom:container-demuxer-webm: 4f35f7cbe854078d1ac9338744f61a02 -> 
  custom:container-muxer-webm: aa71ff27fc2769a1b78a27578f13a17b -> 
  custom:video-decoder-webm-vp8: 9c59270c3fd7afecdb556c50c9e8de78 -> 
  custom:SearchIndexIgnoredProperties: e643bd26f0fe6173181afceb89e7c659 -> 
  custom:AudioImporter_EditorPlatform: d09bf68614088b80899f8185d706f6e7 -> 
  custom:video-encoder-webm-vp8: eb34c28f22e8b96e1ab97ce403110664 -> 
  custom:audio-decoder-ogg-vorbis: bf7c407c2cedff20999df2af8eb42d56 -> 
  custom:audio-encoder-webm-vorbis: bf7c407c2cedff20999df2af8eb42d56 -> 
========================================================================
Received Prepare
Begin MonoManager ReloadAssembly
- Loaded All Assemblies, in  0.500 seconds
Refreshing native plugins compatible for Editor in 3.09 ms, found 4 plugins.
Native extension for WindowsStandalone target not found
Native extension for iOS target not found
Native extension for Android target not found
Native extension for OSXStandalone target not found
Native extension for WebGL target not found
[Package Manager] Server::EnsureServerProcessIsRunning -- launch failed, reason: Unity was launched with the -noUpm command-line argument
[Package Manager] UpmClient::Send -- Unable to send message (not connected to UPM process).
[Package Manager] Cannot connect to Unity Package Manager local server
Mono: successfully reloaded assembly
- Finished resetting the current domain, in  0.476 seconds
Domain Reload Profiling: 975ms
	BeginReloadAssembly (85ms)
		ExecutionOrderSort (0ms)
		DisableScriptedObjects (2ms)
		BackupInstance (0ms)
		ReleaseScriptingObjects (0ms)
		CreateAndSetChildDomain (16ms)
	RebuildCommonClasses (18ms)
	RebuildNativeTypeToScriptingClass (6ms)
	initialDomainReloadingComplete (17ms)
	LoadAllAssembliesAndSetupDomain (372ms)
		LoadAssemblies (410ms)
		RebuildTransferFunctionScriptingTraits (0ms)
		AnalyzeDomain (7ms)
			TypeCache.Refresh (4ms)
				TypeCache.ScanAssembly (0ms)
			ScanForSourceGeneratedMonoScriptInfo (0ms)
			ResolveRequiredComponents (2ms)
	FinalizeReload (476ms)
		ReleaseScriptCaches (0ms)
		RebuildScriptCaches (0ms)
		SetupLoadedEditorAssemblies (282ms)
			LogAssemblyErrors (0ms)
			InitializePlatformSupportModulesInManaged (26ms)
			SetLoadedEditorAssemblies (2ms)
			RefreshPlugins (0ms)
			BeforeProcessingInitializeOnLoad (61ms)
			ProcessInitializeOnLoadAttributes (173ms)
			ProcessInitializeOnLoadMethodAttributes (15ms)
			AfterProcessingInitializeOnLoad (4ms)
			EditorAssembliesLoaded (0ms)
		ExecutionOrderSort2 (0ms)
		AwakeInstancesAfterBackupRestoration (5ms)
Failed to load shader (instanceID 412, GUID 3e39586253f31b34f87fa7e133449b1e)
Refreshing native plugins compatible for Editor in 4.99 ms, found 4 plugins.
Preloading 0 native plugins for Editor in 0.00 ms.
Unloading 2906 Unused Serialized files (Serialized files now loaded: 0)
Unloading 39 unused Assets / (37.3 KB). Loaded Objects now: 3493.
Memory consumption went from 128.1 MB to 128.1 MB.
Total: 2.226400 ms (FindLiveObjects: 0.171300 ms CreateObjectMapping: 0.037600 ms MarkObjects: 1.973800 ms  DeleteObjects: 0.043100 ms)

Prepare: number of updated asset objects reloaded= 0
AssetImportParameters requested are different than current active one (requested -> active):
  custom:container-demuxer-ogg: 62fdf1f143b41e24485cea50d1cbac27 -> 
  custom:video-codec-MediaFoundation-h265: 746d11721c4dcdbdad8f713fa42b33f4 -> 
  custom:video-decoder-ogg-theora: a1e56fd34408186e4bbccfd4996cb3dc -> 
  custom:framework-win-MediaFoundation: 216162199b28c13a410421893ffa2e32 -> 
  custom:CustomObjectIndexerAttribute: 9a22284fe3817be447336de3de66b15e -> 
  custom:container-demuxer-webm: 4f35f7cbe854078d1ac9338744f61a02 -> 
  custom:container-muxer-webm: aa71ff27fc2769a1b78a27578f13a17b -> 
  custom:video-decoder-webm-vp8: 9c59270c3fd7afecdb556c50c9e8de78 -> 
  custom:SearchIndexIgnoredProperties: e643bd26f0fe6173181afceb89e7c659 -> 
  custom:AudioImporter_EditorPlatform: d09bf68614088b80899f8185d706f6e7 -> 
  custom:video-encoder-webm-vp8: eb34c28f22e8b96e1ab97ce403110664 -> 
  custom:audio-decoder-ogg-vorbis: bf7c407c2cedff20999df2af8eb42d56 -> 
  custom:audio-encoder-webm-vorbis: bf7c407c2cedff20999df2af8eb42d56 -> 
========================================================================
Received Prepare
Begin MonoManager ReloadAssembly
- Loaded All Assemblies, in  0.492 seconds
Refreshing native plugins compatible for Editor in 6.53 ms, found 4 plugins.
Native extension for WindowsStandalone target not found
Native extension for iOS target not found
Native extension for Android target not found
Native extension for OSXStandalone target not found
Native extension for WebGL target not found
[Package Manager] Server::EnsureServerProcessIsRunning -- launch failed, reason: Unity was launched with the -noUpm command-line argument
[Package Manager] UpmClient::Send -- Unable to send message (not connected to UPM process).
[Package Manager] Cannot connect to Unity Package Manager local server
Mono: successfully reloaded assembly
- Finished resetting the current domain, in  0.479 seconds
Domain Reload Profiling: 969ms
	BeginReloadAssembly (85ms)
		ExecutionOrderSort (0ms)
		DisableScriptedObjects (2ms)
		BackupInstance (0ms)
		ReleaseScriptingObjects (0ms)
		CreateAndSetChildDomain (16ms)
	RebuildCommonClasses (22ms)
	RebuildNativeTypeToScriptingClass (6ms)
	initialDomainReloadingComplete (18ms)
	LoadAllAssembliesAndSetupDomain (359ms)
		LoadAssemblies (398ms)
		RebuildTransferFunctionScriptingTraits (0ms)
		AnalyzeDomain (7ms)
			TypeCache.Refresh (3ms)
				TypeCache.ScanAssembly (0ms)
			ScanForSourceGeneratedMonoScriptInfo (0ms)
			ResolveRequiredComponents (3ms)
	FinalizeReload (479ms)
		ReleaseScriptCaches (0ms)
		RebuildScriptCaches (0ms)
		SetupLoadedEditorAssemblies (279ms)
			LogAssemblyErrors (0ms)
			InitializePlatformSupportModulesInManaged (27ms)
			SetLoadedEditorAssemblies (2ms)
			RefreshPlugins (0ms)
			BeforeProcessingInitializeOnLoad (59ms)
			ProcessInitializeOnLoadAttributes (173ms)
			ProcessInitializeOnLoadMethodAttributes (14ms)
			AfterProcessingInitializeOnLoad (4ms)
			EditorAssembliesLoaded (0ms)
		ExecutionOrderSort2 (0ms)
		AwakeInstancesAfterBackupRestoration (5ms)
Failed to load shader (instanceID 412, GUID 3e39586253f31b34f87fa7e133449b1e)
Refreshing native plugins compatible for Editor in 4.72 ms, found 4 plugins.
Preloading 0 native plugins for Editor in 0.00 ms.
Unloading 2906 Unused Serialized files (Serialized files now loaded: 0)
Unloading 39 unused Assets / (36.3 KB). Loaded Objects now: 3496.
Memory consumption went from 130.0 MB to 130.0 MB.
Total: 2.514000 ms (FindLiveObjects: 0.192000 ms CreateObjectMapping: 0.045800 ms MarkObjects: 2.226700 ms  DeleteObjects: 0.048600 ms)

Prepare: number of updated asset objects reloaded= 0
AssetImportParameters requested are different than current active one (requested -> active):
  custom:container-demuxer-ogg: 62fdf1f143b41e24485cea50d1cbac27 -> 
  custom:video-codec-MediaFoundation-h265: 746d11721c4dcdbdad8f713fa42b33f4 -> 
  custom:video-decoder-ogg-theora: a1e56fd34408186e4bbccfd4996cb3dc -> 
  custom:framework-win-MediaFoundation: 216162199b28c13a410421893ffa2e32 -> 
  custom:CustomObjectIndexerAttribute: 9a22284fe3817be447336de3de66b15e -> 
  custom:container-demuxer-webm: 4f35f7cbe854078d1ac9338744f61a02 -> 
  custom:container-muxer-webm: aa71ff27fc2769a1b78a27578f13a17b -> 
  custom:video-decoder-webm-vp8: 9c59270c3fd7afecdb556c50c9e8de78 -> 
  custom:SearchIndexIgnoredProperties: e643bd26f0fe6173181afceb89e7c659 -> 
  custom:AudioImporter_EditorPlatform: d09bf68614088b80899f8185d706f6e7 -> 
  custom:video-encoder-webm-vp8: eb34c28f22e8b96e1ab97ce403110664 -> 
  custom:audio-decoder-ogg-vorbis: bf7c407c2cedff20999df2af8eb42d56 -> 
  custom:audio-encoder-webm-vorbis: bf7c407c2cedff20999df2af8eb42d56 -> 
========================================================================
Received Prepare
Begin MonoManager ReloadAssembly
- Loaded All Assemblies, in  0.536 seconds
Refreshing native plugins compatible for Editor in 4.13 ms, found 4 plugins.
Native extension for WindowsStandalone target not found
Native extension for iOS target not found
Native extension for Android target not found
Native extension for OSXStandalone target not found
Native extension for WebGL target not found
[Package Manager] Server::EnsureServerProcessIsRunning -- launch failed, reason: Unity was launched with the -noUpm command-line argument
[Package Manager] UpmClient::Send -- Unable to send message (not connected to UPM process).
[Package Manager] Cannot connect to Unity Package Manager local server
Mono: successfully reloaded assembly
- Finished resetting the current domain, in  0.505 seconds
Domain Reload Profiling: 1040ms
	BeginReloadAssembly (88ms)
		ExecutionOrderSort (0ms)
		DisableScriptedObjects (3ms)
		BackupInstance (0ms)
		ReleaseScriptingObjects (0ms)
		CreateAndSetChildDomain (16ms)
	RebuildCommonClasses (17ms)
	RebuildNativeTypeToScriptingClass (6ms)
	initialDomainReloadingComplete (17ms)
	LoadAllAssembliesAndSetupDomain (405ms)
		LoadAssemblies (443ms)
		RebuildTransferFunctionScriptingTraits (0ms)
		AnalyzeDomain (9ms)
			TypeCache.Refresh (4ms)
				TypeCache.ScanAssembly (0ms)
			ScanForSourceGeneratedMonoScriptInfo (0ms)
			ResolveRequiredComponents (3ms)
	FinalizeReload (506ms)
		ReleaseScriptCaches (0ms)
		RebuildScriptCaches (0ms)
		SetupLoadedEditorAssemblies (288ms)
			LogAssemblyErrors (0ms)
			InitializePlatformSupportModulesInManaged (27ms)
			SetLoadedEditorAssemblies (2ms)
			RefreshPlugins (0ms)
			BeforeProcessingInitializeOnLoad (61ms)
			ProcessInitializeOnLoadAttributes (179ms)
			ProcessInitializeOnLoadMethodAttributes (15ms)
			AfterProcessingInitializeOnLoad (4ms)
			EditorAssembliesLoaded (0ms)
		ExecutionOrderSort2 (0ms)
		AwakeInstancesAfterBackupRestoration (5ms)
Failed to load shader (instanceID 412, GUID 3e39586253f31b34f87fa7e133449b1e)
Refreshing native plugins compatible for Editor in 4.24 ms, found 4 plugins.
Preloading 0 native plugins for Editor in 0.00 ms.
Unloading 2906 Unused Serialized files (Serialized files now loaded: 0)
Unloading 39 unused Assets / (36.3 KB). Loaded Objects now: 3499.
Memory consumption went from 132.0 MB to 131.9 MB.
Total: 1.871500 ms (FindLiveObjects: 0.128600 ms CreateObjectMapping: 0.043600 ms MarkObjects: 1.655900 ms  DeleteObjects: 0.042700 ms)

Prepare: number of updated asset objects reloaded= 0
AssetImportParameters requested are different than current active one (requested -> active):
  custom:container-demuxer-ogg: 62fdf1f143b41e24485cea50d1cbac27 -> 
  custom:video-codec-MediaFoundation-h265: 746d11721c4dcdbdad8f713fa42b33f4 -> 
  custom:video-decoder-ogg-theora: a1e56fd34408186e4bbccfd4996cb3dc -> 
  custom:framework-win-MediaFoundation: 216162199b28c13a410421893ffa2e32 -> 
  custom:CustomObjectIndexerAttribute: 9a22284fe3817be447336de3de66b15e -> 
  custom:container-demuxer-webm: 4f35f7cbe854078d1ac9338744f61a02 -> 
  custom:container-muxer-webm: aa71ff27fc2769a1b78a27578f13a17b -> 
  custom:video-decoder-webm-vp8: 9c59270c3fd7afecdb556c50c9e8de78 -> 
  custom:SearchIndexIgnoredProperties: e643bd26f0fe6173181afceb89e7c659 -> 
  custom:AudioImporter_EditorPlatform: d09bf68614088b80899f8185d706f6e7 -> 
  custom:video-encoder-webm-vp8: eb34c28f22e8b96e1ab97ce403110664 -> 
  custom:audio-decoder-ogg-vorbis: bf7c407c2cedff20999df2af8eb42d56 -> 
  custom:audio-encoder-webm-vorbis: bf7c407c2cedff20999df2af8eb42d56 -> 
========================================================================
Received Prepare
Begin MonoManager ReloadAssembly
- Loaded All Assemblies, in  0.491 seconds
Refreshing native plugins compatible for Editor in 2.60 ms, found 4 plugins.
Native extension for WindowsStandalone target not found
Native extension for iOS target not found
Native extension for Android target not found
Native extension for OSXStandalone target not found
Native extension for WebGL target not found
[Package Manager] Server::EnsureServerProcessIsRunning -- launch failed, reason: Unity was launched with the -noUpm command-line argument
[Package Manager] UpmClient::Send -- Unable to send message (not connected to UPM process).
[Package Manager] Cannot connect to Unity Package Manager local server
Mono: successfully reloaded assembly
- Finished resetting the current domain, in  0.482 seconds
Domain Reload Profiling: 971ms
	BeginReloadAssembly (88ms)
		ExecutionOrderSort (0ms)
		DisableScriptedObjects (4ms)
		BackupInstance (0ms)
		ReleaseScriptingObjects (0ms)
		CreateAndSetChildDomain (18ms)
	RebuildCommonClasses (18ms)
	RebuildNativeTypeToScriptingClass (6ms)
	initialDomainReloadingComplete (17ms)
	LoadAllAssembliesAndSetupDomain (361ms)
		LoadAssemblies (398ms)
		RebuildTransferFunctionScriptingTraits (0ms)
		AnalyzeDomain (7ms)
			TypeCache.Refresh (3ms)
				TypeCache.ScanAssembly (0ms)
			ScanForSourceGeneratedMonoScriptInfo (0ms)
			ResolveRequiredComponents (2ms)
	FinalizeReload (482ms)
		ReleaseScriptCaches (0ms)
		RebuildScriptCaches (0ms)
		SetupLoadedEditorAssemblies (282ms)
			LogAssemblyErrors (0ms)
			InitializePlatformSupportModulesInManaged (27ms)
			SetLoadedEditorAssemblies (2ms)
			RefreshPlugins (0ms)
			BeforeProcessingInitializeOnLoad (55ms)
			ProcessInitializeOnLoadAttributes (178ms)
			ProcessInitializeOnLoadMethodAttributes (15ms)
			AfterProcessingInitializeOnLoad (4ms)
			EditorAssembliesLoaded (0ms)
		ExecutionOrderSort2 (0ms)
		AwakeInstancesAfterBackupRestoration (5ms)
Failed to load shader (instanceID 412, GUID 3e39586253f31b34f87fa7e133449b1e)
Refreshing native plugins compatible for Editor in 4.60 ms, found 4 plugins.
Preloading 0 native plugins for Editor in 0.00 ms.
Unloading 2906 Unused Serialized files (Serialized files now loaded: 0)
Unloading 39 unused Assets / (37.3 KB). Loaded Objects now: 3502.
Memory consumption went from 133.9 MB to 133.9 MB.
Total: 3.033500 ms (FindLiveObjects: 0.269300 ms CreateObjectMapping: 0.091500 ms MarkObjects: 2.572900 ms  DeleteObjects: 0.098800 ms)

Prepare: number of updated asset objects reloaded= 0
AssetImportParameters requested are different than current active one (requested -> active):
  custom:container-demuxer-ogg: 62fdf1f143b41e24485cea50d1cbac27 -> 
  custom:video-codec-MediaFoundation-h265: 746d11721c4dcdbdad8f713fa42b33f4 -> 
  custom:video-decoder-ogg-theora: a1e56fd34408186e4bbccfd4996cb3dc -> 
  custom:framework-win-MediaFoundation: 216162199b28c13a410421893ffa2e32 -> 
  custom:CustomObjectIndexerAttribute: 9a22284fe3817be447336de3de66b15e -> 
  custom:container-demuxer-webm: 4f35f7cbe854078d1ac9338744f61a02 -> 
  custom:container-muxer-webm: aa71ff27fc2769a1b78a27578f13a17b -> 
  custom:video-decoder-webm-vp8: 9c59270c3fd7afecdb556c50c9e8de78 -> 
  custom:SearchIndexIgnoredProperties: e643bd26f0fe6173181afceb89e7c659 -> 
  custom:AudioImporter_EditorPlatform: d09bf68614088b80899f8185d706f6e7 -> 
  custom:video-encoder-webm-vp8: eb34c28f22e8b96e1ab97ce403110664 -> 
  custom:audio-decoder-ogg-vorbis: bf7c407c2cedff20999df2af8eb42d56 -> 
  custom:audio-encoder-webm-vorbis: bf7c407c2cedff20999df2af8eb42d56 -> 
========================================================================
Received Prepare
Begin MonoManager ReloadAssembly
- Loaded All Assemblies, in  0.522 seconds
Refreshing native plugins compatible for Editor in 3.61 ms, found 4 plugins.
Native extension for WindowsStandalone target not found
Native extension for iOS target not found
Native extension for Android target not found
Native extension for OSXStandalone target not found
Native extension for WebGL target not found
[Package Manager] Server::EnsureServerProcessIsRunning -- launch failed, reason: Unity was launched with the -noUpm command-line argument
[Package Manager] UpmClient::Send -- Unable to send message (not connected to UPM process).
[Package Manager] Cannot connect to Unity Package Manager local server
Mono: successfully reloaded assembly
- Finished resetting the current domain, in  0.493 seconds
Domain Reload Profiling: 1012ms
	BeginReloadAssembly (86ms)
		ExecutionOrderSort (0ms)
		DisableScriptedObjects (2ms)
		BackupInstance (0ms)
		ReleaseScriptingObjects (0ms)
		CreateAndSetChildDomain (17ms)
	RebuildCommonClasses (19ms)
	RebuildNativeTypeToScriptingClass (6ms)
	initialDomainReloadingComplete (18ms)
	LoadAllAssembliesAndSetupDomain (391ms)
		LoadAssemblies (429ms)
		RebuildTransferFunctionScriptingTraits (0ms)
		AnalyzeDomain (7ms)
			TypeCache.Refresh (4ms)
				TypeCache.ScanAssembly (0ms)
			ScanForSourceGeneratedMonoScriptInfo (0ms)
			ResolveRequiredComponents (2ms)
	FinalizeReload (493ms)
		ReleaseScriptCaches (0ms)
		RebuildScriptCaches (0ms)
		SetupLoadedEditorAssemblies (288ms)
			LogAssemblyErrors (0ms)
			InitializePlatformSupportModulesInManaged (27ms)
			SetLoadedEditorAssemblies (2ms)
			RefreshPlugins (0ms)
			BeforeProcessingInitializeOnLoad (61ms)
			ProcessInitializeOnLoadAttributes (179ms)
			ProcessInitializeOnLoadMethodAttributes (15ms)
			AfterProcessingInitializeOnLoad (4ms)
			EditorAssembliesLoaded (0ms)
		ExecutionOrderSort2 (0ms)
		AwakeInstancesAfterBackupRestoration (4ms)
Failed to load shader (instanceID 412, GUID 3e39586253f31b34f87fa7e133449b1e)
Refreshing native plugins compatible for Editor in 4.55 ms, found 4 plugins.
Preloading 0 native plugins for Editor in 0.00 ms.
Unloading 2906 Unused Serialized files (Serialized files now loaded: 0)
Unloading 39 unused Assets / (36.3 KB). Loaded Objects now: 3505.
Memory consumption went from 135.8 MB to 135.8 MB.
Total: 1.850000 ms (FindLiveObjects: 0.144500 ms CreateObjectMapping: 0.037200 ms MarkObjects: 1.625000 ms  DeleteObjects: 0.042700 ms)

Prepare: number of updated asset objects reloaded= 0
AssetImportParameters requested are different than current active one (requested -> active):
  custom:container-demuxer-ogg: 62fdf1f143b41e24485cea50d1cbac27 -> 
  custom:video-codec-MediaFoundation-h265: 746d11721c4dcdbdad8f713fa42b33f4 -> 
  custom:video-decoder-ogg-theora: a1e56fd34408186e4bbccfd4996cb3dc -> 
  custom:framework-win-MediaFoundation: 216162199b28c13a410421893ffa2e32 -> 
  custom:CustomObjectIndexerAttribute: 9a22284fe3817be447336de3de66b15e -> 
  custom:container-demuxer-webm: 4f35f7cbe854078d1ac9338744f61a02 -> 
  custom:container-muxer-webm: aa71ff27fc2769a1b78a27578f13a17b -> 
  custom:video-decoder-webm-vp8: 9c59270c3fd7afecdb556c50c9e8de78 -> 
  custom:SearchIndexIgnoredProperties: e643bd26f0fe6173181afceb89e7c659 -> 
  custom:AudioImporter_EditorPlatform: d09bf68614088b80899f8185d706f6e7 -> 
  custom:video-encoder-webm-vp8: eb34c28f22e8b96e1ab97ce403110664 -> 
  custom:audio-decoder-ogg-vorbis: bf7c407c2cedff20999df2af8eb42d56 -> 
  custom:audio-encoder-webm-vorbis: bf7c407c2cedff20999df2af8eb42d56 -> 
========================================================================
Received Prepare
Begin MonoManager ReloadAssembly
- Loaded All Assemblies, in  0.511 seconds
Refreshing native plugins compatible for Editor in 3.51 ms, found 4 plugins.
Native extension for WindowsStandalone target not found
Native extension for iOS target not found
Native extension for Android target not found
Native extension for OSXStandalone target not found
Native extension for WebGL target not found
[Package Manager] Server::EnsureServerProcessIsRunning -- launch failed, reason: Unity was launched with the -noUpm command-line argument
[Package Manager] UpmClient::Send -- Unable to send message (not connected to UPM process).
[Package Manager] Cannot connect to Unity Package Manager local server
Mono: successfully reloaded assembly
- Finished resetting the current domain, in  0.492 seconds
Domain Reload Profiling: 1001ms
	BeginReloadAssembly (88ms)
		ExecutionOrderSort (0ms)
		DisableScriptedObjects (2ms)
		BackupInstance (0ms)
		ReleaseScriptingObjects (0ms)
		CreateAndSetChildDomain (19ms)
	RebuildCommonClasses (17ms)
	RebuildNativeTypeToScriptingClass (6ms)
	initialDomainReloadingComplete (18ms)
	LoadAllAssembliesAndSetupDomain (379ms)
		LoadAssemblies (416ms)
		RebuildTransferFunctionScriptingTraits (0ms)
		AnalyzeDomain (8ms)
			TypeCache.Refresh (5ms)
				TypeCache.ScanAssembly (0ms)
			ScanForSourceGeneratedMonoScriptInfo (0ms)
			ResolveRequiredComponents (3ms)
	FinalizeReload (493ms)
		ReleaseScriptCaches (0ms)
		RebuildScriptCaches (0ms)
		SetupLoadedEditorAssemblies (286ms)
			LogAssemblyErrors (0ms)
			InitializePlatformSupportModulesInManaged (28ms)
			SetLoadedEditorAssemblies (2ms)
			RefreshPlugins (0ms)
			BeforeProcessingInitializeOnLoad (61ms)
			ProcessInitializeOnLoadAttributes (177ms)
			ProcessInitializeOnLoadMethodAttributes (14ms)
			AfterProcessingInitializeOnLoad (4ms)
			EditorAssembliesLoaded (0ms)
		ExecutionOrderSort2 (0ms)
		AwakeInstancesAfterBackupRestoration (5ms)
Failed to load shader (instanceID 412, GUID 3e39586253f31b34f87fa7e133449b1e)
Refreshing native plugins compatible for Editor in 5.22 ms, found 4 plugins.
Preloading 0 native plugins for Editor in 0.00 ms.
Unloading 2906 Unused Serialized files (Serialized files now loaded: 0)
Unloading 39 unused Assets / (36.3 KB). Loaded Objects now: 3508.
Memory consumption went from 137.7 MB to 137.7 MB.
Total: 2.020200 ms (FindLiveObjects: 0.153500 ms CreateObjectMapping: 0.048100 ms MarkObjects: 1.773300 ms  DeleteObjects: 0.044300 ms)

Prepare: number of updated asset objects reloaded= 0
AssetImportParameters requested are different than current active one (requested -> active):
  custom:container-demuxer-ogg: 62fdf1f143b41e24485cea50d1cbac27 -> 
  custom:video-codec-MediaFoundation-h265: 746d11721c4dcdbdad8f713fa42b33f4 -> 
  custom:video-decoder-ogg-theora: a1e56fd34408186e4bbccfd4996cb3dc -> 
  custom:framework-win-MediaFoundation: 216162199b28c13a410421893ffa2e32 -> 
  custom:CustomObjectIndexerAttribute: 9a22284fe3817be447336de3de66b15e -> 
  custom:container-demuxer-webm: 4f35f7cbe854078d1ac9338744f61a02 -> 
  custom:container-muxer-webm: aa71ff27fc2769a1b78a27578f13a17b -> 
  custom:video-decoder-webm-vp8: 9c59270c3fd7afecdb556c50c9e8de78 -> 
  custom:SearchIndexIgnoredProperties: e643bd26f0fe6173181afceb89e7c659 -> 
  custom:AudioImporter_EditorPlatform: d09bf68614088b80899f8185d706f6e7 -> 
  custom:video-encoder-webm-vp8: eb34c28f22e8b96e1ab97ce403110664 -> 
  custom:audio-decoder-ogg-vorbis: bf7c407c2cedff20999df2af8eb42d56 -> 
  custom:audio-encoder-webm-vorbis: bf7c407c2cedff20999df2af8eb42d56 -> 
========================================================================
Received Prepare
Begin MonoManager ReloadAssembly
- Loaded All Assemblies, in  0.531 seconds
Refreshing native plugins compatible for Editor in 5.14 ms, found 4 plugins.
Native extension for WindowsStandalone target not found
Native extension for iOS target not found
Native extension for Android target not found
Native extension for OSXStandalone target not found
Native extension for WebGL target not found
[Package Manager] Server::EnsureServerProcessIsRunning -- launch failed, reason: Unity was launched with the -noUpm command-line argument
[Package Manager] UpmClient::Send -- Unable to send message (not connected to UPM process).
[Package Manager] Cannot connect to Unity Package Manager local server
Mono: successfully reloaded assembly
- Finished resetting the current domain, in  0.493 seconds
Domain Reload Profiling: 1021ms
	BeginReloadAssembly (86ms)
		ExecutionOrderSort (0ms)
		DisableScriptedObjects (2ms)
		BackupInstance (0ms)
		ReleaseScriptingObjects (0ms)
		CreateAndSetChildDomain (16ms)
	RebuildCommonClasses (17ms)
	RebuildNativeTypeToScriptingClass (6ms)
	initialDomainReloadingComplete (17ms)
	LoadAllAssembliesAndSetupDomain (403ms)
		LoadAssemblies (440ms)
		RebuildTransferFunctionScriptingTraits (0ms)
		AnalyzeDomain (8ms)
			TypeCache.Refresh (4ms)
				TypeCache.ScanAssembly (0ms)
			ScanForSourceGeneratedMonoScriptInfo (0ms)
			ResolveRequiredComponents (2ms)
	FinalizeReload (493ms)
		ReleaseScriptCaches (0ms)
		RebuildScriptCaches (0ms)
		SetupLoadedEditorAssemblies (287ms)
			LogAssemblyErrors (0ms)
			InitializePlatformSupportModulesInManaged (28ms)
			SetLoadedEditorAssemblies (2ms)
			RefreshPlugins (0ms)
			BeforeProcessingInitializeOnLoad (62ms)
			ProcessInitializeOnLoadAttributes (176ms)
			ProcessInitializeOnLoadMethodAttributes (15ms)
			AfterProcessingInitializeOnLoad (4ms)
			EditorAssembliesLoaded (0ms)
		ExecutionOrderSort2 (0ms)
		AwakeInstancesAfterBackupRestoration (5ms)
Failed to load shader (instanceID 412, GUID 3e39586253f31b34f87fa7e133449b1e)
Refreshing native plugins compatible for Editor in 5.75 ms, found 4 plugins.
Preloading 0 native plugins for Editor in 0.00 ms.
Unloading 2906 Unused Serialized files (Serialized files now loaded: 0)
Unloading 39 unused Assets / (37.3 KB). Loaded Objects now: 3511.
Memory consumption went from 139.7 MB to 139.6 MB.
Total: 2.320500 ms (FindLiveObjects: 0.203000 ms CreateObjectMapping: 0.079100 ms MarkObjects: 1.941200 ms  DeleteObjects: 0.096200 ms)

Prepare: number of updated asset objects reloaded= 0
AssetImportParameters requested are different than current active one (requested -> active):
  custom:container-demuxer-ogg: 62fdf1f143b41e24485cea50d1cbac27 -> 
  custom:video-codec-MediaFoundation-h265: 746d11721c4dcdbdad8f713fa42b33f4 -> 
  custom:video-decoder-ogg-theora: a1e56fd34408186e4bbccfd4996cb3dc -> 
  custom:framework-win-MediaFoundation: 216162199b28c13a410421893ffa2e32 -> 
  custom:CustomObjectIndexerAttribute: 9a22284fe3817be447336de3de66b15e -> 
  custom:container-demuxer-webm: 4f35f7cbe854078d1ac9338744f61a02 -> 
  custom:container-muxer-webm: aa71ff27fc2769a1b78a27578f13a17b -> 
  custom:video-decoder-webm-vp8: 9c59270c3fd7afecdb556c50c9e8de78 -> 
  custom:SearchIndexIgnoredProperties: e643bd26f0fe6173181afceb89e7c659 -> 
  custom:AudioImporter_EditorPlatform: d09bf68614088b80899f8185d706f6e7 -> 
  custom:video-encoder-webm-vp8: eb34c28f22e8b96e1ab97ce403110664 -> 
  custom:audio-decoder-ogg-vorbis: bf7c407c2cedff20999df2af8eb42d56 -> 
  custom:audio-encoder-webm-vorbis: bf7c407c2cedff20999df2af8eb42d56 -> 
========================================================================
Received Prepare
Begin MonoManager ReloadAssembly
- Loaded All Assemblies, in  0.530 seconds
Refreshing native plugins compatible for Editor in 3.64 ms, found 4 plugins.
Native extension for WindowsStandalone target not found
Native extension for iOS target not found
Native extension for Android target not found
Native extension for OSXStandalone target not found
Native extension for WebGL target not found
[Package Manager] Server::EnsureServerProcessIsRunning -- launch failed, reason: Unity was launched with the -noUpm command-line argument
[Package Manager] UpmClient::Send -- Unable to send message (not connected to UPM process).
[Package Manager] Cannot connect to Unity Package Manager local server
Mono: successfully reloaded assembly
- Finished resetting the current domain, in  0.491 seconds
Domain Reload Profiling: 1019ms
	BeginReloadAssembly (87ms)
		ExecutionOrderSort (0ms)
		DisableScriptedObjects (2ms)
		BackupInstance (0ms)
		ReleaseScriptingObjects (0ms)
		CreateAndSetChildDomain (18ms)
	RebuildCommonClasses (18ms)
	RebuildNativeTypeToScriptingClass (6ms)
	initialDomainReloadingComplete (17ms)
	LoadAllAssembliesAndSetupDomain (400ms)
		LoadAssemblies (437ms)
		RebuildTransferFunctionScriptingTraits (0ms)
		AnalyzeDomain (8ms)
			TypeCache.Refresh (4ms)
				TypeCache.ScanAssembly (0ms)
			ScanForSourceGeneratedMonoScriptInfo (0ms)
			ResolveRequiredComponents (3ms)
	FinalizeReload (491ms)
		ReleaseScriptCaches (0ms)
		RebuildScriptCaches (0ms)
		SetupLoadedEditorAssemblies (283ms)
			LogAssemblyErrors (0ms)
			InitializePlatformSupportModulesInManaged (28ms)
			SetLoadedEditorAssemblies (2ms)
			RefreshPlugins (0ms)
			BeforeProcessingInitializeOnLoad (61ms)
			ProcessInitializeOnLoadAttributes (174ms)
			ProcessInitializeOnLoadMethodAttributes (14ms)
			AfterProcessingInitializeOnLoad (4ms)
			EditorAssembliesLoaded (0ms)
		ExecutionOrderSort2 (0ms)
		AwakeInstancesAfterBackupRestoration (5ms)
Failed to load shader (instanceID 412, GUID 3e39586253f31b34f87fa7e133449b1e)
Refreshing native plugins compatible for Editor in 4.71 ms, found 4 plugins.
Preloading 0 native plugins for Editor in 0.00 ms.
Unloading 2906 Unused Serialized files (Serialized files now loaded: 0)
Unloading 39 unused Assets / (36.3 KB). Loaded Objects now: 3514.
Memory consumption went from 141.6 MB to 141.5 MB.
Total: 1.963600 ms (FindLiveObjects: 0.150100 ms CreateObjectMapping: 0.038300 ms MarkObjects: 1.713500 ms  DeleteObjects: 0.060800 ms)

Prepare: number of updated asset objects reloaded= 0
AssetImportParameters requested are different than current active one (requested -> active):
  custom:container-demuxer-ogg: 62fdf1f143b41e24485cea50d1cbac27 -> 
  custom:video-codec-MediaFoundation-h265: 746d11721c4dcdbdad8f713fa42b33f4 -> 
  custom:video-decoder-ogg-theora: a1e56fd34408186e4bbccfd4996cb3dc -> 
  custom:framework-win-MediaFoundation: 216162199b28c13a410421893ffa2e32 -> 
  custom:CustomObjectIndexerAttribute: 9a22284fe3817be447336de3de66b15e -> 
  custom:container-demuxer-webm: 4f35f7cbe854078d1ac9338744f61a02 -> 
  custom:container-muxer-webm: aa71ff27fc2769a1b78a27578f13a17b -> 
  custom:video-decoder-webm-vp8: 9c59270c3fd7afecdb556c50c9e8de78 -> 
  custom:SearchIndexIgnoredProperties: e643bd26f0fe6173181afceb89e7c659 -> 
  custom:AudioImporter_EditorPlatform: d09bf68614088b80899f8185d706f6e7 -> 
  custom:video-encoder-webm-vp8: eb34c28f22e8b96e1ab97ce403110664 -> 
  custom:audio-decoder-ogg-vorbis: bf7c407c2cedff20999df2af8eb42d56 -> 
  custom:audio-encoder-webm-vorbis: bf7c407c2cedff20999df2af8eb42d56 -> 
========================================================================
Received Prepare
Begin MonoManager ReloadAssembly
- Loaded All Assemblies, in  0.528 seconds
Refreshing native plugins compatible for Editor in 3.64 ms, found 4 plugins.
Native extension for WindowsStandalone target not found
Native extension for iOS target not found
Native extension for Android target not found
Native extension for OSXStandalone target not found
Native extension for WebGL target not found
[Package Manager] Server::EnsureServerProcessIsRunning -- launch failed, reason: Unity was launched with the -noUpm command-line argument
[Package Manager] UpmClient::Send -- Unable to send message (not connected to UPM process).
[Package Manager] Cannot connect to Unity Package Manager local server
Mono: successfully reloaded assembly
- Finished resetting the current domain, in  0.496 seconds
Domain Reload Profiling: 1022ms
	BeginReloadAssembly (87ms)
		ExecutionOrderSort (0ms)
		DisableScriptedObjects (2ms)
		BackupInstance (0ms)
		ReleaseScriptingObjects (0ms)
		CreateAndSetChildDomain (18ms)
	RebuildCommonClasses (18ms)
	RebuildNativeTypeToScriptingClass (5ms)
	initialDomainReloadingComplete (19ms)
	LoadAllAssembliesAndSetupDomain (396ms)
		LoadAssemblies (434ms)
		RebuildTransferFunctionScriptingTraits (0ms)
		AnalyzeDomain (8ms)
			TypeCache.Refresh (5ms)
				TypeCache.ScanAssembly (0ms)
			ScanForSourceGeneratedMonoScriptInfo (0ms)
			ResolveRequiredComponents (2ms)
	FinalizeReload (497ms)
		ReleaseScriptCaches (0ms)
		RebuildScriptCaches (0ms)
		SetupLoadedEditorAssemblies (287ms)
			LogAssemblyErrors (0ms)
			InitializePlatformSupportModulesInManaged (27ms)
			SetLoadedEditorAssemblies (2ms)
			RefreshPlugins (0ms)
			BeforeProcessingInitializeOnLoad (62ms)
			ProcessInitializeOnLoadAttributes (178ms)
			ProcessInitializeOnLoadMethodAttributes (14ms)
			AfterProcessingInitializeOnLoad (4ms)
			EditorAssembliesLoaded (0ms)
		ExecutionOrderSort2 (0ms)
		AwakeInstancesAfterBackupRestoration (5ms)
Failed to load shader (instanceID 412, GUID 3e39586253f31b34f87fa7e133449b1e)
Refreshing native plugins compatible for Editor in 4.03 ms, found 4 plugins.
Preloading 0 native plugins for Editor in 0.00 ms.
Unloading 2906 Unused Serialized files (Serialized files now loaded: 0)
Unloading 39 unused Assets / (36.3 KB). Loaded Objects now: 3517.
Memory consumption went from 143.5 MB to 143.5 MB.
Total: 1.973200 ms (FindLiveObjects: 0.154100 ms CreateObjectMapping: 0.040900 ms MarkObjects: 1.735900 ms  DeleteObjects: 0.040700 ms)

Prepare: number of updated asset objects reloaded= 0
AssetImportParameters requested are different than current active one (requested -> active):
  custom:container-demuxer-ogg: 62fdf1f143b41e24485cea50d1cbac27 -> 
  custom:video-codec-MediaFoundation-h265: 746d11721c4dcdbdad8f713fa42b33f4 -> 
  custom:video-decoder-ogg-theora: a1e56fd34408186e4bbccfd4996cb3dc -> 
  custom:framework-win-MediaFoundation: 216162199b28c13a410421893ffa2e32 -> 
  custom:CustomObjectIndexerAttribute: 9a22284fe3817be447336de3de66b15e -> 
  custom:container-demuxer-webm: 4f35f7cbe854078d1ac9338744f61a02 -> 
  custom:container-muxer-webm: aa71ff27fc2769a1b78a27578f13a17b -> 
  custom:video-decoder-webm-vp8: 9c59270c3fd7afecdb556c50c9e8de78 -> 
  custom:SearchIndexIgnoredProperties: e643bd26f0fe6173181afceb89e7c659 -> 
  custom:AudioImporter_EditorPlatform: d09bf68614088b80899f8185d706f6e7 -> 
  custom:video-encoder-webm-vp8: eb34c28f22e8b96e1ab97ce403110664 -> 
  custom:audio-decoder-ogg-vorbis: bf7c407c2cedff20999df2af8eb42d56 -> 
  custom:audio-encoder-webm-vorbis: bf7c407c2cedff20999df2af8eb42d56 -> 
========================================================================
Received Prepare
Begin MonoManager ReloadAssembly
- Loaded All Assemblies, in  0.504 seconds
Refreshing native plugins compatible for Editor in 4.03 ms, found 4 plugins.
Native extension for WindowsStandalone target not found
Native extension for iOS target not found
Native extension for Android target not found
Native extension for OSXStandalone target not found
Native extension for WebGL target not found
[Package Manager] Server::EnsureServerProcessIsRunning -- launch failed, reason: Unity was launched with the -noUpm command-line argument
[Package Manager] UpmClient::Send -- Unable to send message (not connected to UPM process).
[Package Manager] Cannot connect to Unity Package Manager local server
Mono: successfully reloaded assembly
- Finished resetting the current domain, in  0.490 seconds
Domain Reload Profiling: 992ms
	BeginReloadAssembly (86ms)
		ExecutionOrderSort (0ms)
		DisableScriptedObjects (2ms)
		BackupInstance (0ms)
		ReleaseScriptingObjects (0ms)
		CreateAndSetChildDomain (17ms)
	RebuildCommonClasses (17ms)
	RebuildNativeTypeToScriptingClass (6ms)
	initialDomainReloadingComplete (18ms)
	LoadAllAssembliesAndSetupDomain (374ms)
		LoadAssemblies (410ms)
		RebuildTransferFunctionScriptingTraits (0ms)
		AnalyzeDomain (9ms)
			TypeCache.Refresh (5ms)
				TypeCache.ScanAssembly (0ms)
			ScanForSourceGeneratedMonoScriptInfo (0ms)
			ResolveRequiredComponents (3ms)
	FinalizeReload (490ms)
		ReleaseScriptCaches (0ms)
		RebuildScriptCaches (0ms)
		SetupLoadedEditorAssemblies (284ms)
			LogAssemblyErrors (0ms)
			InitializePlatformSupportModulesInManaged (26ms)
			SetLoadedEditorAssemblies (2ms)
			RefreshPlugins (0ms)
			BeforeProcessingInitializeOnLoad (62ms)
			ProcessInitializeOnLoadAttributes (175ms)
			ProcessInitializeOnLoadMethodAttributes (15ms)
			AfterProcessingInitializeOnLoad (4ms)
			EditorAssembliesLoaded (0ms)
		ExecutionOrderSort2 (0ms)
		AwakeInstancesAfterBackupRestoration (5ms)
Failed to load shader (instanceID 412, GUID 3e39586253f31b34f87fa7e133449b1e)
Refreshing native plugins compatible for Editor in 5.38 ms, found 4 plugins.
Preloading 0 native plugins for Editor in 0.00 ms.
Unloading 2906 Unused Serialized files (Serialized files now loaded: 0)
Unloading 39 unused Assets / (36.2 KB). Loaded Objects now: 3520.
Memory consumption went from 145.4 MB to 145.4 MB.
Total: 2.305800 ms (FindLiveObjects: 0.219600 ms CreateObjectMapping: 0.134400 ms MarkObjects: 1.905900 ms  DeleteObjects: 0.045200 ms)

Prepare: number of updated asset objects reloaded= 0
AssetImportParameters requested are different than current active one (requested -> active):
  custom:container-demuxer-ogg: 62fdf1f143b41e24485cea50d1cbac27 -> 
  custom:video-codec-MediaFoundation-h265: 746d11721c4dcdbdad8f713fa42b33f4 -> 
  custom:video-decoder-ogg-theora: a1e56fd34408186e4bbccfd4996cb3dc -> 
  custom:framework-win-MediaFoundation: 216162199b28c13a410421893ffa2e32 -> 
  custom:CustomObjectIndexerAttribute: 9a22284fe3817be447336de3de66b15e -> 
  custom:container-demuxer-webm: 4f35f7cbe854078d1ac9338744f61a02 -> 
  custom:container-muxer-webm: aa71ff27fc2769a1b78a27578f13a17b -> 
  custom:video-decoder-webm-vp8: 9c59270c3fd7afecdb556c50c9e8de78 -> 
  custom:SearchIndexIgnoredProperties: e643bd26f0fe6173181afceb89e7c659 -> 
  custom:AudioImporter_EditorPlatform: d09bf68614088b80899f8185d706f6e7 -> 
  custom:video-encoder-webm-vp8: eb34c28f22e8b96e1ab97ce403110664 -> 
  custom:audio-decoder-ogg-vorbis: bf7c407c2cedff20999df2af8eb42d56 -> 
  custom:audio-encoder-webm-vorbis: bf7c407c2cedff20999df2af8eb42d56 -> 
========================================================================
Received Prepare
Begin MonoManager ReloadAssembly
- Loaded All Assemblies, in  0.498 seconds
Refreshing native plugins compatible for Editor in 3.03 ms, found 4 plugins.
Native extension for WindowsStandalone target not found
Native extension for iOS target not found
Native extension for Android target not found
Native extension for OSXStandalone target not found
Native extension for WebGL target not found
[Package Manager] Server::EnsureServerProcessIsRunning -- launch failed, reason: Unity was launched with the -noUpm command-line argument
[Package Manager] UpmClient::Send -- Unable to send message (not connected to UPM process).
[Package Manager] Cannot connect to Unity Package Manager local server
Mono: successfully reloaded assembly
- Finished resetting the current domain, in  0.472 seconds
Domain Reload Profiling: 968ms
	BeginReloadAssembly (88ms)
		ExecutionOrderSort (0ms)
		DisableScriptedObjects (2ms)
		BackupInstance (0ms)
		ReleaseScriptingObjects (0ms)
		CreateAndSetChildDomain (17ms)
	RebuildCommonClasses (17ms)
	RebuildNativeTypeToScriptingClass (6ms)
	initialDomainReloadingComplete (17ms)
	LoadAllAssembliesAndSetupDomain (368ms)
		LoadAssemblies (406ms)
		RebuildTransferFunctionScriptingTraits (0ms)
		AnalyzeDomain (7ms)
			TypeCache.Refresh (4ms)
				TypeCache.ScanAssembly (0ms)
			ScanForSourceGeneratedMonoScriptInfo (0ms)
			ResolveRequiredComponents (2ms)
	FinalizeReload (472ms)
		ReleaseScriptCaches (0ms)
		RebuildScriptCaches (0ms)
		SetupLoadedEditorAssemblies (271ms)
			LogAssemblyErrors (0ms)
			InitializePlatformSupportModulesInManaged (26ms)
			SetLoadedEditorAssemblies (2ms)
			RefreshPlugins (0ms)
			BeforeProcessingInitializeOnLoad (52ms)
			ProcessInitializeOnLoadAttributes (174ms)
			ProcessInitializeOnLoadMethodAttributes (15ms)
			AfterProcessingInitializeOnLoad (4ms)
			EditorAssembliesLoaded (0ms)
		ExecutionOrderSort2 (0ms)
		AwakeInstancesAfterBackupRestoration (4ms)
Failed to load shader (instanceID 412, GUID 3e39586253f31b34f87fa7e133449b1e)
Refreshing native plugins compatible for Editor in 4.47 ms, found 4 plugins.
Preloading 0 native plugins for Editor in 0.00 ms.
Unloading 2906 Unused Serialized files (Serialized files now loaded: 0)
Unloading 39 unused Assets / (36.2 KB). Loaded Objects now: 3523.
Memory consumption went from 147.3 MB to 147.3 MB.
Total: 1.870900 ms (FindLiveObjects: 0.147300 ms CreateObjectMapping: 0.041900 ms MarkObjects: 1.636200 ms  DeleteObjects: 0.044700 ms)

Prepare: number of updated asset objects reloaded= 0
AssetImportParameters requested are different than current active one (requested -> active):
  custom:container-demuxer-ogg: 62fdf1f143b41e24485cea50d1cbac27 -> 
  custom:video-codec-MediaFoundation-h265: 746d11721c4dcdbdad8f713fa42b33f4 -> 
  custom:video-decoder-ogg-theora: a1e56fd34408186e4bbccfd4996cb3dc -> 
  custom:framework-win-MediaFoundation: 216162199b28c13a410421893ffa2e32 -> 
  custom:CustomObjectIndexerAttribute: 9a22284fe3817be447336de3de66b15e -> 
  custom:container-demuxer-webm: 4f35f7cbe854078d1ac9338744f61a02 -> 
  custom:container-muxer-webm: aa71ff27fc2769a1b78a27578f13a17b -> 
  custom:video-decoder-webm-vp8: 9c59270c3fd7afecdb556c50c9e8de78 -> 
  custom:SearchIndexIgnoredProperties: e643bd26f0fe6173181afceb89e7c659 -> 
  custom:AudioImporter_EditorPlatform: d09bf68614088b80899f8185d706f6e7 -> 
  custom:video-encoder-webm-vp8: eb34c28f22e8b96e1ab97ce403110664 -> 
  custom:audio-decoder-ogg-vorbis: bf7c407c2cedff20999df2af8eb42d56 -> 
  custom:audio-encoder-webm-vorbis: bf7c407c2cedff20999df2af8eb42d56 -> 
========================================================================
Received Prepare
Begin MonoManager ReloadAssembly
- Loaded All Assemblies, in  0.488 seconds
Refreshing native plugins compatible for Editor in 2.49 ms, found 4 plugins.
Native extension for WindowsStandalone target not found
Native extension for iOS target not found
Native extension for Android target not found
Native extension for OSXStandalone target not found
Native extension for WebGL target not found
[Package Manager] Server::EnsureServerProcessIsRunning -- launch failed, reason: Unity was launched with the -noUpm command-line argument
[Package Manager] UpmClient::Send -- Unable to send message (not connected to UPM process).
[Package Manager] Cannot connect to Unity Package Manager local server
Mono: successfully reloaded assembly
- Finished resetting the current domain, in  0.469 seconds
Domain Reload Profiling: 955ms
	BeginReloadAssembly (86ms)
		ExecutionOrderSort (0ms)
		DisableScriptedObjects (2ms)
		BackupInstance (0ms)
		ReleaseScriptingObjects (0ms)
		CreateAndSetChildDomain (18ms)
	RebuildCommonClasses (18ms)
	RebuildNativeTypeToScriptingClass (6ms)
	initialDomainReloadingComplete (17ms)
	LoadAllAssembliesAndSetupDomain (359ms)
		LoadAssemblies (397ms)
		RebuildTransferFunctionScriptingTraits (0ms)
		AnalyzeDomain (7ms)
			TypeCache.Refresh (4ms)
				TypeCache.ScanAssembly (0ms)
			ScanForSourceGeneratedMonoScriptInfo (0ms)
			ResolveRequiredComponents (2ms)
	FinalizeReload (470ms)
		ReleaseScriptCaches (0ms)
		RebuildScriptCaches (0ms)
		SetupLoadedEditorAssemblies (278ms)
			LogAssemblyErrors (0ms)
			InitializePlatformSupportModulesInManaged (25ms)
			SetLoadedEditorAssemblies (2ms)
			RefreshPlugins (0ms)
			BeforeProcessingInitializeOnLoad (60ms)
			ProcessInitializeOnLoadAttributes (173ms)
			ProcessInitializeOnLoadMethodAttributes (14ms)
			AfterProcessingInitializeOnLoad (4ms)
			EditorAssembliesLoaded (0ms)
		ExecutionOrderSort2 (0ms)
		AwakeInstancesAfterBackupRestoration (4ms)
Failed to load shader (instanceID 412, GUID 3e39586253f31b34f87fa7e133449b1e)
Refreshing native plugins compatible for Editor in 5.57 ms, found 4 plugins.
Preloading 0 native plugins for Editor in 0.00 ms.
Unloading 2906 Unused Serialized files (Serialized files now loaded: 0)
Unloading 39 unused Assets / (36.3 KB). Loaded Objects now: 3526.
Memory consumption went from 149.3 MB to 149.2 MB.
Total: 2.196000 ms (FindLiveObjects: 0.148400 ms CreateObjectMapping: 0.079700 ms MarkObjects: 1.910300 ms  DeleteObjects: 0.057000 ms)

Prepare: number of updated asset objects reloaded= 0
AssetImportParameters requested are different than current active one (requested -> active):
  custom:container-demuxer-ogg: 62fdf1f143b41e24485cea50d1cbac27 -> 
  custom:video-codec-MediaFoundation-h265: 746d11721c4dcdbdad8f713fa42b33f4 -> 
  custom:video-decoder-ogg-theora: a1e56fd34408186e4bbccfd4996cb3dc -> 
  custom:framework-win-MediaFoundation: 216162199b28c13a410421893ffa2e32 -> 
  custom:CustomObjectIndexerAttribute: 9a22284fe3817be447336de3de66b15e -> 
  custom:container-demuxer-webm: 4f35f7cbe854078d1ac9338744f61a02 -> 
  custom:container-muxer-webm: aa71ff27fc2769a1b78a27578f13a17b -> 
  custom:video-decoder-webm-vp8: 9c59270c3fd7afecdb556c50c9e8de78 -> 
  custom:SearchIndexIgnoredProperties: e643bd26f0fe6173181afceb89e7c659 -> 
  custom:AudioImporter_EditorPlatform: d09bf68614088b80899f8185d706f6e7 -> 
  custom:video-encoder-webm-vp8: eb34c28f22e8b96e1ab97ce403110664 -> 
  custom:audio-decoder-ogg-vorbis: bf7c407c2cedff20999df2af8eb42d56 -> 
  custom:audio-encoder-webm-vorbis: bf7c407c2cedff20999df2af8eb42d56 -> 
========================================================================
Received Prepare
Begin MonoManager ReloadAssembly
- Loaded All Assemblies, in  0.509 seconds
Refreshing native plugins compatible for Editor in 3.30 ms, found 4 plugins.
Native extension for WindowsStandalone target not found
Native extension for iOS target not found
Native extension for Android target not found
Native extension for OSXStandalone target not found
Native extension for WebGL target not found
[Package Manager] Server::EnsureServerProcessIsRunning -- launch failed, reason: Unity was launched with the -noUpm command-line argument
[Package Manager] UpmClient::Send -- Unable to send message (not connected to UPM process).
[Package Manager] Cannot connect to Unity Package Manager local server
Mono: successfully reloaded assembly
- Finished resetting the current domain, in  0.473 seconds
Domain Reload Profiling: 979ms
	BeginReloadAssembly (91ms)
		ExecutionOrderSort (0ms)
		DisableScriptedObjects (2ms)
		BackupInstance (0ms)
		ReleaseScriptingObjects (0ms)
		CreateAndSetChildDomain (20ms)
	RebuildCommonClasses (18ms)
	RebuildNativeTypeToScriptingClass (6ms)
	initialDomainReloadingComplete (18ms)
	LoadAllAssembliesAndSetupDomain (373ms)
		LoadAssemblies (411ms)
		RebuildTransferFunctionScriptingTraits (0ms)
		AnalyzeDomain (7ms)
			TypeCache.Refresh (4ms)
				TypeCache.ScanAssembly (0ms)
			ScanForSourceGeneratedMonoScriptInfo (0ms)
			ResolveRequiredComponents (2ms)
	FinalizeReload (473ms)
		ReleaseScriptCaches (0ms)
		RebuildScriptCaches (0ms)
		SetupLoadedEditorAssemblies (287ms)
			LogAssemblyErrors (0ms)
			InitializePlatformSupportModulesInManaged (26ms)
			SetLoadedEditorAssemblies (2ms)
			RefreshPlugins (0ms)
			BeforeProcessingInitializeOnLoad (62ms)
			ProcessInitializeOnLoadAttributes (178ms)
			ProcessInitializeOnLoadMethodAttributes (15ms)
			AfterProcessingInitializeOnLoad (4ms)
			EditorAssembliesLoaded (0ms)
		ExecutionOrderSort2 (0ms)
		AwakeInstancesAfterBackupRestoration (4ms)
Failed to load shader (instanceID 412, GUID 3e39586253f31b34f87fa7e133449b1e)
Refreshing native plugins compatible for Editor in 4.92 ms, found 4 plugins.
Preloading 0 native plugins for Editor in 0.00 ms.
Unloading 2906 Unused Serialized files (Serialized files now loaded: 0)
Unloading 39 unused Assets / (36.2 KB). Loaded Objects now: 3529.
Memory consumption went from 151.2 MB to 151.2 MB.
Total: 2.408400 ms (FindLiveObjects: 0.185700 ms CreateObjectMapping: 0.044200 ms MarkObjects: 2.122100 ms  DeleteObjects: 0.055700 ms)

Prepare: number of updated asset objects reloaded= 0
AssetImportParameters requested are different than current active one (requested -> active):
  custom:container-demuxer-ogg: 62fdf1f143b41e24485cea50d1cbac27 -> 
  custom:video-codec-MediaFoundation-h265: 746d11721c4dcdbdad8f713fa42b33f4 -> 
  custom:video-decoder-ogg-theora: a1e56fd34408186e4bbccfd4996cb3dc -> 
  custom:framework-win-MediaFoundation: 216162199b28c13a410421893ffa2e32 -> 
  custom:CustomObjectIndexerAttribute: 9a22284fe3817be447336de3de66b15e -> 
  custom:container-demuxer-webm: 4f35f7cbe854078d1ac9338744f61a02 -> 
  custom:container-muxer-webm: aa71ff27fc2769a1b78a27578f13a17b -> 
  custom:video-decoder-webm-vp8: 9c59270c3fd7afecdb556c50c9e8de78 -> 
  custom:SearchIndexIgnoredProperties: e643bd26f0fe6173181afceb89e7c659 -> 
  custom:AudioImporter_EditorPlatform: d09bf68614088b80899f8185d706f6e7 -> 
  custom:video-encoder-webm-vp8: eb34c28f22e8b96e1ab97ce403110664 -> 
  custom:audio-decoder-ogg-vorbis: bf7c407c2cedff20999df2af8eb42d56 -> 
  custom:audio-encoder-webm-vorbis: bf7c407c2cedff20999df2af8eb42d56 -> 
========================================================================
Received Prepare
Begin MonoManager ReloadAssembly
- Loaded All Assemblies, in  0.518 seconds
Refreshing native plugins compatible for Editor in 3.83 ms, found 4 plugins.
Native extension for WindowsStandalone target not found
Native extension for iOS target not found
Native extension for Android target not found
Native extension for OSXStandalone target not found
Native extension for WebGL target not found
[Package Manager] Server::EnsureServerProcessIsRunning -- launch failed, reason: Unity was launched with the -noUpm command-line argument
[Package Manager] UpmClient::Send -- Unable to send message (not connected to UPM process).
[Package Manager] Cannot connect to Unity Package Manager local server
Mono: successfully reloaded assembly
- Finished resetting the current domain, in  0.495 seconds
Domain Reload Profiling: 1010ms
	BeginReloadAssembly (88ms)
		ExecutionOrderSort (0ms)
		DisableScriptedObjects (2ms)
		BackupInstance (0ms)
		ReleaseScriptingObjects (0ms)
		CreateAndSetChildDomain (19ms)
	RebuildCommonClasses (18ms)
	RebuildNativeTypeToScriptingClass (5ms)
	initialDomainReloadingComplete (19ms)
	LoadAllAssembliesAndSetupDomain (385ms)
		LoadAssemblies (421ms)
		RebuildTransferFunctionScriptingTraits (0ms)
		AnalyzeDomain (8ms)
			TypeCache.Refresh (5ms)
				TypeCache.ScanAssembly (0ms)
			ScanForSourceGeneratedMonoScriptInfo (0ms)
			ResolveRequiredComponents (2ms)
	FinalizeReload (495ms)
		ReleaseScriptCaches (0ms)
		RebuildScriptCaches (0ms)
		SetupLoadedEditorAssemblies (287ms)
			LogAssemblyErrors (0ms)
			InitializePlatformSupportModulesInManaged (28ms)
			SetLoadedEditorAssemblies (2ms)
			RefreshPlugins (0ms)
			BeforeProcessingInitializeOnLoad (63ms)
			ProcessInitializeOnLoadAttributes (176ms)
			ProcessInitializeOnLoadMethodAttributes (15ms)
			AfterProcessingInitializeOnLoad (4ms)
			EditorAssembliesLoaded (0ms)
		ExecutionOrderSort2 (0ms)
		AwakeInstancesAfterBackupRestoration (5ms)
Failed to load shader (instanceID 412, GUID 3e39586253f31b34f87fa7e133449b1e)
Refreshing native plugins compatible for Editor in 4.32 ms, found 4 plugins.
Preloading 0 native plugins for Editor in 0.00 ms.
Unloading 2906 Unused Serialized files (Serialized files now loaded: 0)
Unloading 39 unused Assets / (37.2 KB). Loaded Objects now: 3532.
Memory consumption went from 153.1 MB to 153.1 MB.
Total: 2.010200 ms (FindLiveObjects: 0.153400 ms CreateObjectMapping: 0.046000 ms MarkObjects: 1.759700 ms  DeleteObjects: 0.050300 ms)

Prepare: number of updated asset objects reloaded= 0
AssetImportParameters requested are different than current active one (requested -> active):
  custom:container-demuxer-ogg: 62fdf1f143b41e24485cea50d1cbac27 -> 
  custom:video-codec-MediaFoundation-h265: 746d11721c4dcdbdad8f713fa42b33f4 -> 
  custom:video-decoder-ogg-theora: a1e56fd34408186e4bbccfd4996cb3dc -> 
  custom:framework-win-MediaFoundation: 216162199b28c13a410421893ffa2e32 -> 
  custom:CustomObjectIndexerAttribute: 9a22284fe3817be447336de3de66b15e -> 
  custom:container-demuxer-webm: 4f35f7cbe854078d1ac9338744f61a02 -> 
  custom:container-muxer-webm: aa71ff27fc2769a1b78a27578f13a17b -> 
  custom:video-decoder-webm-vp8: 9c59270c3fd7afecdb556c50c9e8de78 -> 
  custom:SearchIndexIgnoredProperties: e643bd26f0fe6173181afceb89e7c659 -> 
  custom:AudioImporter_EditorPlatform: d09bf68614088b80899f8185d706f6e7 -> 
  custom:video-encoder-webm-vp8: eb34c28f22e8b96e1ab97ce403110664 -> 
  custom:audio-decoder-ogg-vorbis: bf7c407c2cedff20999df2af8eb42d56 -> 
  custom:audio-encoder-webm-vorbis: bf7c407c2cedff20999df2af8eb42d56 -> 
