Using pre-set license
Built from '2022.3/staging' branch; Version is '2022.3.24f1 (334eb2a0b267) revision 3362482'; Using compiler version '192829333'; Build Type 'Release'
OS: 'Windows 11  (10.0.22631) 64bit Core' Language: 'ja' Physical Memory: 32611 MB
BatchMode: 1, IsHumanControllingUs: 0, StartBugReporterOnCrash: 0, Is64bit: 1, IsPro: 1

COMMAND LINE ARGUMENTS:
C:\Program Files\Unity\Hub\Editor\2022.3.24f1\Editor\Unity.exe
-adb2
-batchMode
-noUpm
-name
AssetImportWorker3
-projectPath
D:/Unity/SW_github/SW_OZ_ver2/SW OZ
-logFile
Logs/AssetImportWorker3.log
-srvPort
57927
Successfully changed project path to: D:/Unity/SW_github/SW_OZ_ver2/SW OZ
D:/Unity/SW_github/SW_OZ_ver2/SW OZ
[UnityMemory] Configuration Parameters - Can be set up in boot.config
    "memorysetup-bucket-allocator-granularity=16"
    "memorysetup-bucket-allocator-bucket-count=8"
    "memorysetup-bucket-allocator-block-size=33554432"
    "memorysetup-bucket-allocator-block-count=8"
    "memorysetup-main-allocator-block-size=16777216"
    "memorysetup-thread-allocator-block-size=16777216"
    "memorysetup-gfx-main-allocator-block-size=16777216"
    "memorysetup-gfx-thread-allocator-block-size=16777216"
    "memorysetup-cache-allocator-block-size=4194304"
    "memorysetup-typetree-allocator-block-size=2097152"
    "memorysetup-profiler-bucket-allocator-granularity=16"
    "memorysetup-profiler-bucket-allocator-bucket-count=8"
    "memorysetup-profiler-bucket-allocator-block-size=33554432"
    "memorysetup-profiler-bucket-allocator-block-count=8"
    "memorysetup-profiler-allocator-block-size=16777216"
    "memorysetup-profiler-editor-allocator-block-size=1048576"
    "memorysetup-temp-allocator-size-main=16777216"
    "memorysetup-job-temp-allocator-block-size=2097152"
    "memorysetup-job-temp-allocator-block-size-background=1048576"
    "memorysetup-job-temp-allocator-reduction-small-platforms=262144"
    "memorysetup-allocator-temp-initial-block-size-main=262144"
    "memorysetup-allocator-temp-initial-block-size-worker=262144"
    "memorysetup-temp-allocator-size-background-worker=32768"
    "memorysetup-temp-allocator-size-job-worker=262144"
    "memorysetup-temp-allocator-size-preload-manager=33554432"
    "memorysetup-temp-allocator-size-nav-mesh-worker=65536"
    "memorysetup-temp-allocator-size-audio-worker=65536"
    "memorysetup-temp-allocator-size-cloud-worker=32768"
    "memorysetup-temp-allocator-size-gi-baking-worker=262144"
    "memorysetup-temp-allocator-size-gfx=262144"
Player connection [53484] Host "[IP] 192.168.11.2 [Port] 0 [Flags] 2 [Guid] 1452089013 [EditorId] 1452089013 [Version] 1048832 [Id] WindowsEditor(7,M_F) [Debug] 1 [PackageName] WindowsEditor [ProjectName] Editor" joined multi-casting on [225.0.0.222:54997]...

Player connection [53484] Host "[IP] 192.168.11.2 [Port] 0 [Flags] 2 [Guid] 1452089013 [EditorId] 1452089013 [Version] 1048832 [Id] WindowsEditor(7,M_F) [Debug] 1 [PackageName] WindowsEditor [ProjectName] Editor" joined alternative multi-casting on [225.0.0.222:34997]...

[Physics::Module] Initialized MultithreadedJobDispatcher with 31 workers.
Refreshing native plugins compatible for Editor in 8.77 ms, found 4 plugins.
Preloading 0 native plugins for Editor in 0.00 ms.
Initialize engine version: 2022.3.24f1 (334eb2a0b267)
[Subsystems] Discovering subsystems at path C:/Program Files/Unity/Hub/Editor/2022.3.24f1/Editor/Data/Resources/UnitySubsystems
[Subsystems] Discovering subsystems at path D:/Unity/SW_github/SW_OZ_ver2/SW OZ/Assets
GfxDevice: creating device client; threaded=0; jobified=0
Direct3D:
    Version:  Direct3D 11.0 [level 11.1]
    Renderer: NVIDIA GeForce RTX 3060 (ID=0x2504)
    Vendor:   NVIDIA
    VRAM:     12129 MB
    Driver:   31.0.15.3598
Initialize mono
Mono path[0] = 'C:/Program Files/Unity/Hub/Editor/2022.3.24f1/Editor/Data/Managed'
Mono path[1] = 'C:/Program Files/Unity/Hub/Editor/2022.3.24f1/Editor/Data/MonoBleedingEdge/lib/mono/unityjit-win32'
Mono config path = 'C:/Program Files/Unity/Hub/Editor/2022.3.24f1/Editor/Data/MonoBleedingEdge/etc'
Using monoOptions --debugger-agent=transport=dt_socket,embedding=1,server=y,suspend=n,address=127.0.0.1:56344
Begin MonoManager ReloadAssembly
Registering precompiled unity dll's ...
Register platform support module: C:/Program Files/Unity/Hub/Editor/2022.3.24f1/Editor/Data/PlaybackEngines/WebGLSupport/UnityEditor.WebGL.Extensions.dll
Register platform support module: C:/Program Files/Unity/Hub/Editor/2022.3.24f1/Editor/Data/PlaybackEngines/MacStandaloneSupport/UnityEditor.OSXStandalone.Extensions.dll
Register platform support module: C:/Program Files/Unity/Hub/Editor/2022.3.24f1/Editor/Data/PlaybackEngines/AndroidPlayer/UnityEditor.Android.Extensions.dll
Register platform support module: C:/Program Files/Unity/Hub/Editor/2022.3.24f1/Editor/Data/PlaybackEngines/iOSSupport/UnityEditor.iOS.Extensions.dll
Register platform support module: C:/Program Files/Unity/Hub/Editor/2022.3.24f1/Editor/Data/PlaybackEngines/WindowsStandaloneSupport/UnityEditor.WindowsStandalone.Extensions.dll
Registered in 0.007817 seconds.
- Loaded All Assemblies, in  0.244 seconds
Native extension for WindowsStandalone target not found
[usbmuxd] Start listen thread
[usbmuxd] Listen thread started
Native extension for iOS target not found
Native extension for Android target not found
Native extension for OSXStandalone target not found
Native extension for WebGL target not found
Mono: successfully reloaded assembly
- Finished resetting the current domain, in  0.203 seconds
Domain Reload Profiling: 447ms
	BeginReloadAssembly (81ms)
		ExecutionOrderSort (0ms)
		DisableScriptedObjects (0ms)
		BackupInstance (0ms)
		ReleaseScriptingObjects (0ms)
		CreateAndSetChildDomain (1ms)
	RebuildCommonClasses (20ms)
	RebuildNativeTypeToScriptingClass (6ms)
	initialDomainReloadingComplete (38ms)
	LoadAllAssembliesAndSetupDomain (98ms)
		LoadAssemblies (80ms)
		RebuildTransferFunctionScriptingTraits (0ms)
		AnalyzeDomain (96ms)
			TypeCache.Refresh (95ms)
				TypeCache.ScanAssembly (86ms)
			ScanForSourceGeneratedMonoScriptInfo (0ms)
			ResolveRequiredComponents (0ms)
	FinalizeReload (204ms)
		ReleaseScriptCaches (0ms)
		RebuildScriptCaches (0ms)
		SetupLoadedEditorAssemblies (170ms)
			LogAssemblyErrors (0ms)
			InitializePlatformSupportModulesInManaged (63ms)
			SetLoadedEditorAssemblies (2ms)
			RefreshPlugins (0ms)
			BeforeProcessingInitializeOnLoad (1ms)
			ProcessInitializeOnLoadAttributes (71ms)
			ProcessInitializeOnLoadMethodAttributes (32ms)
			AfterProcessingInitializeOnLoad (0ms)
			EditorAssembliesLoaded (0ms)
		ExecutionOrderSort2 (0ms)
		AwakeInstancesAfterBackupRestoration (0ms)
========================================================================
Worker process is ready to serve import requests
Begin MonoManager ReloadAssembly
- Loaded All Assemblies, in  0.892 seconds
Refreshing native plugins compatible for Editor in 93.21 ms, found 4 plugins.
Native extension for WindowsStandalone target not found
Native extension for iOS target not found
Native extension for Android target not found
Native extension for OSXStandalone target not found
Native extension for WebGL target not found
Package Manager log level set to [2]
[Package Manager] Server::EnsureServerProcessIsRunning -- launch failed, reason: Unity was launched with the -noUpm command-line argument
[Package Manager] UpmClient::Send -- Unable to send message (not connected to UPM process).
[Package Manager] Cannot connect to Unity Package Manager local server
Mono: successfully reloaded assembly
- Finished resetting the current domain, in  0.436 seconds
Domain Reload Profiling: 1326ms
	BeginReloadAssembly (83ms)
		ExecutionOrderSort (0ms)
		DisableScriptedObjects (3ms)
		BackupInstance (0ms)
		ReleaseScriptingObjects (0ms)
		CreateAndSetChildDomain (13ms)
	RebuildCommonClasses (19ms)
	RebuildNativeTypeToScriptingClass (6ms)
	initialDomainReloadingComplete (38ms)
	LoadAllAssembliesAndSetupDomain (744ms)
		LoadAssemblies (723ms)
		RebuildTransferFunctionScriptingTraits (0ms)
		AnalyzeDomain (71ms)
			TypeCache.Refresh (61ms)
				TypeCache.ScanAssembly (51ms)
			ScanForSourceGeneratedMonoScriptInfo (7ms)
			ResolveRequiredComponents (2ms)
	FinalizeReload (437ms)
		ReleaseScriptCaches (0ms)
		RebuildScriptCaches (0ms)
		SetupLoadedEditorAssemblies (351ms)
			LogAssemblyErrors (0ms)
			InitializePlatformSupportModulesInManaged (25ms)
			SetLoadedEditorAssemblies (2ms)
			RefreshPlugins (0ms)
			BeforeProcessingInitializeOnLoad (109ms)
			ProcessInitializeOnLoadAttributes (197ms)
			ProcessInitializeOnLoadMethodAttributes (14ms)
			AfterProcessingInitializeOnLoad (4ms)
			EditorAssembliesLoaded (0ms)
		ExecutionOrderSort2 (0ms)
		AwakeInstancesAfterBackupRestoration (4ms)
Failed to load shader (instanceID 412, GUID 3e39586253f31b34f87fa7e133449b1e)
Launched and connected shader compiler UnityShaderCompiler.exe after 0.07 seconds
Refreshing native plugins compatible for Editor in 2.57 ms, found 4 plugins.
Preloading 0 native plugins for Editor in 0.00 ms.
Unloading 2882 Unused Serialized files (Serialized files now loaded: 0)
Unloading 46 unused Assets / (62.5 KB). Loaded Objects now: 3450.
Memory consumption went from 123.9 MB to 123.8 MB.
Total: 2.737800 ms (FindLiveObjects: 0.138700 ms CreateObjectMapping: 0.037800 ms MarkObjects: 2.465400 ms  DeleteObjects: 0.095200 ms)

AssetImportParameters requested are different than current active one (requested -> active):
  custom:video-decoder-webm-vp8: 9c59270c3fd7afecdb556c50c9e8de78 -> 
  custom:SearchIndexIgnoredProperties: e643bd26f0fe6173181afceb89e7c659 -> 
  custom:container-demuxer-ogg: 62fdf1f143b41e24485cea50d1cbac27 -> 
  custom:AudioImporter_EditorPlatform: d09bf68614088b80899f8185d706f6e7 -> 
  custom:video-codec-MediaFoundation-h265: 746d11721c4dcdbdad8f713fa42b33f4 -> 
  custom:video-decoder-ogg-theora: a1e56fd34408186e4bbccfd4996cb3dc -> 
  custom:framework-win-MediaFoundation: 216162199b28c13a410421893ffa2e32 -> 
  custom:video-encoder-webm-vp8: eb34c28f22e8b96e1ab97ce403110664 -> 
  custom:audio-decoder-ogg-vorbis: bf7c407c2cedff20999df2af8eb42d56 -> 
  custom:scripting/monoscript/fileName/CopyMaterialParameter.cs: d7f44e89f2cd6f27203203758739527f -> 60e002c4555e361d0753964b04564015
  custom:CustomObjectIndexerAttribute: 9a22284fe3817be447336de3de66b15e -> 
  custom:container-demuxer-webm: 4f35f7cbe854078d1ac9338744f61a02 -> 
  custom:scripting/monoscript/fileName/RemoveUnusedMaterialProperties.cs: 887d8bd17fba4e64ed7fd0ee1960f6ad -> a7d4bd13d48d6a82a97322f0c6834f97
  custom:audio-encoder-webm-vorbis: bf7c407c2cedff20999df2af8eb42d56 -> 
  custom:scripting/monoscript/fileName/UTS2GUI.cs: 18d236201f2130df52ce31bb3b31c5ff -> 54cfe06be42dca97ca4d033101eef952
  custom:container-muxer-webm: aa71ff27fc2769a1b78a27578f13a17b -> 
  custom:scripting/monoscript/fileName/RemoveUnusedShaderKeywordsFromUTS2Material.cs: 1ef85bf11c7844c94a5da302b7761b18 -> 7cdca1940c966142c15c724bbc7ee1d5
========================================================================
Received Import Request.
  Time since last request: 254254.611433 seconds.
  path: Assets/Fishing Docks and Boats/Prefab/Prfb_Lifering_01b.prefab
  artifactKey: Guid(2b0e8201f5d139e409d1a95ac21d6172) Importer(2089858483,0ecaa5967403d082aa24f35e1b516d23)
Start importing Assets/Fishing Docks and Boats/Prefab/Prfb_Lifering_01b.prefab using Guid(2b0e8201f5d139e409d1a95ac21d6172) Importer(2089858483,0ecaa5967403d082aa24f35e1b516d23)  -> (artifact id: '71c3b336b27c571e414cdf2681c695f6') in 0.110855 seconds
Number of updated asset objects reloaded before import = 0
Number of asset objects unloaded after import = 8
========================================================================
Received Import Request.
  Time since last request: 0.000015 seconds.
  path: Assets/Fishing Docks and Boats/Textures/TX_FlareGun_01a_NRM.TGA
  artifactKey: Guid(a75bbf35615fb2c4a9db437186e9a72e) Importer(2089858483,0ecaa5967403d082aa24f35e1b516d23)
Start importing Assets/Fishing Docks and Boats/Textures/TX_FlareGun_01a_NRM.TGA using Guid(a75bbf35615fb2c4a9db437186e9a72e) Importer(2089858483,0ecaa5967403d082aa24f35e1b516d23)  -> (artifact id: '4f77efe08295bcbc756f06c925e2fce5') in 0.135372 seconds
Number of updated asset objects reloaded before import = 0
Number of asset objects unloaded after import = 1
========================================================================
Received Import Request.
  Time since last request: 0.000020 seconds.
  path: Assets/Fishing Docks and Boats/Textures/TX_FishingNet_01a_ORM.TGA
  artifactKey: Guid(cfc823aacf66a6741a86fc6f7aebfa46) Importer(2089858483,0ecaa5967403d082aa24f35e1b516d23)
Start importing Assets/Fishing Docks and Boats/Textures/TX_FishingNet_01a_ORM.TGA using Guid(cfc823aacf66a6741a86fc6f7aebfa46) Importer(2089858483,0ecaa5967403d082aa24f35e1b516d23)  -> (artifact id: '277eaf1e10998f30f5f6de88978a1406') in 0.044057 seconds
Number of updated asset objects reloaded before import = 0
Number of asset objects unloaded after import = 1
========================================================================
Received Import Request.
  Time since last request: 0.000017 seconds.
  path: Assets/Fishing Docks and Boats/Prefab/Prfb_Oar_01b.prefab
  artifactKey: Guid(1ef254d0f3dc79d4f9373353c6faa794) Importer(2089858483,0ecaa5967403d082aa24f35e1b516d23)
Start importing Assets/Fishing Docks and Boats/Prefab/Prfb_Oar_01b.prefab using Guid(1ef254d0f3dc79d4f9373353c6faa794) Importer(2089858483,0ecaa5967403d082aa24f35e1b516d23)  -> (artifact id: 'f9713c4d71de0d120131c1e70a5e6d74') in 0.036960 seconds
Number of updated asset objects reloaded before import = 0
Number of asset objects unloaded after import = 8
========================================================================
Received Import Request.
  Time since last request: 0.000012 seconds.
  path: Assets/Fishing Docks and Boats/Textures/TX_Fishing_Rod_01a_NRM.TGA
  artifactKey: Guid(fb71ed34e57b3cc4d833adaa820061c8) Importer(2089858483,0ecaa5967403d082aa24f35e1b516d23)
Start importing Assets/Fishing Docks and Boats/Textures/TX_Fishing_Rod_01a_NRM.TGA using Guid(fb71ed34e57b3cc4d833adaa820061c8) Importer(2089858483,0ecaa5967403d082aa24f35e1b516d23)  -> (artifact id: 'e9cad478fc4eb1d2750518ee96bd3b91') in 0.047780 seconds
Number of updated asset objects reloaded before import = 0
Number of asset objects unloaded after import = 1
========================================================================
Received Import Request.
  Time since last request: 0.000013 seconds.
  path: Assets/Fishing Docks and Boats/Prefab/Prfb_FlareGun_01b_b.prefab
  artifactKey: Guid(798867527d9d9e942b97780bbbb4fd59) Importer(2089858483,0ecaa5967403d082aa24f35e1b516d23)
Start importing Assets/Fishing Docks and Boats/Prefab/Prfb_FlareGun_01b_b.prefab using Guid(798867527d9d9e942b97780bbbb4fd59) Importer(2089858483,0ecaa5967403d082aa24f35e1b516d23)  -> (artifact id: '3c4ed4bc62232c63aefb4ad2990a16b1') in 0.046973 seconds
Number of updated asset objects reloaded before import = 0
Number of asset objects unloaded after import = 8
========================================================================
Received Import Request.
  Time since last request: 0.086352 seconds.
  path: Assets/Fishing Docks and Boats/Textures/TX_SM_BoatFender_01a_MASK.BMP
  artifactKey: Guid(113b4942eecc08544bf88fad88b97335) Importer(2089858483,0ecaa5967403d082aa24f35e1b516d23)
Start importing Assets/Fishing Docks and Boats/Textures/TX_SM_BoatFender_01a_MASK.BMP using Guid(113b4942eecc08544bf88fad88b97335) Importer(2089858483,0ecaa5967403d082aa24f35e1b516d23)  -> (artifact id: '5cfff53813d77998816ee5460fd56644') in 0.050608 seconds
Number of updated asset objects reloaded before import = 0
Number of asset objects unloaded after import = 1
========================================================================
Received Import Request.
  Time since last request: 0.000065 seconds.
  path: Assets/Fishing Docks and Boats/Scenes/Example/Lightmap-5_comp_dir.png
  artifactKey: Guid(3ec632d9e5343d14cb6f187917e25068) Importer(2089858483,0ecaa5967403d082aa24f35e1b516d23)
Start importing Assets/Fishing Docks and Boats/Scenes/Example/Lightmap-5_comp_dir.png using Guid(3ec632d9e5343d14cb6f187917e25068) Importer(2089858483,0ecaa5967403d082aa24f35e1b516d23)  -> (artifact id: '503bf5b0da45aef87113b6ab55dea686') in 0.081888 seconds
Number of updated asset objects reloaded before import = 0
Number of asset objects unloaded after import = 1
========================================================================
Received Import Request.
  Time since last request: 0.000011 seconds.
  path: Assets/Alstra Infinite/Fish - PolyPack/Scene/ShowcaseFloor.mat
  artifactKey: Guid(0982336231d4218459d2001ee76293b3) Importer(2089858483,0ecaa5967403d082aa24f35e1b516d23)
Start importing Assets/Alstra Infinite/Fish - PolyPack/Scene/ShowcaseFloor.mat using Guid(0982336231d4218459d2001ee76293b3) Importer(2089858483,0ecaa5967403d082aa24f35e1b516d23)  -> (artifact id: '7ba1bd5e9ab969ea8c253fb72da56920') in 0.026729 seconds
Number of updated asset objects reloaded before import = 0
Number of asset objects unloaded after import = 1
========================================================================
Received Import Request.
  Time since last request: 0.000018 seconds.
  path: Assets/Alstra Infinite/Fish - PolyPack/Texture/PolyPackFish.png
  artifactKey: Guid(046f0687a8e053648949194a16f36c33) Importer(2089858483,0ecaa5967403d082aa24f35e1b516d23)
Start importing Assets/Alstra Infinite/Fish - PolyPack/Texture/PolyPackFish.png using Guid(046f0687a8e053648949194a16f36c33) Importer(2089858483,0ecaa5967403d082aa24f35e1b516d23)  -> (artifact id: '8dba284224973b8e6ec567044eff6f95') in 0.053640 seconds
Number of updated asset objects reloaded before import = 0
Number of asset objects unloaded after import = 1
========================================================================
Received Import Request.
  Time since last request: 0.000020 seconds.
  path: Assets/PlayMaker/Editor/PlayMakerGuidedTour.cs
  artifactKey: Guid(404d317d82118d94487a5686d29dc0af) Importer(2089858483,0ecaa5967403d082aa24f35e1b516d23)
Start importing Assets/PlayMaker/Editor/PlayMakerGuidedTour.cs using Guid(404d317d82118d94487a5686d29dc0af) Importer(2089858483,0ecaa5967403d082aa24f35e1b516d23)  -> (artifact id: '36a1f6f5f7a8a650b18882db30686e7c') in 0.026052 seconds
Number of updated asset objects reloaded before import = 0
Number of asset objects unloaded after import = 1
========================================================================
Received Import Request.
  Time since last request: 0.000011 seconds.
  path: Assets/Fishing Docks and Boats/Textures/TX_SM_FishingBoots_01a_DIF.TGA
  artifactKey: Guid(cbe09c75af290b4428c432052efb6ee0) Importer(2089858483,0ecaa5967403d082aa24f35e1b516d23)
Start importing Assets/Fishing Docks and Boats/Textures/TX_SM_FishingBoots_01a_DIF.TGA using Guid(cbe09c75af290b4428c432052efb6ee0) Importer(2089858483,0ecaa5967403d082aa24f35e1b516d23)  -> (artifact id: '3d877d81e807ec068679703669aa6d9b') in 0.029956 seconds
Number of updated asset objects reloaded before import = 0
Number of asset objects unloaded after import = 1
========================================================================
Received Import Request.
  Time since last request: 0.000017 seconds.
  path: Assets/PlayMaker/Editor/PlayMakerUpdater.cs
  artifactKey: Guid(f49fcf7ebc691f54982f6d23eb15f1cc) Importer(2089858483,0ecaa5967403d082aa24f35e1b516d23)
Start importing Assets/PlayMaker/Editor/PlayMakerUpdater.cs using Guid(f49fcf7ebc691f54982f6d23eb15f1cc) Importer(2089858483,0ecaa5967403d082aa24f35e1b516d23)  -> (artifact id: 'f4a024c195fe51c139b3f8bf1e761d81') in 0.014866 seconds
Number of updated asset objects reloaded before import = 0
Number of asset objects unloaded after import = 1
========================================================================
Received Import Request.
  Time since last request: 0.000011 seconds.
  path: Assets/UniGLTF/DepthFirstScheduler/MonitorQueue.cs
  artifactKey: Guid(5e968e04ff53e1c4a9a2869b7cf76055) Importer(2089858483,0ecaa5967403d082aa24f35e1b516d23)
Start importing Assets/UniGLTF/DepthFirstScheduler/MonitorQueue.cs using Guid(5e968e04ff53e1c4a9a2869b7cf76055) Importer(2089858483,0ecaa5967403d082aa24f35e1b516d23)  -> (artifact id: 'bc8dafdb8a64e4072d434b4c9d728b33') in 0.011198 seconds
Number of updated asset objects reloaded before import = 0
Number of asset objects unloaded after import = 1
========================================================================
Received Import Request.
  Time since last request: 0.000011 seconds.
  path: Assets/PlayMaker/Editor/PlayMakerEditor.dll.mdb
  artifactKey: Guid(676b95d8233a4f74699272b34a47277b) Importer(2089858483,0ecaa5967403d082aa24f35e1b516d23)
Start importing Assets/PlayMaker/Editor/PlayMakerEditor.dll.mdb using Guid(676b95d8233a4f74699272b34a47277b) Importer(2089858483,0ecaa5967403d082aa24f35e1b516d23)  -> (artifact id: '3fb34d66b6505e3e9626032bb00d096f') in 0.011399 seconds
Number of updated asset objects reloaded before import = 0
Number of asset objects unloaded after import = 1
========================================================================
Received Import Request.
  Time since last request: 0.000011 seconds.
  path: Assets/PlayMaker/Editor/PlayMakerWelcomeWindow.cs
  artifactKey: Guid(ae09cdaf80f2e864094117640e60c154) Importer(2089858483,0ecaa5967403d082aa24f35e1b516d23)
Start importing Assets/PlayMaker/Editor/PlayMakerWelcomeWindow.cs using Guid(ae09cdaf80f2e864094117640e60c154) Importer(2089858483,0ecaa5967403d082aa24f35e1b516d23)  -> (artifact id: 'a9fd3fa6de6f476fb090c4f684e05ec6') in 0.043671 seconds
Number of updated asset objects reloaded before import = 0
Number of asset objects unloaded after import = 1
========================================================================
Received Import Request.
  Time since last request: 0.000039 seconds.
  path: Assets/UniGLTF/DepthFirstScheduler/README.md
  artifactKey: Guid(1231fa531fdd33f4baccc935c18c0872) Importer(2089858483,0ecaa5967403d082aa24f35e1b516d23)
Start importing Assets/UniGLTF/DepthFirstScheduler/README.md using Guid(1231fa531fdd33f4baccc935c18c0872) Importer(2089858483,0ecaa5967403d082aa24f35e1b516d23)  -> (artifact id: 'b1ac268731fdf5359acf81b89ad88da3') in 0.019857 seconds
Number of updated asset objects reloaded before import = 0
Number of asset objects unloaded after import = 1
========================================================================
Received Import Request.
  Time since last request: 0.000026 seconds.
  path: Assets/Alstra Infinite/Fish - PolyPack/Models/FishV1.fbx
  artifactKey: Guid(38f74cd884cda8242b4fdc167c4962f8) Importer(2089858483,0ecaa5967403d082aa24f35e1b516d23)
Start importing Assets/Alstra Infinite/Fish - PolyPack/Models/FishV1.fbx using Guid(38f74cd884cda8242b4fdc167c4962f8) Importer(2089858483,0ecaa5967403d082aa24f35e1b516d23)  -> (artifact id: '5b91394b55d44bebe1b109e5514f614d') in 0.034912 seconds
Number of updated asset objects reloaded before import = 0
Number of asset objects unloaded after import = 9
========================================================================
Received Import Request.
  Time since last request: 0.000012 seconds.
  path: Assets/PlayMaker/Editor/PlayMakerControlsEditor.cs
  artifactKey: Guid(551b7bc9912b0fc4896f7826671fbda8) Importer(2089858483,0ecaa5967403d082aa24f35e1b516d23)
Start importing Assets/PlayMaker/Editor/PlayMakerControlsEditor.cs using Guid(551b7bc9912b0fc4896f7826671fbda8) Importer(2089858483,0ecaa5967403d082aa24f35e1b516d23)  -> (artifact id: '76daac2240f9b2c79323d4fa5b4f4d1e') in 0.037946 seconds
Number of updated asset objects reloaded before import = 0
Number of asset objects unloaded after import = 1
========================================================================
Received Import Request.
  Time since last request: 0.000013 seconds.
  path: Assets/UniGLTF/DepthFirstScheduler/LockQueue.cs
  artifactKey: Guid(f6b1eb436e400704ab6e2ad6eff29f4b) Importer(2089858483,0ecaa5967403d082aa24f35e1b516d23)
Start importing Assets/UniGLTF/DepthFirstScheduler/LockQueue.cs using Guid(f6b1eb436e400704ab6e2ad6eff29f4b) Importer(2089858483,0ecaa5967403d082aa24f35e1b516d23)  -> (artifact id: 'ada8cddcba42707f964f3f2f6be1fb91') in 0.014633 seconds
Number of updated asset objects reloaded before import = 0
Number of asset objects unloaded after import = 1
========================================================================
Received Import Request.
  Time since last request: 0.000031 seconds.
  path: Assets/UniGLTF/doc/metalroughness.png
  artifactKey: Guid(9562eeb01fd74dd45a551d868c32b1e6) Importer(2089858483,0ecaa5967403d082aa24f35e1b516d23)
Start importing Assets/UniGLTF/doc/metalroughness.png using Guid(9562eeb01fd74dd45a551d868c32b1e6) Importer(2089858483,0ecaa5967403d082aa24f35e1b516d23)  -> (artifact id: '96f4cdba90c402937d27e4dadc61964e') in 0.024236 seconds
Number of updated asset objects reloaded before import = 0
Number of asset objects unloaded after import = 1
========================================================================
Received Import Request.
  Time since last request: 0.000011 seconds.
  path: Assets/PlayMaker/Editor/FsmEventsWindow.cs
  artifactKey: Guid(b0320d6e9824b324992f97fec8cc1f64) Importer(2089858483,0ecaa5967403d082aa24f35e1b516d23)
Start importing Assets/PlayMaker/Editor/FsmEventsWindow.cs using Guid(b0320d6e9824b324992f97fec8cc1f64) Importer(2089858483,0ecaa5967403d082aa24f35e1b516d23)  -> (artifact id: '2b686f9552a8f4fff5009b06e89b96e2') in 0.029228 seconds
Number of updated asset objects reloaded before import = 0
Number of asset objects unloaded after import = 1
========================================================================
Received Import Request.
  Time since last request: 0.000012 seconds.
  path: Assets/UniGLTF/DepthFirstScheduler/Scheduler.cs
  artifactKey: Guid(5a160dc164df4094dbbc892055ac82ae) Importer(2089858483,0ecaa5967403d082aa24f35e1b516d23)
Start importing Assets/UniGLTF/DepthFirstScheduler/Scheduler.cs using Guid(5a160dc164df4094dbbc892055ac82ae) Importer(2089858483,0ecaa5967403d082aa24f35e1b516d23)  -> (artifact id: '217fbcd9c7c55a6e2dfe8c1edbc48784') in 0.014306 seconds
Number of updated asset objects reloaded before import = 0
Number of asset objects unloaded after import = 1
========================================================================
Received Import Request.
  Time since last request: 0.000010 seconds.
  path: Assets/Fishing Docks and Boats/Scenes/Example/Lightmap-5_comp_light.exr
  artifactKey: Guid(02a37ae71040904429e6aa87abb21e67) Importer(2089858483,0ecaa5967403d082aa24f35e1b516d23)
Start importing Assets/Fishing Docks and Boats/Scenes/Example/Lightmap-5_comp_light.exr using Guid(02a37ae71040904429e6aa87abb21e67) Importer(2089858483,0ecaa5967403d082aa24f35e1b516d23)  -> (artifact id: 'f993433db13a939199c129b0f7a80f83') in 0.052499 seconds
Number of updated asset objects reloaded before import = 0
Number of asset objects unloaded after import = 1
========================================================================
Received Import Request.
  Time since last request: 0.000010 seconds.
  path: Assets/Fishing Docks and Boats/Textures/TX_SM_Lifering_01a_DIF.TGA
  artifactKey: Guid(c7ebace0fa672974e8b1714514361377) Importer(2089858483,0ecaa5967403d082aa24f35e1b516d23)
Start importing Assets/Fishing Docks and Boats/Textures/TX_SM_Lifering_01a_DIF.TGA using Guid(c7ebace0fa672974e8b1714514361377) Importer(2089858483,0ecaa5967403d082aa24f35e1b516d23)  -> (artifact id: 'ef8fe49e65c9a6fc3bfedeaa51a60334') in 0.031646 seconds
Number of updated asset objects reloaded before import = 0
Number of asset objects unloaded after import = 1
========================================================================
Received Import Request.
  Time since last request: 0.000013 seconds.
  path: Assets/Fishing Docks and Boats/Scenes/Example/Lightmap-0_comp_light.exr
  artifactKey: Guid(29fea65fbb7c59344921fc006dec7e44) Importer(2089858483,0ecaa5967403d082aa24f35e1b516d23)
Start importing Assets/Fishing Docks and Boats/Scenes/Example/Lightmap-0_comp_light.exr using Guid(29fea65fbb7c59344921fc006dec7e44) Importer(2089858483,0ecaa5967403d082aa24f35e1b516d23)  -> (artifact id: '1922f999546828aad9a222ce897b3e2b') in 0.075636 seconds
Number of updated asset objects reloaded before import = 0
Number of asset objects unloaded after import = 1
========================================================================
Received Import Request.
  Time since last request: 1.110324 seconds.
  path: Assets/PlayMaker/Actions/AnimateVariables/AnimateFloat.cs
  artifactKey: Guid(5e775993337e0034e97e098d6575306c) Importer(2089858483,0ecaa5967403d082aa24f35e1b516d23)
Start importing Assets/PlayMaker/Actions/AnimateVariables/AnimateFloat.cs using Guid(5e775993337e0034e97e098d6575306c) Importer(2089858483,0ecaa5967403d082aa24f35e1b516d23)  -> (artifact id: 'b3d53ae828db35638d7cada088a60462') in 0.021115 seconds
Number of updated asset objects reloaded before import = 0
Number of asset objects unloaded after import = 1
========================================================================
Received Import Request.
  Time since last request: 0.000010 seconds.
  path: Assets/PlayMaker/Actions/Audio/AudioMute.cs
  artifactKey: Guid(cc715a02422df2b43bf7c11fddf2a78a) Importer(2089858483,0ecaa5967403d082aa24f35e1b516d23)
Start importing Assets/PlayMaker/Actions/Audio/AudioMute.cs using Guid(cc715a02422df2b43bf7c11fddf2a78a) Importer(2089858483,0ecaa5967403d082aa24f35e1b516d23)  -> (artifact id: 'd105085e8042b3d15b89bfc24dbb851a') in 0.014339 seconds
Number of updated asset objects reloaded before import = 0
Number of asset objects unloaded after import = 1
========================================================================
Received Import Request.
  Time since last request: 0.000010 seconds.
  path: Assets/PlayMaker/Actions/Animator/GetAnimatorCurrentStateInfoIsTag.cs
  artifactKey: Guid(07687adfe28594b449945d9abc9c3c29) Importer(2089858483,0ecaa5967403d082aa24f35e1b516d23)
Start importing Assets/PlayMaker/Actions/Animator/GetAnimatorCurrentStateInfoIsTag.cs using Guid(07687adfe28594b449945d9abc9c3c29) Importer(2089858483,0ecaa5967403d082aa24f35e1b516d23)  -> (artifact id: 'f4d2e196b1af6383bde584e02fd900ad') in 0.013487 seconds
Number of updated asset objects reloaded before import = 0
Number of asset objects unloaded after import = 1
========================================================================
Received Import Request.
  Time since last request: 0.000176 seconds.
  path: Assets/PlayMaker/Actions/Animator/GetAnimatorBody.cs
  artifactKey: Guid(c22054fd1dd374c9a9c987d5cc6221f7) Importer(2089858483,0ecaa5967403d082aa24f35e1b516d23)
Start importing Assets/PlayMaker/Actions/Animator/GetAnimatorBody.cs using Guid(c22054fd1dd374c9a9c987d5cc6221f7) Importer(2089858483,0ecaa5967403d082aa24f35e1b516d23)  -> (artifact id: '18d48b7127caf3fe030ad63a85032e8e') in 0.018629 seconds
Number of updated asset objects reloaded before import = 0
Number of asset objects unloaded after import = 1
========================================================================
Received Import Request.
  Time since last request: 0.000010 seconds.
  path: Assets/PlayMaker/Actions/Array/ArrayGetRandom.cs
  artifactKey: Guid(df9a5befe0eda4445a018b47d17c2a8b) Importer(2089858483,0ecaa5967403d082aa24f35e1b516d23)
Start importing Assets/PlayMaker/Actions/Array/ArrayGetRandom.cs using Guid(df9a5befe0eda4445a018b47d17c2a8b) Importer(2089858483,0ecaa5967403d082aa24f35e1b516d23)  -> (artifact id: 'ebb9c71c4604f8943f232e2abb9db367') in 0.013755 seconds
Number of updated asset objects reloaded before import = 0
Number of asset objects unloaded after import = 1
========================================================================
Received Import Request.
  Time since last request: 0.000011 seconds.
  path: Assets/PlayMaker/Actions/AnimateVariables/AnimateVector3.cs
  artifactKey: Guid(096d312d970839340bb0b73993a5217e) Importer(2089858483,0ecaa5967403d082aa24f35e1b516d23)
Start importing Assets/PlayMaker/Actions/AnimateVariables/AnimateVector3.cs using Guid(096d312d970839340bb0b73993a5217e) Importer(2089858483,0ecaa5967403d082aa24f35e1b516d23)  -> (artifact id: '45a1aaab5fe8b4dc88f0f5981fe1f72c') in 0.014823 seconds
Number of updated asset objects reloaded before import = 0
Number of asset objects unloaded after import = 1
========================================================================
Received Import Request.
  Time since last request: 0.000010 seconds.
  path: Assets/PlayMaker/Actions/Array/ArrayReverse.cs
  artifactKey: Guid(41e56ac32e995724a9ea51f5b7b5ebce) Importer(2089858483,0ecaa5967403d082aa24f35e1b516d23)
Start importing Assets/PlayMaker/Actions/Array/ArrayReverse.cs using Guid(41e56ac32e995724a9ea51f5b7b5ebce) Importer(2089858483,0ecaa5967403d082aa24f35e1b516d23)  -> (artifact id: '8564916446c41ccab3749e8fe7ad0e50') in 0.014621 seconds
Number of updated asset objects reloaded before import = 0
Number of asset objects unloaded after import = 1
========================================================================
Received Import Request.
  Time since last request: 0.000017 seconds.
  path: Assets/PlayMaker/Actions/Application/GetScreenWidth.cs
  artifactKey: Guid(fc3418538b8c2cb4d93436a08a94d849) Importer(2089858483,0ecaa5967403d082aa24f35e1b516d23)
Start importing Assets/PlayMaker/Actions/Application/GetScreenWidth.cs using Guid(fc3418538b8c2cb4d93436a08a94d849) Importer(2089858483,0ecaa5967403d082aa24f35e1b516d23)  -> (artifact id: '04b12d8650e42f5025a1ec11c7b1c1fb') in 0.014967 seconds
Number of updated asset objects reloaded before import = 0
Number of asset objects unloaded after import = 1
========================================================================
Received Import Request.
  Time since last request: 0.000013 seconds.
  path: Assets/PlayMaker/Actions/AnimateVariables/CurveVector3.cs
  artifactKey: Guid(14d5c12ee3042144ea0c7ca086f0ab6f) Importer(2089858483,0ecaa5967403d082aa24f35e1b516d23)
Start importing Assets/PlayMaker/Actions/AnimateVariables/CurveVector3.cs using Guid(14d5c12ee3042144ea0c7ca086f0ab6f) Importer(2089858483,0ecaa5967403d082aa24f35e1b516d23)  -> (artifact id: '073fecf5d2fb51df32f1d6d995beacb6') in 0.015665 seconds
Number of updated asset objects reloaded before import = 0
Number of asset objects unloaded after import = 1
========================================================================
Received Import Request.
  Time since last request: 0.000018 seconds.
  path: Assets/PlayMaker/Actions/Array/ArrayGet.cs
  artifactKey: Guid(bb2087d662074974ba5d95f6f6443889) Importer(2089858483,0ecaa5967403d082aa24f35e1b516d23)
Start importing Assets/PlayMaker/Actions/Array/ArrayGet.cs using Guid(bb2087d662074974ba5d95f6f6443889) Importer(2089858483,0ecaa5967403d082aa24f35e1b516d23)  -> (artifact id: 'c86f138b34cdbec0c6b88473cf30a6f5') in 0.013903 seconds
Number of updated asset objects reloaded before import = 0
Number of asset objects unloaded after import = 1
========================================================================
Received Import Request.
  Time since last request: 0.000010 seconds.
  path: Assets/PlayMaker/Actions/Animator/GetAnimatorIsParameterControlledByCurve.cs
  artifactKey: Guid(cb08474726d4c46db9951e90042f7e9a) Importer(2089858483,0ecaa5967403d082aa24f35e1b516d23)
Start importing Assets/PlayMaker/Actions/Animator/GetAnimatorIsParameterControlledByCurve.cs using Guid(cb08474726d4c46db9951e90042f7e9a) Importer(2089858483,0ecaa5967403d082aa24f35e1b516d23)  -> (artifact id: '29360e16e329092ead2c6a8fbd092741') in 0.016067 seconds
Number of updated asset objects reloaded before import = 0
Number of asset objects unloaded after import = 1
========================================================================
Received Import Request.
  Time since last request: 0.000010 seconds.
  path: Assets/PlayMaker/Actions/Animator/GetAnimatorCurrentStateInfoIsName.cs
  artifactKey: Guid(3b6569490c2174e38b25f4763b428a89) Importer(2089858483,0ecaa5967403d082aa24f35e1b516d23)
Start importing Assets/PlayMaker/Actions/Animator/GetAnimatorCurrentStateInfoIsName.cs using Guid(3b6569490c2174e38b25f4763b428a89) Importer(2089858483,0ecaa5967403d082aa24f35e1b516d23)  -> (artifact id: 'f55c73e4a51a38f5ceb23f02258736fc') in 0.013017 seconds
Number of updated asset objects reloaded before import = 0
Number of asset objects unloaded after import = 1
========================================================================
Received Import Request.
  Time since last request: 0.000010 seconds.
  path: Assets/PlayMaker/Actions/Animator/GetAnimatorFeetPivotActive.cs
  artifactKey: Guid(e13fdcd155d24432ea5ddb9a289ddaef) Importer(2089858483,0ecaa5967403d082aa24f35e1b516d23)
Start importing Assets/PlayMaker/Actions/Animator/GetAnimatorFeetPivotActive.cs using Guid(e13fdcd155d24432ea5ddb9a289ddaef) Importer(2089858483,0ecaa5967403d082aa24f35e1b516d23)  -> (artifact id: '5482fca6606d7c8b21576e1b1b4b8764') in 0.017154 seconds
Number of updated asset objects reloaded before import = 0
Number of asset objects unloaded after import = 1
========================================================================
Received Import Request.
  Time since last request: 0.000010 seconds.
  path: Assets/PlayMaker/Actions/Application/SetScreenResolution.cs
  artifactKey: Guid(188407a4c1a8fb041b318e60ad1e6065) Importer(2089858483,0ecaa5967403d082aa24f35e1b516d23)
Start importing Assets/PlayMaker/Actions/Application/SetScreenResolution.cs using Guid(188407a4c1a8fb041b318e60ad1e6065) Importer(2089858483,0ecaa5967403d082aa24f35e1b516d23)  -> (artifact id: 'b1d2f8dfa6755e1e19a0b1f0c2b745c8') in 0.015783 seconds
Number of updated asset objects reloaded before import = 0
Number of asset objects unloaded after import = 1
========================================================================
Received Import Request.
  Time since last request: 0.000010 seconds.
  path: Assets/PlayMaker/Actions/Audio/SetAudioClip.cs
  artifactKey: Guid(43e053420a1a7764e9b7bfce0dc7c229) Importer(2089858483,0ecaa5967403d082aa24f35e1b516d23)
Start importing Assets/PlayMaker/Actions/Audio/SetAudioClip.cs using Guid(43e053420a1a7764e9b7bfce0dc7c229) Importer(2089858483,0ecaa5967403d082aa24f35e1b516d23)  -> (artifact id: '51f0915603d2adbc07a0e2fa76ce3eef') in 0.013253 seconds
Number of updated asset objects reloaded before import = 0
Number of asset objects unloaded after import = 1
========================================================================
Received Import Request.
  Time since last request: 0.000009 seconds.
  path: Assets/PlayMaker/Actions/Animator/GetAnimatorLayerCount.cs
  artifactKey: Guid(acf2623f6aced45c9b16e208719d85cb) Importer(2089858483,0ecaa5967403d082aa24f35e1b516d23)
Start importing Assets/PlayMaker/Actions/Animator/GetAnimatorLayerCount.cs using Guid(acf2623f6aced45c9b16e208719d85cb) Importer(2089858483,0ecaa5967403d082aa24f35e1b516d23)  -> (artifact id: '0bec8d2bebd9f5bca868bac061dcc5a8') in 0.015441 seconds
Number of updated asset objects reloaded before import = 0
Number of asset objects unloaded after import = 1
========================================================================
Received Import Request.
  Time since last request: 0.000011 seconds.
  path: Assets/PlayMaker/Actions/Animator/GetAnimatorRoot.cs
  artifactKey: Guid(f6a5f9d7ea5f64549b2fc34b6b0cd5c7) Importer(2089858483,0ecaa5967403d082aa24f35e1b516d23)
Start importing Assets/PlayMaker/Actions/Animator/GetAnimatorRoot.cs using Guid(f6a5f9d7ea5f64549b2fc34b6b0cd5c7) Importer(2089858483,0ecaa5967403d082aa24f35e1b516d23)  -> (artifact id: 'cdd59ae14a4b93b813ad7d9655071592') in 0.015441 seconds
Number of updated asset objects reloaded before import = 0
Number of asset objects unloaded after import = 1
========================================================================
Received Import Request.
  Time since last request: 0.000009 seconds.
  path: Assets/PlayMaker/Actions/Animator/SetAnimatorBool.cs
  artifactKey: Guid(84fa9e58ece094db8afb9d4f089d064a) Importer(2089858483,0ecaa5967403d082aa24f35e1b516d23)
Start importing Assets/PlayMaker/Actions/Animator/SetAnimatorBool.cs using Guid(84fa9e58ece094db8afb9d4f089d064a) Importer(2089858483,0ecaa5967403d082aa24f35e1b516d23)  -> (artifact id: '9ab754547665436300f033dc58a73789') in 0.015731 seconds
Number of updated asset objects reloaded before import = 0
Number of asset objects unloaded after import = 1
========================================================================
Received Import Request.
  Time since last request: 1.366431 seconds.
  path: Assets/PlayMaker/Actions/Character/ControllerMove.cs
  artifactKey: Guid(1f380e65a6e5c7043a6414d3721d2197) Importer(2089858483,0ecaa5967403d082aa24f35e1b516d23)
Start importing Assets/PlayMaker/Actions/Character/ControllerMove.cs using Guid(1f380e65a6e5c7043a6414d3721d2197) Importer(2089858483,0ecaa5967403d082aa24f35e1b516d23)  -> (artifact id: '7c5f196e86a66c333a5b3d6ad8a2c72a') in 0.029075 seconds
Number of updated asset objects reloaded before import = 0
Number of asset objects unloaded after import = 1
========================================================================
Received Import Request.
  Time since last request: 0.000010 seconds.
  path: Assets/PlayMaker/Actions/GameObject/DestroySelf.cs
  artifactKey: Guid(06abfd20bfea39c459e9bed825a93fe8) Importer(2089858483,0ecaa5967403d082aa24f35e1b516d23)
Start importing Assets/PlayMaker/Actions/GameObject/DestroySelf.cs using Guid(06abfd20bfea39c459e9bed825a93fe8) Importer(2089858483,0ecaa5967403d082aa24f35e1b516d23)  -> (artifact id: '93d76acc9a632d6eb5a11aab3f334b91') in 0.013696 seconds
Number of updated asset objects reloaded before import = 0
Number of asset objects unloaded after import = 1
========================================================================
Received Import Request.
  Time since last request: 0.000010 seconds.
  path: Assets/PlayMaker/Actions/GUI/GUIVerticalSlider.cs
  artifactKey: Guid(7236a76ba89533945a2f8847dbd362a2) Importer(2089858483,0ecaa5967403d082aa24f35e1b516d23)
Start importing Assets/PlayMaker/Actions/GUI/GUIVerticalSlider.cs using Guid(7236a76ba89533945a2f8847dbd362a2) Importer(2089858483,0ecaa5967403d082aa24f35e1b516d23)  -> (artifact id: 'ae009863a8fd69122ad4edc913f08fd1') in 0.013306 seconds
Number of updated asset objects reloaded before import = 0
Number of asset objects unloaded after import = 1
========================================================================
Received Import Request.
  Time since last request: 0.000049 seconds.
  path: Assets/PlayMaker/Actions/Gamepad/GamepadHelpers.cs
  artifactKey: Guid(1af3179942d77e142adef50a1cf09f09) Importer(2089858483,0ecaa5967403d082aa24f35e1b516d23)
Start importing Assets/PlayMaker/Actions/Gamepad/GamepadHelpers.cs using Guid(1af3179942d77e142adef50a1cf09f09) Importer(2089858483,0ecaa5967403d082aa24f35e1b516d23)  -> (artifact id: '3cd4f4b09ed32c48460c7a74d61b179b') in 0.013926 seconds
Number of updated asset objects reloaded before import = 0
Number of asset objects unloaded after import = 0
========================================================================
Received Import Request.
  Time since last request: 0.000040 seconds.
  path: Assets/PlayMaker/Actions/GameObject/FindChild.cs
  artifactKey: Guid(a752fb4c33b1a064ea8dbeb01d36c7fb) Importer(2089858483,0ecaa5967403d082aa24f35e1b516d23)
Start importing Assets/PlayMaker/Actions/GameObject/FindChild.cs using Guid(a752fb4c33b1a064ea8dbeb01d36c7fb) Importer(2089858483,0ecaa5967403d082aa24f35e1b516d23)  -> (artifact id: '4e24806c5fafd32dbae6f0d48ae35ba8') in 0.014794 seconds
Number of updated asset objects reloaded before import = 0
Number of asset objects unloaded after import = 1
========================================================================
Received Import Request.
  Time since last request: 0.000010 seconds.
  path: Assets/PlayMaker/Actions/GUI/SetGUIBackgroundColor.cs
  artifactKey: Guid(45f2aaf8ee4849f4180653917eac92ad) Importer(2089858483,0ecaa5967403d082aa24f35e1b516d23)
Start importing Assets/PlayMaker/Actions/GUI/SetGUIBackgroundColor.cs using Guid(45f2aaf8ee4849f4180653917eac92ad) Importer(2089858483,0ecaa5967403d082aa24f35e1b516d23)  -> (artifact id: 'ad97f6781c434f29f582f66fe9ce521f') in 0.015225 seconds
Number of updated asset objects reloaded before import = 0
Number of asset objects unloaded after import = 1
========================================================================
Received Import Request.
  Time since last request: 0.000009 seconds.
  path: Assets/PlayMaker/Actions/Device/StopLocationServiceUpdates.cs
  artifactKey: Guid(31f8e229414b84e4bab36e3258d73312) Importer(2089858483,0ecaa5967403d082aa24f35e1b516d23)
Start importing Assets/PlayMaker/Actions/Device/StopLocationServiceUpdates.cs using Guid(31f8e229414b84e4bab36e3258d73312) Importer(2089858483,0ecaa5967403d082aa24f35e1b516d23)  -> (artifact id: '105686d5b24cca360f57e87ec1c116e3') in 0.013133 seconds
Number of updated asset objects reloaded before import = 0
Number of asset objects unloaded after import = 1
========================================================================
Received Import Request.
  Time since last request: 0.000011 seconds.
  path: Assets/PlayMaker/Actions/Level/DontDestroyOnLoad.cs
  artifactKey: Guid(5b09d34da3db2bb4f866c3eaf15a5a0c) Importer(2089858483,0ecaa5967403d082aa24f35e1b516d23)
Start importing Assets/PlayMaker/Actions/Level/DontDestroyOnLoad.cs using Guid(5b09d34da3db2bb4f866c3eaf15a5a0c) Importer(2089858483,0ecaa5967403d082aa24f35e1b516d23)  -> (artifact id: 'da1732a80a4a5e61c9b12b4270cc94ae') in 0.013581 seconds
Number of updated asset objects reloaded before import = 0
Number of asset objects unloaded after import = 0
========================================================================
Received Import Request.
  Time since last request: 0.000020 seconds.
  path: Assets/PlayMaker/Actions/Device/GetDeviceRoll.cs
  artifactKey: Guid(92027fbdffd3cea4ca2ceb09a13add18) Importer(2089858483,0ecaa5967403d082aa24f35e1b516d23)
Start importing Assets/PlayMaker/Actions/Device/GetDeviceRoll.cs using Guid(92027fbdffd3cea4ca2ceb09a13add18) Importer(2089858483,0ecaa5967403d082aa24f35e1b516d23)  -> (artifact id: '4f3f569aba290407d444f66d63b8850d') in 0.014580 seconds
Number of updated asset objects reloaded before import = 0
Number of asset objects unloaded after import = 1
========================================================================
Received Import Request.
  Time since last request: 0.000012 seconds.
  path: Assets/PlayMaker/Actions/GameObject/GetOwner.cs
  artifactKey: Guid(a09fbbee2ff3ced47847530415f04af0) Importer(2089858483,0ecaa5967403d082aa24f35e1b516d23)
Start importing Assets/PlayMaker/Actions/GameObject/GetOwner.cs using Guid(a09fbbee2ff3ced47847530415f04af0) Importer(2089858483,0ecaa5967403d082aa24f35e1b516d23)  -> (artifact id: '2afc964377fd1e7ee2dd214d11d5e1d8') in 0.012884 seconds
Number of updated asset objects reloaded before import = 0
Number of asset objects unloaded after import = 1
========================================================================
Received Import Request.
  Time since last request: 0.000024 seconds.
  path: Assets/PlayMaker/Actions/Color/ColorRamp.cs
  artifactKey: Guid(c3e09d8a9fe0d9244a8d01810500725a) Importer(2089858483,0ecaa5967403d082aa24f35e1b516d23)
Start importing Assets/PlayMaker/Actions/Color/ColorRamp.cs using Guid(c3e09d8a9fe0d9244a8d01810500725a) Importer(2089858483,0ecaa5967403d082aa24f35e1b516d23)  -> (artifact id: '75e3f2405de858dd635169e0fdc242cc') in 0.015540 seconds
Number of updated asset objects reloaded before import = 0
Number of asset objects unloaded after import = 1
========================================================================
Received Import Request.
  Time since last request: 0.000011 seconds.
  path: Assets/PlayMaker/Actions/Logic/BoolOperator.cs
  artifactKey: Guid(8d63d0c13fcc1064eb48c4d8eae4a294) Importer(2089858483,0ecaa5967403d082aa24f35e1b516d23)
Start importing Assets/PlayMaker/Actions/Logic/BoolOperator.cs using Guid(8d63d0c13fcc1064eb48c4d8eae4a294) Importer(2089858483,0ecaa5967403d082aa24f35e1b516d23)  -> (artifact id: '93454c2e02439240014fee39affaf239') in 0.014606 seconds
Number of updated asset objects reloaded before import = 0
Number of asset objects unloaded after import = 1
========================================================================
Received Import Request.
  Time since last request: 0.000010 seconds.
  path: Assets/PlayMaker/Actions/Effects/ParticleSystemPlay.cs
  artifactKey: Guid(3ea8c1ac0bab9be4cbf6d1cecdee7aa8) Importer(2089858483,0ecaa5967403d082aa24f35e1b516d23)
Start importing Assets/PlayMaker/Actions/Effects/ParticleSystemPlay.cs using Guid(3ea8c1ac0bab9be4cbf6d1cecdee7aa8) Importer(2089858483,0ecaa5967403d082aa24f35e1b516d23)  -> (artifact id: 'd13caddde239d35cc52422aca2c92c6d') in 0.016220 seconds
Number of updated asset objects reloaded before import = 0
Number of asset objects unloaded after import = 1
========================================================================
Received Import Request.
  Time since last request: 0.000010 seconds.
  path: Assets/PlayMaker/Actions/Logic/BoolChanged.cs
  artifactKey: Guid(5d16cd2973206874084f6e5b99aff702) Importer(2089858483,0ecaa5967403d082aa24f35e1b516d23)
Start importing Assets/PlayMaker/Actions/Logic/BoolChanged.cs using Guid(5d16cd2973206874084f6e5b99aff702) Importer(2089858483,0ecaa5967403d082aa24f35e1b516d23)  -> (artifact id: 'be8019e060eed5de2575e04a3f072b48') in 0.016033 seconds
Number of updated asset objects reloaded before import = 0
Number of asset objects unloaded after import = 1
========================================================================
Received Import Request.
  Time since last request: 0.000009 seconds.
  path: Assets/PlayMaker/Actions/GameObject/GetTag.cs
  artifactKey: Guid(fa39124361c39bb41851e998ff9993fc) Importer(2089858483,0ecaa5967403d082aa24f35e1b516d23)
Start importing Assets/PlayMaker/Actions/GameObject/GetTag.cs using Guid(fa39124361c39bb41851e998ff9993fc) Importer(2089858483,0ecaa5967403d082aa24f35e1b516d23)  -> (artifact id: '274a28618fb40277f44475045809e285') in 0.014015 seconds
Number of updated asset objects reloaded before import = 0
Number of asset objects unloaded after import = 1
========================================================================
Received Import Request.
  Time since last request: 0.000011 seconds.
  path: Assets/PlayMaker/Actions/Logic/BoolAnyTrue.cs
  artifactKey: Guid(92aa7496b9c7dbe49b0623baa74e7db1) Importer(2089858483,0ecaa5967403d082aa24f35e1b516d23)
Start importing Assets/PlayMaker/Actions/Logic/BoolAnyTrue.cs using Guid(92aa7496b9c7dbe49b0623baa74e7db1) Importer(2089858483,0ecaa5967403d082aa24f35e1b516d23)  -> (artifact id: '6dcd226031ae236917ff9d9abb5242b3') in 0.014002 seconds
Number of updated asset objects reloaded before import = 0
Number of asset objects unloaded after import = 1
========================================================================
Received Import Request.
  Time since last request: 0.000011 seconds.
  path: Assets/PlayMaker/Actions/Debug/DebugInt.cs
  artifactKey: Guid(dd0da7275cd2ad74b890f9acc2fe1918) Importer(2089858483,0ecaa5967403d082aa24f35e1b516d23)
Start importing Assets/PlayMaker/Actions/Debug/DebugInt.cs using Guid(dd0da7275cd2ad74b890f9acc2fe1918) Importer(2089858483,0ecaa5967403d082aa24f35e1b516d23)  -> (artifact id: '64ab860d508aacc814b0940005645529') in 0.012952 seconds
Number of updated asset objects reloaded before import = 0
Number of asset objects unloaded after import = 1
========================================================================
Received Import Request.
  Time since last request: 0.000011 seconds.
  path: Assets/PlayMaker/Actions/Lights/SetLightIntensity.cs
  artifactKey: Guid(4a55f9d629330ab418370b0e5228b3d9) Importer(2089858483,0ecaa5967403d082aa24f35e1b516d23)
Start importing Assets/PlayMaker/Actions/Lights/SetLightIntensity.cs using Guid(4a55f9d629330ab418370b0e5228b3d9) Importer(2089858483,0ecaa5967403d082aa24f35e1b516d23)  -> (artifact id: 'd6754e3ea65a4099c46a08f14d206bfb') in 0.014932 seconds
Number of updated asset objects reloaded before import = 0
Number of asset objects unloaded after import = 1
========================================================================
Received Import Request.
  Time since last request: 0.000010 seconds.
  path: Assets/PlayMaker/Actions/Color/ColorInterpolate.cs
  artifactKey: Guid(1521b5e737c712a4aaa0130e5bbddd06) Importer(2089858483,0ecaa5967403d082aa24f35e1b516d23)
Start importing Assets/PlayMaker/Actions/Color/ColorInterpolate.cs using Guid(1521b5e737c712a4aaa0130e5bbddd06) Importer(2089858483,0ecaa5967403d082aa24f35e1b516d23)  -> (artifact id: 'bf1206cbf3b5d0b9330d59d86ff07bd6') in 0.012739 seconds
Number of updated asset objects reloaded before import = 0
Number of asset objects unloaded after import = 1
========================================================================
Received Import Request.
  Time since last request: 0.000107 seconds.
  path: Assets/PlayMaker/Actions/GUILayout/GUILayoutVerticalSlider.cs
  artifactKey: Guid(168b3347511283149a9f6295254dd123) Importer(2089858483,0ecaa5967403d082aa24f35e1b516d23)
Start importing Assets/PlayMaker/Actions/GUILayout/GUILayoutVerticalSlider.cs using Guid(168b3347511283149a9f6295254dd123) Importer(2089858483,0ecaa5967403d082aa24f35e1b516d23)  -> (artifact id: '49a79c61c57d9f8feb52970502695cd8') in 0.015457 seconds
Number of updated asset objects reloaded before import = 0
Number of asset objects unloaded after import = 1
========================================================================
Received Import Request.
  Time since last request: 0.000012 seconds.
  path: Assets/PlayMaker/Actions/Gamepad/GamepadReadButtonValue.cs
  artifactKey: Guid(571db65a3dfde3e4e820dc097addf833) Importer(2089858483,0ecaa5967403d082aa24f35e1b516d23)
Start importing Assets/PlayMaker/Actions/Gamepad/GamepadReadButtonValue.cs using Guid(571db65a3dfde3e4e820dc097addf833) Importer(2089858483,0ecaa5967403d082aa24f35e1b516d23)  -> (artifact id: '5a79a95aceda4e5353aaa83a5233e9f7') in 0.015144 seconds
Number of updated asset objects reloaded before import = 0
Number of asset objects unloaded after import = 1
========================================================================
Received Import Request.
  Time since last request: 0.000011 seconds.
  path: Assets/PlayMaker/Actions/Convert/ConvertEnumToString.cs
  artifactKey: Guid(ff4c5b0baaf92be4496c3474ae6ca767) Importer(2089858483,0ecaa5967403d082aa24f35e1b516d23)
Start importing Assets/PlayMaker/Actions/Convert/ConvertEnumToString.cs using Guid(ff4c5b0baaf92be4496c3474ae6ca767) Importer(2089858483,0ecaa5967403d082aa24f35e1b516d23)  -> (artifact id: '672c03c778d792374841ece427229c51') in 0.013669 seconds
Number of updated asset objects reloaded before import = 0
Number of asset objects unloaded after import = 1
========================================================================
Received Import Request.
  Time since last request: 0.000009 seconds.
  path: Assets/PlayMaker/Actions/GameObject/SetTagsOnChildren.cs
  artifactKey: Guid(f3aeb4131f42a2b4e8ba7e6fcef80ab6) Importer(2089858483,0ecaa5967403d082aa24f35e1b516d23)
Start importing Assets/PlayMaker/Actions/GameObject/SetTagsOnChildren.cs using Guid(f3aeb4131f42a2b4e8ba7e6fcef80ab6) Importer(2089858483,0ecaa5967403d082aa24f35e1b516d23)  -> (artifact id: '8726edcb65b33750403f09c93466d910') in 0.015393 seconds
Number of updated asset objects reloaded before import = 0
Number of asset objects unloaded after import = 1
========================================================================
Received Import Request.
  Time since last request: 0.000009 seconds.
  path: Assets/PlayMaker/Actions/Debug/DebugFsmVariable.cs
  artifactKey: Guid(6eced6fe7c6fe6f48a18b71bc955e200) Importer(2089858483,0ecaa5967403d082aa24f35e1b516d23)
Start importing Assets/PlayMaker/Actions/Debug/DebugFsmVariable.cs using Guid(6eced6fe7c6fe6f48a18b71bc955e200) Importer(2089858483,0ecaa5967403d082aa24f35e1b516d23)  -> (artifact id: '2a9c45a54c9218c14c0648a8f854194a') in 0.017057 seconds
Number of updated asset objects reloaded before import = 0
Number of asset objects unloaded after import = 1
========================================================================
Received Import Request.
  Time since last request: 0.000012 seconds.
  path: Assets/PlayMaker/Actions/Debug/DebugVector3.cs
  artifactKey: Guid(0530dae92ccbb0642a30a1a968da9e28) Importer(2089858483,0ecaa5967403d082aa24f35e1b516d23)
Start importing Assets/PlayMaker/Actions/Debug/DebugVector3.cs using Guid(0530dae92ccbb0642a30a1a968da9e28) Importer(2089858483,0ecaa5967403d082aa24f35e1b516d23)  -> (artifact id: 'e48ce5fe34d2930a6c44cacdffd21d80') in 0.015499 seconds
Number of updated asset objects reloaded before import = 0
Number of asset objects unloaded after import = 1
========================================================================
Received Import Request.
  Time since last request: 0.000016 seconds.
  path: Assets/PlayMaker/Actions/GameObject/GetDistance.cs
  artifactKey: Guid(428f92bb9c2f69b43a99266fa4930745) Importer(2089858483,0ecaa5967403d082aa24f35e1b516d23)
Start importing Assets/PlayMaker/Actions/GameObject/GetDistance.cs using Guid(428f92bb9c2f69b43a99266fa4930745) Importer(2089858483,0ecaa5967403d082aa24f35e1b516d23)  -> (artifact id: '7e6284ecd6bad3d99940dd3ba7991b2a') in 0.014546 seconds
Number of updated asset objects reloaded before import = 0
Number of asset objects unloaded after import = 1
========================================================================
Received Import Request.
  Time since last request: 0.000010 seconds.
  path: Assets/PlayMaker/Actions/Input/GetKeyDown.cs
  artifactKey: Guid(dc977968122a76d48b8ab23de94e7018) Importer(2089858483,0ecaa5967403d082aa24f35e1b516d23)
Start importing Assets/PlayMaker/Actions/Input/GetKeyDown.cs using Guid(dc977968122a76d48b8ab23de94e7018) Importer(2089858483,0ecaa5967403d082aa24f35e1b516d23)  -> (artifact id: '24ee504fda90b3dc929d1db20ba49da6') in 0.014275 seconds
Number of updated asset objects reloaded before import = 0
Number of asset objects unloaded after import = 1
========================================================================
Received Import Request.
  Time since last request: 0.000018 seconds.
  path: Assets/PlayMaker/Actions/Device/StartLocationServiceUpdates.cs
  artifactKey: Guid(a2cd1b09e9c55ea44a57e9df022277c7) Importer(2089858483,0ecaa5967403d082aa24f35e1b516d23)
Start importing Assets/PlayMaker/Actions/Device/StartLocationServiceUpdates.cs using Guid(a2cd1b09e9c55ea44a57e9df022277c7) Importer(2089858483,0ecaa5967403d082aa24f35e1b516d23)  -> (artifact id: 'f72de6ec161062d9cb56d4747cffb8d8') in 0.013934 seconds
Number of updated asset objects reloaded before import = 0
Number of asset objects unloaded after import = 1
========================================================================
Received Import Request.
  Time since last request: 1.074184 seconds.
  path: Assets/PlayMaker/Actions/Logic/FloatSignTest.cs
  artifactKey: Guid(a118f82c78538f14ea2ac55ab786b09a) Importer(2089858483,0ecaa5967403d082aa24f35e1b516d23)
Start importing Assets/PlayMaker/Actions/Logic/FloatSignTest.cs using Guid(a118f82c78538f14ea2ac55ab786b09a) Importer(2089858483,0ecaa5967403d082aa24f35e1b516d23)  -> (artifact id: 'dacfa11859c9cb71e9c6c85c04b0d462') in 0.027474 seconds
Number of updated asset objects reloaded before import = 0
Number of asset objects unloaded after import = 1
========================================================================
Received Import Request.
  Time since last request: 0.000010 seconds.
  path: Assets/PlayMaker/Actions/Logic/GameObjectChanged.cs
  artifactKey: Guid(c00c48530d8d5c44eaf36d86978c60ff) Importer(2089858483,0ecaa5967403d082aa24f35e1b516d23)
Start importing Assets/PlayMaker/Actions/Logic/GameObjectChanged.cs using Guid(c00c48530d8d5c44eaf36d86978c60ff) Importer(2089858483,0ecaa5967403d082aa24f35e1b516d23)  -> (artifact id: '37f55fba23383027ba0bcb528e09dcb9') in 0.014273 seconds
Number of updated asset objects reloaded before import = 0
Number of asset objects unloaded after import = 1
========================================================================
Received Import Request.
  Time since last request: 0.000010 seconds.
  path: Assets/PlayMaker/Actions/Physics2D/GetRayCastHit2dInfo.cs
  artifactKey: Guid(b2e6f1fa5f4be42e58970f5beda35efc) Importer(2089858483,0ecaa5967403d082aa24f35e1b516d23)
Start importing Assets/PlayMaker/Actions/Physics2D/GetRayCastHit2dInfo.cs using Guid(b2e6f1fa5f4be42e58970f5beda35efc) Importer(2089858483,0ecaa5967403d082aa24f35e1b516d23)  -> (artifact id: '1d7f551f0af95ebc691b6eaf3f1642fe') in 0.018393 seconds
Number of updated asset objects reloaded before import = 0
Number of asset objects unloaded after import = 1
========================================================================
Received Import Request.
  Time since last request: 0.000009 seconds.
  path: Assets/PlayMaker/Actions/Math/SampleCurve.cs
  artifactKey: Guid(ff6ea1c567e6324418af3ce38d21ad15) Importer(2089858483,0ecaa5967403d082aa24f35e1b516d23)
Start importing Assets/PlayMaker/Actions/Math/SampleCurve.cs using Guid(ff6ea1c567e6324418af3ce38d21ad15) Importer(2089858483,0ecaa5967403d082aa24f35e1b516d23)  -> (artifact id: '91882341e5a18cd5cf674ebafaa3c613') in 0.015089 seconds
Number of updated asset objects reloaded before import = 0
Number of asset objects unloaded after import = 1
========================================================================
Received Import Request.
  Time since last request: 0.000010 seconds.
  path: Assets/PlayMaker/Actions/Physics/Raycast.cs
  artifactKey: Guid(b2f50df742f99db41ac598460ff5e062) Importer(2089858483,0ecaa5967403d082aa24f35e1b516d23)
Start importing Assets/PlayMaker/Actions/Physics/Raycast.cs using Guid(b2f50df742f99db41ac598460ff5e062) Importer(2089858483,0ecaa5967403d082aa24f35e1b516d23)  -> (artifact id: '796b0819e04e4052836d6248582b65db') in 0.013876 seconds
Number of updated asset objects reloaded before import = 0
Number of asset objects unloaded after import = 0
========================================================================
Received Import Request.
  Time since last request: 0.000033 seconds.
  path: Assets/PlayMaker/Actions/Physics/AddForce.cs
  artifactKey: Guid(58ff055ba918aaa48b2f142ed5b7a00e) Importer(2089858483,0ecaa5967403d082aa24f35e1b516d23)
Start importing Assets/PlayMaker/Actions/Physics/AddForce.cs using Guid(58ff055ba918aaa48b2f142ed5b7a00e) Importer(2089858483,0ecaa5967403d082aa24f35e1b516d23)  -> (artifact id: '88f099995355028ee51bedca7488ec5d') in 0.014101 seconds
Number of updated asset objects reloaded before import = 0
Number of asset objects unloaded after import = 1
========================================================================
Received Import Request.
  Time since last request: 0.000013 seconds.
  path: Assets/PlayMaker/Actions/Math/SetIntValue.cs
  artifactKey: Guid(71d9b78292d7cb84d9dc9013fd4b9fb9) Importer(2089858483,0ecaa5967403d082aa24f35e1b516d23)
Start importing Assets/PlayMaker/Actions/Math/SetIntValue.cs using Guid(71d9b78292d7cb84d9dc9013fd4b9fb9) Importer(2089858483,0ecaa5967403d082aa24f35e1b516d23)  -> (artifact id: 'c59757d9543e855d202ada8b53e9e53c') in 0.012846 seconds
Number of updated asset objects reloaded before import = 0
Number of asset objects unloaded after import = 1
========================================================================
Received Import Request.
  Time since last request: 0.000018 seconds.
  path: Assets/PlayMaker/Actions/PlayerPrefs/PlayerPrefsHasKey.cs
  artifactKey: Guid(c1d44383868b14ad39304cac4d48d2c9) Importer(2089858483,0ecaa5967403d082aa24f35e1b516d23)
Start importing Assets/PlayMaker/Actions/PlayerPrefs/PlayerPrefsHasKey.cs using Guid(c1d44383868b14ad39304cac4d48d2c9) Importer(2089858483,0ecaa5967403d082aa24f35e1b516d23)  -> (artifact id: 'e7597a60e4b42d74fdca32e410ec1403') in 0.014783 seconds
Number of updated asset objects reloaded before import = 0
Number of asset objects unloaded after import = 1
========================================================================
Received Import Request.
  Time since last request: 0.000012 seconds.
  path: Assets/PlayMaker/Actions/Logic/GameObjectIsNull.cs
  artifactKey: Guid(46ec54b167425fb49af68d433df15d74) Importer(2089858483,0ecaa5967403d082aa24f35e1b516d23)
Start importing Assets/PlayMaker/Actions/Logic/GameObjectIsNull.cs using Guid(46ec54b167425fb49af68d433df15d74) Importer(2089858483,0ecaa5967403d082aa24f35e1b516d23)  -> (artifact id: '0b88b577d6f82e575d180909160e7782') in 0.016724 seconds
Number of updated asset objects reloaded before import = 0
Number of asset objects unloaded after import = 1
========================================================================
Received Import Request.
  Time since last request: 0.000010 seconds.
  path: Assets/PlayMaker/Actions/Math/Vector2RandomValue.cs
  artifactKey: Guid(8c5542e41f8fd7d4caa8b2cd3ffb0cd8) Importer(2089858483,0ecaa5967403d082aa24f35e1b516d23)
Start importing Assets/PlayMaker/Actions/Math/Vector2RandomValue.cs using Guid(8c5542e41f8fd7d4caa8b2cd3ffb0cd8) Importer(2089858483,0ecaa5967403d082aa24f35e1b516d23)  -> (artifact id: '53b10d94c8d670657a8fd4d96310c1f7') in 0.014945 seconds
Number of updated asset objects reloaded before import = 0
Number of asset objects unloaded after import = 1
========================================================================
Received Import Request.
  Time since last request: 0.000010 seconds.
  path: Assets/PlayMaker/Actions/Physics/IsKinematic.cs
  artifactKey: Guid(3cb26a81ea0a0ba4aad053f9de8bd150) Importer(2089858483,0ecaa5967403d082aa24f35e1b516d23)
Start importing Assets/PlayMaker/Actions/Physics/IsKinematic.cs using Guid(3cb26a81ea0a0ba4aad053f9de8bd150) Importer(2089858483,0ecaa5967403d082aa24f35e1b516d23)  -> (artifact id: '56aeb4ff321d11593fef48811fa0bbef') in 0.013489 seconds
Number of updated asset objects reloaded before import = 0
Number of asset objects unloaded after import = 1
========================================================================
Received Import Request.
  Time since last request: 0.000046 seconds.
  path: Assets/PlayMaker/Actions/Math/SelectRandomInt.cs
  artifactKey: Guid(5b6c7dabf63725c4d98ce84accbd460d) Importer(2089858483,0ecaa5967403d082aa24f35e1b516d23)
Start importing Assets/PlayMaker/Actions/Math/SelectRandomInt.cs using Guid(5b6c7dabf63725c4d98ce84accbd460d) Importer(2089858483,0ecaa5967403d082aa24f35e1b516d23)  -> (artifact id: '9063eea753f9f82e4c79700ac864cf48') in 0.015998 seconds
Number of updated asset objects reloaded before import = 0
Number of asset objects unloaded after import = 1
========================================================================
Received Import Request.
  Time since last request: 0.000023 seconds.
  path: Assets/PlayMaker/Actions/Material/SetTextureOffset.cs
  artifactKey: Guid(68195895c1254ea4189e215accbd3e5f) Importer(2089858483,0ecaa5967403d082aa24f35e1b516d23)
Start importing Assets/PlayMaker/Actions/Material/SetTextureOffset.cs using Guid(68195895c1254ea4189e215accbd3e5f) Importer(2089858483,0ecaa5967403d082aa24f35e1b516d23)  -> (artifact id: '66857f294a2c2f9a7ec3c604f78da154') in 0.015933 seconds
Number of updated asset objects reloaded before import = 0
Number of asset objects unloaded after import = 1
========================================================================
Received Import Request.
  Time since last request: 0.000037 seconds.
  path: Assets/PlayMaker/Actions/RectTransform/RectTransformGetLocalPosition.cs
  artifactKey: Guid(395f041d4f95642d2a4e8075e0ac7479) Importer(2089858483,0ecaa5967403d082aa24f35e1b516d23)
Start importing Assets/PlayMaker/Actions/RectTransform/RectTransformGetLocalPosition.cs using Guid(395f041d4f95642d2a4e8075e0ac7479) Importer(2089858483,0ecaa5967403d082aa24f35e1b516d23)  -> (artifact id: 'e5dce6e3b134cc1ff4baa89b755fa7ea') in 0.017111 seconds
Number of updated asset objects reloaded before import = 0
Number of asset objects unloaded after import = 1
========================================================================
Received Import Request.
  Time since last request: 0.000008 seconds.
  path: Assets/PlayMaker/Actions/PlayerInput/PlayerInputGetVector2AsVector3.cs
  artifactKey: Guid(31ee91d55ac48f8428b71b1b62249b5b) Importer(2089858483,0ecaa5967403d082aa24f35e1b516d23)
Start importing Assets/PlayMaker/Actions/PlayerInput/PlayerInputGetVector2AsVector3.cs using Guid(31ee91d55ac48f8428b71b1b62249b5b) Importer(2089858483,0ecaa5967403d082aa24f35e1b516d23)  -> (artifact id: '8952188c78ba284fadb5a35ed661cd05') in 0.013236 seconds
Number of updated asset objects reloaded before import = 0
Number of asset objects unloaded after import = 1
========================================================================
Received Import Request.
  Time since last request: 0.000017 seconds.
  path: Assets/PlayMaker/Actions/Rect/GetRectFields.cs
  artifactKey: Guid(6d1407ee3c78d9f46b206f60ca49806a) Importer(2089858483,0ecaa5967403d082aa24f35e1b516d23)
Start importing Assets/PlayMaker/Actions/Rect/GetRectFields.cs using Guid(6d1407ee3c78d9f46b206f60ca49806a) Importer(2089858483,0ecaa5967403d082aa24f35e1b516d23)  -> (artifact id: 'a68b3fd3b39b26780ae77e62569a5da5') in 0.016482 seconds
Number of updated asset objects reloaded before import = 0
Number of asset objects unloaded after import = 1
========================================================================
Received Import Request.
  Time since last request: 0.000010 seconds.
  path: Assets/PlayMaker/Actions/PlayerPrefs/PlayerPrefsSaveVariable.cs
  artifactKey: Guid(fb382e8d129c1c04aa1d6aef4e131c99) Importer(2089858483,0ecaa5967403d082aa24f35e1b516d23)
Start importing Assets/PlayMaker/Actions/PlayerPrefs/PlayerPrefsSaveVariable.cs using Guid(fb382e8d129c1c04aa1d6aef4e131c99) Importer(2089858483,0ecaa5967403d082aa24f35e1b516d23)  -> (artifact id: 'e2925d59be756404e6e7dcd7aa138ada') in 0.020263 seconds
Number of updated asset objects reloaded before import = 0
Number of asset objects unloaded after import = 1
========================================================================
Received Import Request.
  Time since last request: 0.000009 seconds.
  path: Assets/PlayMaker/Actions/ProceduralMaterial/SetProceduralFloat.cs
  artifactKey: Guid(8fdb61c2c2facbc4796bc2f0d0f60be2) Importer(2089858483,0ecaa5967403d082aa24f35e1b516d23)
Start importing Assets/PlayMaker/Actions/ProceduralMaterial/SetProceduralFloat.cs using Guid(8fdb61c2c2facbc4796bc2f0d0f60be2) Importer(2089858483,0ecaa5967403d082aa24f35e1b516d23)  -> (artifact id: 'e366994fa43cc6be7dabff065873f29d') in 0.016504 seconds
Number of updated asset objects reloaded before import = 0
Number of asset objects unloaded after import = 1
========================================================================
Received Import Request.
  Time since last request: 0.000031 seconds.
  path: Assets/PlayMaker/Actions/PlayerPrefs/PlayerPrefsDeleteAll.cs
  artifactKey: Guid(5501f7a70d7cf49629369f172e27da15) Importer(2089858483,0ecaa5967403d082aa24f35e1b516d23)
Start importing Assets/PlayMaker/Actions/PlayerPrefs/PlayerPrefsDeleteAll.cs using Guid(5501f7a70d7cf49629369f172e27da15) Importer(2089858483,0ecaa5967403d082aa24f35e1b516d23)  -> (artifact id: 'c3f6ce333fb1b458a1db7824f368d8c7') in 0.018226 seconds
Number of updated asset objects reloaded before import = 0
Number of asset objects unloaded after import = 1
========================================================================
Received Import Request.
  Time since last request: 0.000009 seconds.
  path: Assets/PlayMaker/Actions/Rect/RectOverlaps.cs
  artifactKey: Guid(28b208024f55972479e3c39902c27282) Importer(2089858483,0ecaa5967403d082aa24f35e1b516d23)
Start importing Assets/PlayMaker/Actions/Rect/RectOverlaps.cs using Guid(28b208024f55972479e3c39902c27282) Importer(2089858483,0ecaa5967403d082aa24f35e1b516d23)  -> (artifact id: '3887d211907a30dbcf5f390be886ce1a') in 0.016129 seconds
Number of updated asset objects reloaded before import = 0
Number of asset objects unloaded after import = 1
========================================================================
Received Import Request.
  Time since last request: 0.000011 seconds.
  path: Assets/PlayMaker/Actions/Material/SetMaterialColor.cs
  artifactKey: Guid(7dce87cf3a14d854785f521c2fb24485) Importer(2089858483,0ecaa5967403d082aa24f35e1b516d23)
Start importing Assets/PlayMaker/Actions/Material/SetMaterialColor.cs using Guid(7dce87cf3a14d854785f521c2fb24485) Importer(2089858483,0ecaa5967403d082aa24f35e1b516d23)  -> (artifact id: '7b3f20606f9fff53a94a61f7765bab8a') in 0.016299 seconds
Number of updated asset objects reloaded before import = 0
Number of asset objects unloaded after import = 1
========================================================================
Received Import Request.
  Time since last request: 0.000025 seconds.
  path: Assets/PlayMaker/Actions/Math/SelectRandomFloat.cs
  artifactKey: Guid(703cec8d505895c42b0eea4bf3feef1b) Importer(2089858483,0ecaa5967403d082aa24f35e1b516d23)
Start importing Assets/PlayMaker/Actions/Math/SelectRandomFloat.cs using Guid(703cec8d505895c42b0eea4bf3feef1b) Importer(2089858483,0ecaa5967403d082aa24f35e1b516d23)  -> (artifact id: 'fc5cce1833fbbf8c5e94b8ccea4fd058') in 0.014236 seconds
Number of updated asset objects reloaded before import = 0
Number of asset objects unloaded after import = 1
========================================================================
Received Import Request.
  Time since last request: 0.000417 seconds.
  path: Assets/PlayMaker/Actions/Physics2D/GetMass2d.cs
  artifactKey: Guid(dbc5681b28fff4b5782c9d86facecc4a) Importer(2089858483,0ecaa5967403d082aa24f35e1b516d23)
Start importing Assets/PlayMaker/Actions/Physics2D/GetMass2d.cs using Guid(dbc5681b28fff4b5782c9d86facecc4a) Importer(2089858483,0ecaa5967403d082aa24f35e1b516d23)  -> (artifact id: 'e7008e4c1716c314e7964c23117d50d6') in 0.017126 seconds
Number of updated asset objects reloaded before import = 0
Number of asset objects unloaded after import = 1
========================================================================
Received Import Request.
  Time since last request: 0.000009 seconds.
  path: Assets/PlayMaker/Actions/Math/RandomBool.cs
  artifactKey: Guid(c525f93e2aecb3649be85ef27f41001c) Importer(2089858483,0ecaa5967403d082aa24f35e1b516d23)
Start importing Assets/PlayMaker/Actions/Math/RandomBool.cs using Guid(c525f93e2aecb3649be85ef27f41001c) Importer(2089858483,0ecaa5967403d082aa24f35e1b516d23)  -> (artifact id: '9c9c5dd45b749362b9dfe1fa6f319fdb') in 0.016723 seconds
Number of updated asset objects reloaded before import = 0
Number of asset objects unloaded after import = 1
========================================================================
Received Import Request.
  Time since last request: 0.000010 seconds.
  path: Assets/PlayMaker/Actions/Movie/MovieTextureAudioSettings.cs
  artifactKey: Guid(7aa1526fff0dd6849a045425bad3900f) Importer(2089858483,0ecaa5967403d082aa24f35e1b516d23)
Start importing Assets/PlayMaker/Actions/Movie/MovieTextureAudioSettings.cs using Guid(7aa1526fff0dd6849a045425bad3900f) Importer(2089858483,0ecaa5967403d082aa24f35e1b516d23)  -> (artifact id: '03772ffddfcdd46a4861b0bea51f9702') in 0.018168 seconds
Number of updated asset objects reloaded before import = 0
Number of asset objects unloaded after import = 1
========================================================================
Received Import Request.
  Time since last request: 0.000011 seconds.
  path: Assets/PlayMaker/Actions/RectTransform/RectTransformPixelAdjustRect.cs
  artifactKey: Guid(edb44f32f47de4ce2b04f9b7e3a4f2c9) Importer(2089858483,0ecaa5967403d082aa24f35e1b516d23)
Start importing Assets/PlayMaker/Actions/RectTransform/RectTransformPixelAdjustRect.cs using Guid(edb44f32f47de4ce2b04f9b7e3a4f2c9) Importer(2089858483,0ecaa5967403d082aa24f35e1b516d23)  -> (artifact id: '988a9975a11b1b398fbb6ee73bd836ed') in 0.011778 seconds
Number of updated asset objects reloaded before import = 0
Number of asset objects unloaded after import = 1
========================================================================
Received Import Request.
  Time since last request: 0.000009 seconds.
  path: Assets/PlayMaker/Actions/Math/IntOperator.cs
  artifactKey: Guid(704e5a23542193949a1a4ac4eb074e2e) Importer(2089858483,0ecaa5967403d082aa24f35e1b516d23)
Start importing Assets/PlayMaker/Actions/Math/IntOperator.cs using Guid(704e5a23542193949a1a4ac4eb074e2e) Importer(2089858483,0ecaa5967403d082aa24f35e1b516d23)  -> (artifact id: 'df45d2c5ead6dd7b67746cf5174d5476') in 0.019580 seconds
Number of updated asset objects reloaded before import = 0
Number of asset objects unloaded after import = 1
========================================================================
Received Import Request.
  Time since last request: 0.834687 seconds.
  path: Assets/PlayMaker/Actions/RectTransform/RectTransformSetOffsetMin.cs
  artifactKey: Guid(f840a00d914b04d1594460583eefa062) Importer(2089858483,0ecaa5967403d082aa24f35e1b516d23)
Start importing Assets/PlayMaker/Actions/RectTransform/RectTransformSetOffsetMin.cs using Guid(f840a00d914b04d1594460583eefa062) Importer(2089858483,0ecaa5967403d082aa24f35e1b516d23)  -> (artifact id: '29bb06ae33ae1307b27492358bbabf44') in 0.032967 seconds
Number of updated asset objects reloaded before import = 0
Number of asset objects unloaded after import = 1
========================================================================
Received Import Request.
  Time since last request: 0.000013 seconds.
  path: Assets/PlayMaker/Actions/String/StringJoin.cs
  artifactKey: Guid(ff2052e658b1be04ca6150645fb86e20) Importer(2089858483,0ecaa5967403d082aa24f35e1b516d23)
Start importing Assets/PlayMaker/Actions/String/StringJoin.cs using Guid(ff2052e658b1be04ca6150645fb86e20) Importer(2089858483,0ecaa5967403d082aa24f35e1b516d23)  -> (artifact id: 'caafbfad598f82a70c2d6f0e1b8df13f') in 0.014589 seconds
Number of updated asset objects reloaded before import = 0
Number of asset objects unloaded after import = 1
========================================================================
Received Import Request.
  Time since last request: 0.000020 seconds.
  path: Assets/PlayMaker/Actions/UI/UiSliderGetNormalizedValue.cs
  artifactKey: Guid(c5e71fcb5db1ad94599f94166e4a3a34) Importer(2089858483,0ecaa5967403d082aa24f35e1b516d23)
Start importing Assets/PlayMaker/Actions/UI/UiSliderGetNormalizedValue.cs using Guid(c5e71fcb5db1ad94599f94166e4a3a34) Importer(2089858483,0ecaa5967403d082aa24f35e1b516d23)  -> (artifact id: 'cdc46a1dc0859e5fa39141f0d9e50197') in 0.014319 seconds
Number of updated asset objects reloaded before import = 0
Number of asset objects unloaded after import = 1
========================================================================
Received Import Request.
  Time since last request: 0.000010 seconds.
  path: Assets/PlayMaker/Actions/UI/UiRawImageSetTexture.cs
  artifactKey: Guid(24bdc5858ab23284a95d5f9e6ab500e2) Importer(2089858483,0ecaa5967403d082aa24f35e1b516d23)
Start importing Assets/PlayMaker/Actions/UI/UiRawImageSetTexture.cs using Guid(24bdc5858ab23284a95d5f9e6ab500e2) Importer(2089858483,0ecaa5967403d082aa24f35e1b516d23)  -> (artifact id: '9b2ca6ef5272a5bf649cbd1f44acd30b') in 0.014373 seconds
Number of updated asset objects reloaded before import = 0
Number of asset objects unloaded after import = 1
========================================================================
Received Import Request.
  Time since last request: 0.000009 seconds.
  path: Assets/PlayMaker/Actions/SceneManager/MergeScenes.cs
  artifactKey: Guid(c604a63d408f74f4c8cb9f2a987ae9cc) Importer(2089858483,0ecaa5967403d082aa24f35e1b516d23)
Start importing Assets/PlayMaker/Actions/SceneManager/MergeScenes.cs using Guid(c604a63d408f74f4c8cb9f2a987ae9cc) Importer(2089858483,0ecaa5967403d082aa24f35e1b516d23)  -> (artifact id: 'dc6f38a4636697b87e2bc32609ebf5df') in 0.014021 seconds
Number of updated asset objects reloaded before import = 0
Number of asset objects unloaded after import = 1
========================================================================
Received Import Request.
  Time since last request: 0.000013 seconds.
  path: Assets/PlayMaker/Actions/SpriteRenderer/SetSpriteSortingLayerById.cs
  artifactKey: Guid(3c126a3d18f2d1242abc440b97fd1341) Importer(2089858483,0ecaa5967403d082aa24f35e1b516d23)
Start importing Assets/PlayMaker/Actions/SpriteRenderer/SetSpriteSortingLayerById.cs using Guid(3c126a3d18f2d1242abc440b97fd1341) Importer(2089858483,0ecaa5967403d082aa24f35e1b516d23)  -> (artifact id: 'be17983606bb482a194c2ef158da94e3') in 0.015520 seconds
Number of updated asset objects reloaded before import = 0
Number of asset objects unloaded after import = 1
========================================================================
Received Import Request.
  Time since last request: 0.000014 seconds.
  path: Assets/PlayMaker/Actions/Screen/ScreenWrap.cs
  artifactKey: Guid(1dc9a3529a218074d8fd59684b4c3196) Importer(2089858483,0ecaa5967403d082aa24f35e1b516d23)
Start importing Assets/PlayMaker/Actions/Screen/ScreenWrap.cs using Guid(1dc9a3529a218074d8fd59684b4c3196) Importer(2089858483,0ecaa5967403d082aa24f35e1b516d23)  -> (artifact id: '98e4cac734534952041b1e15486e4223') in 0.014601 seconds
Number of updated asset objects reloaded before import = 0
Number of asset objects unloaded after import = 1
========================================================================
Received Import Request.
  Time since last request: 0.000009 seconds.
  path: Assets/PlayMaker/Actions/RenderSettings/SetAmbientLight.cs
  artifactKey: Guid(79e8a1aed82f7364eb7f2e89cb0a1b30) Importer(2089858483,0ecaa5967403d082aa24f35e1b516d23)
Start importing Assets/PlayMaker/Actions/RenderSettings/SetAmbientLight.cs using Guid(79e8a1aed82f7364eb7f2e89cb0a1b30) Importer(2089858483,0ecaa5967403d082aa24f35e1b516d23)  -> (artifact id: '3a3791cf5a2bfbb0dde1750f2ca89acf') in 0.015016 seconds
Number of updated asset objects reloaded before import = 0
Number of asset objects unloaded after import = 1
========================================================================
Received Import Request.
  Time since last request: 0.000017 seconds.
  path: Assets/PlayMaker/Actions/UI/UiSliderGetValue.cs
  artifactKey: Guid(93f3765b84dbf3848948759f759665a9) Importer(2089858483,0ecaa5967403d082aa24f35e1b516d23)
Start importing Assets/PlayMaker/Actions/UI/UiSliderGetValue.cs using Guid(93f3765b84dbf3848948759f759665a9) Importer(2089858483,0ecaa5967403d082aa24f35e1b516d23)  -> (artifact id: 'b1df0e6fbfee4010a626354764ff3ab8') in 0.013592 seconds
Number of updated asset objects reloaded before import = 0
Number of asset objects unloaded after import = 1
========================================================================
Received Import Request.
  Time since last request: 0.000010 seconds.
  path: Assets/PlayMaker/Actions/UI/UiScrollRectSetNormalizedPosition.cs
  artifactKey: Guid(82651c4dd6949d441bd95d07bdce9a21) Importer(2089858483,0ecaa5967403d082aa24f35e1b516d23)
Start importing Assets/PlayMaker/Actions/UI/UiScrollRectSetNormalizedPosition.cs using Guid(82651c4dd6949d441bd95d07bdce9a21) Importer(2089858483,0ecaa5967403d082aa24f35e1b516d23)  -> (artifact id: '2a8a4970eb2899d43914c7ad427f2b3f') in 0.014482 seconds
Number of updated asset objects reloaded before import = 0
Number of asset objects unloaded after import = 1
========================================================================
Received Import Request.
  Time since last request: 0.000013 seconds.
  path: Assets/PlayMaker/Actions/Vector2/SelectRandomVector2.cs
  artifactKey: Guid(285043e5e312a42df9ca1edcaa9c7c47) Importer(2089858483,0ecaa5967403d082aa24f35e1b516d23)
Start importing Assets/PlayMaker/Actions/Vector2/SelectRandomVector2.cs using Guid(285043e5e312a42df9ca1edcaa9c7c47) Importer(2089858483,0ecaa5967403d082aa24f35e1b516d23)  -> (artifact id: 'bf491ee6eb5e5424899cd6fd23a6b7cc') in 0.015095 seconds
Number of updated asset objects reloaded before import = 0
Number of asset objects unloaded after import = 1
========================================================================
Received Import Request.
  Time since last request: 0.000012 seconds.
  path: Assets/PlayMaker/Actions/Vector2/Vector2LowPassFilter.cs
  artifactKey: Guid(928126332a67546beb573aeaa2151c81) Importer(2089858483,0ecaa5967403d082aa24f35e1b516d23)
Start importing Assets/PlayMaker/Actions/Vector2/Vector2LowPassFilter.cs using Guid(928126332a67546beb573aeaa2151c81) Importer(2089858483,0ecaa5967403d082aa24f35e1b516d23)  -> (artifact id: '9580b08b235d71a4fe59b47b63b1f6d9') in 0.012360 seconds
Number of updated asset objects reloaded before import = 0
Number of asset objects unloaded after import = 1
========================================================================
Received Import Request.
  Time since last request: 0.000010 seconds.
  path: Assets/PlayMaker/Actions/Transform/TransformPoint.cs
  artifactKey: Guid(bc14805ab1b72f74a91e1f9e58ca6a91) Importer(2089858483,0ecaa5967403d082aa24f35e1b516d23)
Start importing Assets/PlayMaker/Actions/Transform/TransformPoint.cs using Guid(bc14805ab1b72f74a91e1f9e58ca6a91) Importer(2089858483,0ecaa5967403d082aa24f35e1b516d23)  -> (artifact id: 'aae27b7fd89f3eb59c6c49b88c91d026') in 0.014918 seconds
Number of updated asset objects reloaded before import = 0
Number of asset objects unloaded after import = 1
========================================================================
Received Import Request.
  Time since last request: 0.000010 seconds.
  path: Assets/PlayMaker/Actions/UI/UiInputFieldSetCharacterLimit.cs
  artifactKey: Guid(fe1954ee521f6cb47a1d18739f4ae2ab) Importer(2089858483,0ecaa5967403d082aa24f35e1b516d23)
Start importing Assets/PlayMaker/Actions/UI/UiInputFieldSetCharacterLimit.cs using Guid(fe1954ee521f6cb47a1d18739f4ae2ab) Importer(2089858483,0ecaa5967403d082aa24f35e1b516d23)  -> (artifact id: 'a67f2b99ce9a962a23724e8bae3ee97a') in 0.015741 seconds
Number of updated asset objects reloaded before import = 0
Number of asset objects unloaded after import = 1
========================================================================
Received Import Request.
  Time since last request: 0.000012 seconds.
  path: Assets/PlayMaker/Actions/StateMachine/Loop.cs
  artifactKey: Guid(7ad66ef640f467d46afc691a3f544e62) Importer(2089858483,0ecaa5967403d082aa24f35e1b516d23)
Start importing Assets/PlayMaker/Actions/StateMachine/Loop.cs using Guid(7ad66ef640f467d46afc691a3f544e62) Importer(2089858483,0ecaa5967403d082aa24f35e1b516d23)  -> (artifact id: 'ed4ef71fe87117cabf2774516609e68f') in 0.012563 seconds
Number of updated asset objects reloaded before import = 0
Number of asset objects unloaded after import = 1
========================================================================
Received Import Request.
  Time since last request: 0.000010 seconds.
  path: Assets/PlayMaker/Actions/UI/UiImageGetFillAmount.cs
  artifactKey: Guid(492181af26272674a81a48d9e4da3b66) Importer(2089858483,0ecaa5967403d082aa24f35e1b516d23)
Start importing Assets/PlayMaker/Actions/UI/UiImageGetFillAmount.cs using Guid(492181af26272674a81a48d9e4da3b66) Importer(2089858483,0ecaa5967403d082aa24f35e1b516d23)  -> (artifact id: '547bb546b084edb38b68e8c972342926') in 0.013149 seconds
Number of updated asset objects reloaded before import = 0
Number of asset objects unloaded after import = 1
========================================================================
Received Import Request.
  Time since last request: 0.000010 seconds.
  path: Assets/PlayMaker/Actions/SceneManager/GetSceneName.cs
  artifactKey: Guid(8c893fc99fca6474493b38581b4beda9) Importer(2089858483,0ecaa5967403d082aa24f35e1b516d23)
Start importing Assets/PlayMaker/Actions/SceneManager/GetSceneName.cs using Guid(8c893fc99fca6474493b38581b4beda9) Importer(2089858483,0ecaa5967403d082aa24f35e1b516d23)  -> (artifact id: '4aae3697e63a29da18823b84dbab0c07') in 0.014665 seconds
Number of updated asset objects reloaded before import = 0
Number of asset objects unloaded after import = 1
========================================================================
Received Import Request.
  Time since last request: 0.000011 seconds.
  path: Assets/PlayMaker/Actions/StateMachine/BlockEvents.cs
  artifactKey: Guid(af0c205204ff5ed42b90bd3f47052382) Importer(2089858483,0ecaa5967403d082aa24f35e1b516d23)
Start importing Assets/PlayMaker/Actions/StateMachine/BlockEvents.cs using Guid(af0c205204ff5ed42b90bd3f47052382) Importer(2089858483,0ecaa5967403d082aa24f35e1b516d23)  -> (artifact id: 'adb9ca6eff82ba5de7fbe20da2b0f0c8') in 0.012994 seconds
Number of updated asset objects reloaded before import = 0
Number of asset objects unloaded after import = 1
========================================================================
Received Import Request.
  Time since last request: 0.000022 seconds.
  path: Assets/PlayMaker/Actions/Vector3/Vector3LowPassFilter.cs
  artifactKey: Guid(8ef747ac52d7649469f8439c04b0d61b) Importer(2089858483,0ecaa5967403d082aa24f35e1b516d23)
Start importing Assets/PlayMaker/Actions/Vector3/Vector3LowPassFilter.cs using Guid(8ef747ac52d7649469f8439c04b0d61b) Importer(2089858483,0ecaa5967403d082aa24f35e1b516d23)  -> (artifact id: 'bcc237da5de196c4948b2196becda1a5') in 0.014376 seconds
Number of updated asset objects reloaded before import = 0
Number of asset objects unloaded after import = 1
========================================================================
Received Import Request.
  Time since last request: 0.000011 seconds.
  path: Assets/PlayMaker/Actions/StateMachine/GetFsmRect.cs
  artifactKey: Guid(10a898a9e2d37ee469ec06b5db381052) Importer(2089858483,0ecaa5967403d082aa24f35e1b516d23)
Start importing Assets/PlayMaker/Actions/StateMachine/GetFsmRect.cs using Guid(10a898a9e2d37ee469ec06b5db381052) Importer(2089858483,0ecaa5967403d082aa24f35e1b516d23)  -> (artifact id: '92c6fdc7f2a4ef08ae61238de3b47b14') in 0.014216 seconds
Number of updated asset objects reloaded before import = 0
Number of asset objects unloaded after import = 1
========================================================================
Received Import Request.
  Time since last request: 0.000028 seconds.
  path: Assets/PlayMaker/Actions/StateMachine/FinishFSM.cs
  artifactKey: Guid(42de3c028956f4445a0afbc09ec326ae) Importer(2089858483,0ecaa5967403d082aa24f35e1b516d23)
Start importing Assets/PlayMaker/Actions/StateMachine/FinishFSM.cs using Guid(42de3c028956f4445a0afbc09ec326ae) Importer(2089858483,0ecaa5967403d082aa24f35e1b516d23)  -> (artifact id: '075e58b5efd3010cf4c45a1912b8b3dd') in 0.014489 seconds
Number of updated asset objects reloaded before import = 0
Number of asset objects unloaded after import = 1
========================================================================
Received Import Request.
  Time since last request: 0.000012 seconds.
  path: Assets/PlayMaker/Actions/StateMachine/GetFsmEnum.cs
  artifactKey: Guid(c87a739e8b72e6e4e99aa78a2427fd03) Importer(2089858483,0ecaa5967403d082aa24f35e1b516d23)
Start importing Assets/PlayMaker/Actions/StateMachine/GetFsmEnum.cs using Guid(c87a739e8b72e6e4e99aa78a2427fd03) Importer(2089858483,0ecaa5967403d082aa24f35e1b516d23)  -> (artifact id: 'f66161bdb8a1820a0dc98859d2932405') in 0.014394 seconds
Number of updated asset objects reloaded before import = 0
Number of asset objects unloaded after import = 1
========================================================================
Received Import Request.
  Time since last request: 0.000021 seconds.
  path: Assets/PlayMaker/Actions/StateMachine/GetEventStringData.cs
  artifactKey: Guid(262543605090ec648a26cb34d45455f0) Importer(2089858483,0ecaa5967403d082aa24f35e1b516d23)
Start importing Assets/PlayMaker/Actions/StateMachine/GetEventStringData.cs using Guid(262543605090ec648a26cb34d45455f0) Importer(2089858483,0ecaa5967403d082aa24f35e1b516d23)  -> (artifact id: '4653796a9e2f6a875940cd9cf75b142e') in 0.014924 seconds
Number of updated asset objects reloaded before import = 0
Number of asset objects unloaded after import = 1
========================================================================
Received Import Request.
  Time since last request: 0.000009 seconds.
  path: Assets/PlayMaker/Actions/VideoPlayer/VideoPlayerErrorEvent.cs
  artifactKey: Guid(e2e0acd4ddb9748958ba1aebbfca4e19) Importer(2089858483,0ecaa5967403d082aa24f35e1b516d23)
Start importing Assets/PlayMaker/Actions/VideoPlayer/VideoPlayerErrorEvent.cs using Guid(e2e0acd4ddb9748958ba1aebbfca4e19) Importer(2089858483,0ecaa5967403d082aa24f35e1b516d23)  -> (artifact id: 'c98622784859ecc3ff51a889f351348a') in 0.017020 seconds
Number of updated asset objects reloaded before import = 0
Number of asset objects unloaded after import = 1
========================================================================
Received Import Request.
  Time since last request: 0.000010 seconds.
  path: Assets/PlayMaker/Actions/SceneManager/SendSceneUnLoadedEvent.cs
  artifactKey: Guid(c656b1a45e24746639c434a7daaddb6e) Importer(2089858483,0ecaa5967403d082aa24f35e1b516d23)
Start importing Assets/PlayMaker/Actions/SceneManager/SendSceneUnLoadedEvent.cs using Guid(c656b1a45e24746639c434a7daaddb6e) Importer(2089858483,0ecaa5967403d082aa24f35e1b516d23)  -> (artifact id: '14e3f606486506d3424491a5320ca328') in 0.014400 seconds
Number of updated asset objects reloaded before import = 0
Number of asset objects unloaded after import = 1
========================================================================
Received Import Request.
  Time since last request: 0.000010 seconds.
  path: Assets/PlayMaker/Actions/UI/UiInputFieldGetTextAsFloat.cs
  artifactKey: Guid(48c419f0c18c52d49bfe531362484724) Importer(2089858483,0ecaa5967403d082aa24f35e1b516d23)
Start importing Assets/PlayMaker/Actions/UI/UiInputFieldGetTextAsFloat.cs using Guid(48c419f0c18c52d49bfe531362484724) Importer(2089858483,0ecaa5967403d082aa24f35e1b516d23)  -> (artifact id: '78336b75d0fc88e1a025b390ec4994db') in 0.015674 seconds
Number of updated asset objects reloaded before import = 0
Number of asset objects unloaded after import = 1
========================================================================
Received Import Request.
  Time since last request: 0.000011 seconds.
  path: Assets/PlayMaker/Actions/UI/UiRawImageSetRaycastTarget.cs
  artifactKey: Guid(0f6901bda022c794e855432071abefb8) Importer(2089858483,0ecaa5967403d082aa24f35e1b516d23)
Start importing Assets/PlayMaker/Actions/UI/UiRawImageSetRaycastTarget.cs using Guid(0f6901bda022c794e855432071abefb8) Importer(2089858483,0ecaa5967403d082aa24f35e1b516d23)  -> (artifact id: 'abd58724c6c169c903741a1c205ffc67') in 0.014023 seconds
Number of updated asset objects reloaded before import = 0
Number of asset objects unloaded after import = 1
========================================================================
Received Import Request.
  Time since last request: 0.000031 seconds.
  path: Assets/PlayMaker/Actions/Transform/SetRotation.cs
  artifactKey: Guid(eb466e99a5ab8d84383bbf5c5ff7d889) Importer(2089858483,0ecaa5967403d082aa24f35e1b516d23)
Start importing Assets/PlayMaker/Actions/Transform/SetRotation.cs using Guid(eb466e99a5ab8d84383bbf5c5ff7d889) Importer(2089858483,0ecaa5967403d082aa24f35e1b516d23)  -> (artifact id: '29ce46e45acfb5a8a58963e88cf58d74') in 0.013588 seconds
Number of updated asset objects reloaded before import = 0
Number of asset objects unloaded after import = 1
========================================================================
Received Import Request.
  Time since last request: 0.000010 seconds.
  path: Assets/PlayMaker/Actions/StateMachine/SetFsmQuaternion.cs
  artifactKey: Guid(3ba17874b9ce798418d40af656f0630a) Importer(2089858483,0ecaa5967403d082aa24f35e1b516d23)
Start importing Assets/PlayMaker/Actions/StateMachine/SetFsmQuaternion.cs using Guid(3ba17874b9ce798418d40af656f0630a) Importer(2089858483,0ecaa5967403d082aa24f35e1b516d23)  -> (artifact id: 'ea6714455bde697577cb59a0b4de210a') in 0.014777 seconds
Number of updated asset objects reloaded before import = 0
Number of asset objects unloaded after import = 1
========================================================================
Received Import Request.
  Time since last request: 0.000010 seconds.
  path: Assets/PlayMaker/Actions/UI/UiInputFieldMoveCaretToTextEnd.cs
  artifactKey: Guid(5052aa2bd67468442b34d9fb3720da40) Importer(2089858483,0ecaa5967403d082aa24f35e1b516d23)
Start importing Assets/PlayMaker/Actions/UI/UiInputFieldMoveCaretToTextEnd.cs using Guid(5052aa2bd67468442b34d9fb3720da40) Importer(2089858483,0ecaa5967403d082aa24f35e1b516d23)  -> (artifact id: '5b63be7fedfe017522adf08ac6637c69') in 0.012749 seconds
Number of updated asset objects reloaded before import = 0
Number of asset objects unloaded after import = 1
========================================================================
Received Import Request.
  Time since last request: 0.000036 seconds.
  path: Assets/PlayMaker/Actions/StateMachine/GetFsmVariables.cs
  artifactKey: Guid(46663c0db282f7045807d75af544b7f6) Importer(2089858483,0ecaa5967403d082aa24f35e1b516d23)
Start importing Assets/PlayMaker/Actions/StateMachine/GetFsmVariables.cs using Guid(46663c0db282f7045807d75af544b7f6) Importer(2089858483,0ecaa5967403d082aa24f35e1b516d23)  -> (artifact id: '25ae0d1263d3c1753146e841ee949bdd') in 0.014238 seconds
Number of updated asset objects reloaded before import = 0
Number of asset objects unloaded after import = 1
========================================================================
Received Import Request.
  Time since last request: 0.000010 seconds.
  path: Assets/PlayMaker/Actions/UI/UiInputFieldDeactivate.cs
  artifactKey: Guid(918e3f84b2acfd64f980a81d9aeda04e) Importer(2089858483,0ecaa5967403d082aa24f35e1b516d23)
Start importing Assets/PlayMaker/Actions/UI/UiInputFieldDeactivate.cs using Guid(918e3f84b2acfd64f980a81d9aeda04e) Importer(2089858483,0ecaa5967403d082aa24f35e1b516d23)  -> (artifact id: 'c37ead9b5fc78a5e3234176b0ef0c0b9') in 0.014506 seconds
Number of updated asset objects reloaded before import = 0
Number of asset objects unloaded after import = 1
========================================================================
Received Import Request.
  Time since last request: 0.000027 seconds.
  path: Assets/PlayMaker/Actions/StateMachine/BaseFsmVariableAction.cs
  artifactKey: Guid(2417f8d9985a6a84595b4ce3ee641b63) Importer(2089858483,0ecaa5967403d082aa24f35e1b516d23)
Start importing Assets/PlayMaker/Actions/StateMachine/BaseFsmVariableAction.cs using Guid(2417f8d9985a6a84595b4ce3ee641b63) Importer(2089858483,0ecaa5967403d082aa24f35e1b516d23)  -> (artifact id: '7cdf9534f377eff2ec2a9d44471af78c') in 0.015821 seconds
Number of updated asset objects reloaded before import = 0
Number of asset objects unloaded after import = 1
========================================================================
Received Import Request.
  Time since last request: 0.000010 seconds.
  path: Assets/PlayMaker/Actions/Vector2/Vector2Lerp.cs
  artifactKey: Guid(dde1f65f330694b05892a2430c3f0617) Importer(2089858483,0ecaa5967403d082aa24f35e1b516d23)
Start importing Assets/PlayMaker/Actions/Vector2/Vector2Lerp.cs using Guid(dde1f65f330694b05892a2430c3f0617) Importer(2089858483,0ecaa5967403d082aa24f35e1b516d23)  -> (artifact id: 'ae328793e8322758d21a4fb0fe69550d') in 0.013961 seconds
Number of updated asset objects reloaded before import = 0
Number of asset objects unloaded after import = 1
========================================================================
Received Import Request.
  Time since last request: 0.000010 seconds.
  path: Assets/PlayMaker/Actions/StateMachine/GetEventVector3Data.cs
  artifactKey: Guid(4309aaf693f60eb4083327844ab51780) Importer(2089858483,0ecaa5967403d082aa24f35e1b516d23)
Start importing Assets/PlayMaker/Actions/StateMachine/GetEventVector3Data.cs using Guid(4309aaf693f60eb4083327844ab51780) Importer(2089858483,0ecaa5967403d082aa24f35e1b516d23)  -> (artifact id: 'f238769ec7b7ee0e972749110fca1d63') in 0.015752 seconds
Number of updated asset objects reloaded before import = 0
Number of asset objects unloaded after import = 1
========================================================================
Received Import Request.
  Time since last request: 0.000012 seconds.
  path: Assets/PlayMaker/Actions/SpriteRenderer/GetspriteSortPoint.cs
  artifactKey: Guid(e974250b839d0d740965b2a714d29b75) Importer(2089858483,0ecaa5967403d082aa24f35e1b516d23)
Start importing Assets/PlayMaker/Actions/SpriteRenderer/GetspriteSortPoint.cs using Guid(e974250b839d0d740965b2a714d29b75) Importer(2089858483,0ecaa5967403d082aa24f35e1b516d23)  -> (artifact id: 'b8f977fb85687f1aa967d019d838c206') in 0.013279 seconds
Number of updated asset objects reloaded before import = 0
Number of asset objects unloaded after import = 1
========================================================================
Received Import Request.
  Time since last request: 0.000015 seconds.
  path: Assets/PlayMaker/Actions/UI/UiScrollbarGetValue.cs
  artifactKey: Guid(6068c9517a57ce84da9e934420b93f56) Importer(2089858483,0ecaa5967403d082aa24f35e1b516d23)
Start importing Assets/PlayMaker/Actions/UI/UiScrollbarGetValue.cs using Guid(6068c9517a57ce84da9e934420b93f56) Importer(2089858483,0ecaa5967403d082aa24f35e1b516d23)  -> (artifact id: '2eccb26992761a822afcd6cec328b045') in 0.014821 seconds
Number of updated asset objects reloaded before import = 0
Number of asset objects unloaded after import = 1
========================================================================
Received Import Request.
  Time since last request: 0.000018 seconds.
  path: Assets/PlayMaker/Actions/SpriteRenderer/GetSpriteOrderInLayer.cs
  artifactKey: Guid(8dae8703e242c584886b36ae5e9adb1b) Importer(2089858483,0ecaa5967403d082aa24f35e1b516d23)
Start importing Assets/PlayMaker/Actions/SpriteRenderer/GetSpriteOrderInLayer.cs using Guid(8dae8703e242c584886b36ae5e9adb1b) Importer(2089858483,0ecaa5967403d082aa24f35e1b516d23)  -> (artifact id: '1a369cd4d032a8b17afa7cacc6c59aa4') in 0.015113 seconds
Number of updated asset objects reloaded before import = 0
Number of asset objects unloaded after import = 1
========================================================================
Received Import Request.
  Time since last request: 0.000014 seconds.
  path: Assets/PlayMaker/Actions/Transform/GetAngleToTarget.cs
  artifactKey: Guid(30feefdfd82d7554f972fcdc8e444987) Importer(2089858483,0ecaa5967403d082aa24f35e1b516d23)
Start importing Assets/PlayMaker/Actions/Transform/GetAngleToTarget.cs using Guid(30feefdfd82d7554f972fcdc8e444987) Importer(2089858483,0ecaa5967403d082aa24f35e1b516d23)  -> (artifact id: 'ea6b0c80ec9872035a18b2b31c72f727') in 0.013156 seconds
Number of updated asset objects reloaded before import = 0
Number of asset objects unloaded after import = 1
========================================================================
Received Import Request.
  Time since last request: 0.000010 seconds.
  path: Assets/PlayMaker/Actions/UI/UiSliderSetDirection.cs
  artifactKey: Guid(09303ae49edcc6e408b1debe564f2529) Importer(2089858483,0ecaa5967403d082aa24f35e1b516d23)
Start importing Assets/PlayMaker/Actions/UI/UiSliderSetDirection.cs using Guid(09303ae49edcc6e408b1debe564f2529) Importer(2089858483,0ecaa5967403d082aa24f35e1b516d23)  -> (artifact id: '1bc7566783ac4f1ae5727a9157c33443') in 0.013158 seconds
Number of updated asset objects reloaded before import = 0
Number of asset objects unloaded after import = 1
========================================================================
Received Import Request.
  Time since last request: 0.000010 seconds.
  path: Assets/PlayMaker/Actions/Transform/GetPosition.cs
  artifactKey: Guid(30b9e49bd10ad084f9de50bd465c7311) Importer(2089858483,0ecaa5967403d082aa24f35e1b516d23)
Start importing Assets/PlayMaker/Actions/Transform/GetPosition.cs using Guid(30b9e49bd10ad084f9de50bd465c7311) Importer(2089858483,0ecaa5967403d082aa24f35e1b516d23)  -> (artifact id: '926e1b1f733fdbfa655b3d86a5f8749a') in 0.012767 seconds
Number of updated asset objects reloaded before import = 0
Number of asset objects unloaded after import = 1
========================================================================
Received Import Request.
  Time since last request: 0.438988 seconds.
  path: Assets/PlayMaker/Actions/VideoPlayer/VideoPlayerGetCanSetDirectAudioVolume.cs
  artifactKey: Guid(7bb61ffa5665d4e08849c12fabad76d3) Importer(2089858483,0ecaa5967403d082aa24f35e1b516d23)
Start importing Assets/PlayMaker/Actions/VideoPlayer/VideoPlayerGetCanSetDirectAudioVolume.cs using Guid(7bb61ffa5665d4e08849c12fabad76d3) Importer(2089858483,0ecaa5967403d082aa24f35e1b516d23)  -> (artifact id: 'ad0de0060b742f287741dc23756af542') in 0.017366 seconds
Number of updated asset objects reloaded before import = 0
Number of asset objects unloaded after import = 1
========================================================================
Received Import Request.
  Time since last request: 0.000010 seconds.
  path: Assets/STYLY_Plugin/Scripts/Editor/Converter.cs
  artifactKey: Guid(f9fc45e371fbfea40a754ce1ff225788) Importer(2089858483,0ecaa5967403d082aa24f35e1b516d23)
Start importing Assets/STYLY_Plugin/Scripts/Editor/Converter.cs using Guid(f9fc45e371fbfea40a754ce1ff225788) Importer(2089858483,0ecaa5967403d082aa24f35e1b516d23)  -> (artifact id: '7d4325e32c016c452df2f4d0a05430fd') in 0.012707 seconds
Number of updated asset objects reloaded before import = 0
Number of asset objects unloaded after import = 1
========================================================================
Received Import Request.
  Time since last request: 0.000017 seconds.
  path: Assets/STYLY_Plugin/Scripts/Editor/Error.cs
  artifactKey: Guid(ad2283b616d1543999aac1df309890e0) Importer(2089858483,0ecaa5967403d082aa24f35e1b516d23)
Start importing Assets/STYLY_Plugin/Scripts/Editor/Error.cs using Guid(ad2283b616d1543999aac1df309890e0) Importer(2089858483,0ecaa5967403d082aa24f35e1b516d23)  -> (artifact id: '7a55516df3466de002a66990eb427292') in 0.011563 seconds
Number of updated asset objects reloaded before import = 0
Number of asset objects unloaded after import = 1
========================================================================
Received Import Request.
  Time since last request: 0.000011 seconds.
  path: Assets/PlayMaker/Actions/VideoPlayer/VideoPlayerSetTargetTexture.cs
  artifactKey: Guid(db400f5ee9ed74947bee5b1aaa6f440e) Importer(2089858483,0ecaa5967403d082aa24f35e1b516d23)
Start importing Assets/PlayMaker/Actions/VideoPlayer/VideoPlayerSetTargetTexture.cs using Guid(db400f5ee9ed74947bee5b1aaa6f440e) Importer(2089858483,0ecaa5967403d082aa24f35e1b516d23)  -> (artifact id: '25b6e5d08d82e09c773054a1e3b059f3') in 0.012742 seconds
Number of updated asset objects reloaded before import = 0
Number of asset objects unloaded after import = 1
========================================================================
Received Import Request.
  Time since last request: 0.000011 seconds.
  path: Assets/PlayMaker/Editor/Install/LegacyGUI.unitypackage
  artifactKey: Guid(a4dfaee68dc865741bff8cd7207b91ab) Importer(2089858483,0ecaa5967403d082aa24f35e1b516d23)
Start importing Assets/PlayMaker/Editor/Install/LegacyGUI.unitypackage using Guid(a4dfaee68dc865741bff8cd7207b91ab) Importer(2089858483,0ecaa5967403d082aa24f35e1b516d23)  -> (artifact id: '1bc6099d9085f4387d1fb23729079eca') in 0.015194 seconds
Number of updated asset objects reloaded before import = 0
Number of asset objects unloaded after import = 1
========================================================================
Received Import Request.
  Time since last request: 0.000026 seconds.
  path: Assets/PlayMaker/Actions/VideoPlayer/VideoPlayerPreparedCompletedEvent.cs
  artifactKey: Guid(dd37a87d8a43b4e19b6bed45f749cbc4) Importer(2089858483,0ecaa5967403d082aa24f35e1b516d23)
Start importing Assets/PlayMaker/Actions/VideoPlayer/VideoPlayerPreparedCompletedEvent.cs using Guid(dd37a87d8a43b4e19b6bed45f749cbc4) Importer(2089858483,0ecaa5967403d082aa24f35e1b516d23)  -> (artifact id: '2d6be8230d860092d10a1fd0ef46e85f') in 0.015462 seconds
Number of updated asset objects reloaded before import = 0
Number of asset objects unloaded after import = 1
========================================================================
Received Import Request.
  Time since last request: 0.000010 seconds.
  path: Assets/PlayMaker/Actions/Web/WWWObject.cs
  artifactKey: Guid(78bccd13ebd50bd4ea5d0c5678d4b10d) Importer(2089858483,0ecaa5967403d082aa24f35e1b516d23)
Start importing Assets/PlayMaker/Actions/Web/WWWObject.cs using Guid(78bccd13ebd50bd4ea5d0c5678d4b10d) Importer(2089858483,0ecaa5967403d082aa24f35e1b516d23)  -> (artifact id: '417868d1d6fa108e6cb070610bcdb31d') in 0.012213 seconds
Number of updated asset objects reloaded before import = 0
Number of asset objects unloaded after import = 1
========================================================================
Received Import Request.
  Time since last request: 0.000010 seconds.
  path: Assets/PlayMaker/Editor/Watermarks/Dazzle.png
  artifactKey: Guid(3e872e3452d8cf04aa5ac4b31e442167) Importer(2089858483,0ecaa5967403d082aa24f35e1b516d23)
Start importing Assets/PlayMaker/Editor/Watermarks/Dazzle.png using Guid(3e872e3452d8cf04aa5ac4b31e442167) Importer(2089858483,0ecaa5967403d082aa24f35e1b516d23)  -> (artifact id: 'ff1bea6bae26a987a77071554fc96289') in 0.024864 seconds
Number of updated asset objects reloaded before import = 0
Number of asset objects unloaded after import = 1
========================================================================
Received Import Request.
  Time since last request: 0.000009 seconds.
  path: Assets/PlayMaker/Actions/VideoPlayer/VideoPlayerGetTimeSource.cs
  artifactKey: Guid(db49db242441a495488af615ca70f883) Importer(2089858483,0ecaa5967403d082aa24f35e1b516d23)
Start importing Assets/PlayMaker/Actions/VideoPlayer/VideoPlayerGetTimeSource.cs using Guid(db49db242441a495488af615ca70f883) Importer(2089858483,0ecaa5967403d082aa24f35e1b516d23)  -> (artifact id: '77262d8a745727393666a6effd48a09e') in 0.011414 seconds
Number of updated asset objects reloaded before import = 0
Number of asset objects unloaded after import = 1
========================================================================
Received Import Request.
  Time since last request: 0.000017 seconds.
  path: Assets/PlayMaker/Editor/Install/LegacyNetworking.unitypackage
  artifactKey: Guid(9b52451efbd751f48ac368998c153aaf) Importer(2089858483,0ecaa5967403d082aa24f35e1b516d23)
Start importing Assets/PlayMaker/Editor/Install/LegacyNetworking.unitypackage using Guid(9b52451efbd751f48ac368998c153aaf) Importer(2089858483,0ecaa5967403d082aa24f35e1b516d23)  -> (artifact id: '96bf1212452dcc2b3cdd957769180f71') in 0.011045 seconds
Number of updated asset objects reloaded before import = 0
Number of asset objects unloaded after import = 1
========================================================================
Received Import Request.
  Time since last request: 0.000028 seconds.
  path: Assets/PlayMaker/Editor/Install/Playmaker.1.9.5.unitypackage
  artifactKey: Guid(0fede577d30b6a840b9197c50d7bfd5b) Importer(2089858483,0ecaa5967403d082aa24f35e1b516d23)
Start importing Assets/PlayMaker/Editor/Install/Playmaker.1.9.5.unitypackage using Guid(0fede577d30b6a840b9197c50d7bfd5b) Importer(2089858483,0ecaa5967403d082aa24f35e1b516d23)  -> (artifact id: 'c18431971b2493639dfc534e6eb311f6') in 0.010231 seconds
Number of updated asset objects reloaded before import = 0
Number of asset objects unloaded after import = 1
========================================================================
Received Import Request.
  Time since last request: 0.000010 seconds.
  path: Assets/PlayMaker/Editor/Resources/logoHeader@2x.png
  artifactKey: Guid(b54475dee9a838b4594451ae43b03bf7) Importer(2089858483,0ecaa5967403d082aa24f35e1b516d23)
Start importing Assets/PlayMaker/Editor/Resources/logoHeader@2x.png using Guid(b54475dee9a838b4594451ae43b03bf7) Importer(2089858483,0ecaa5967403d082aa24f35e1b516d23)  -> (artifact id: 'b926931a3c1634f91765e704587550ad') in 0.025489 seconds
Number of updated asset objects reloaded before import = 0
Number of asset objects unloaded after import = 1
========================================================================
Received Import Request.
  Time since last request: 0.000009 seconds.
  path: Assets/STYLY_Plugin/Scripts/Editor/UnityModulesChecker.cs
  artifactKey: Guid(239ba5fab0de54349b8bbd4d24fe0faf) Importer(2089858483,0ecaa5967403d082aa24f35e1b516d23)
Start importing Assets/STYLY_Plugin/Scripts/Editor/UnityModulesChecker.cs using Guid(239ba5fab0de54349b8bbd4d24fe0faf) Importer(2089858483,0ecaa5967403d082aa24f35e1b516d23)  -> (artifact id: 'e5acad0f71e403d474464a32143e3fb8') in 0.014383 seconds
Number of updated asset objects reloaded before import = 0
Number of asset objects unloaded after import = 1
========================================================================
Received Import Request.
  Time since last request: 0.000010 seconds.
  path: Assets/PlayMaker/Editor/Watermarks/Dagger.png
  artifactKey: Guid(8982a70e0d297f240a3f18e317812ec5) Importer(2089858483,0ecaa5967403d082aa24f35e1b516d23)
Start importing Assets/PlayMaker/Editor/Watermarks/Dagger.png using Guid(8982a70e0d297f240a3f18e317812ec5) Importer(2089858483,0ecaa5967403d082aa24f35e1b516d23)  -> (artifact id: 'c6dc8e58c9749fc117eb4bb39314e8fa') in 0.018889 seconds
Number of updated asset objects reloaded before import = 0
Number of asset objects unloaded after import = 1
========================================================================
Received Import Request.
  Time since last request: 0.000018 seconds.
  path: Assets/Plugins/PlayMaker/WebGL/PlayMaker.dll.mdb
  artifactKey: Guid(586f10b880b6b5b4798aa26aa284bad9) Importer(2089858483,0ecaa5967403d082aa24f35e1b516d23)
Start importing Assets/Plugins/PlayMaker/WebGL/PlayMaker.dll.mdb using Guid(586f10b880b6b5b4798aa26aa284bad9) Importer(2089858483,0ecaa5967403d082aa24f35e1b516d23)  -> (artifact id: 'a1b8fb7f7f5c1eb13558820197f27583') in 0.011158 seconds
Number of updated asset objects reloaded before import = 0
Number of asset objects unloaded after import = 1
========================================================================
Received Import Request.
  Time since last request: 0.000021 seconds.
  path: Assets/STYLY_Plugin/STYLY_Playmaker_CustomActions/StylyService/IStylyServiceWebCanvasImpl.cs
  artifactKey: Guid(d777ffce119637a408f40b3fdde5ff0f) Importer(2089858483,0ecaa5967403d082aa24f35e1b516d23)
Start importing Assets/STYLY_Plugin/STYLY_Playmaker_CustomActions/StylyService/IStylyServiceWebCanvasImpl.cs using Guid(d777ffce119637a408f40b3fdde5ff0f) Importer(2089858483,0ecaa5967403d082aa24f35e1b516d23)  -> (artifact id: '2448e0e81f0ae9c5eea842aa4bf7f095') in 0.016344 seconds
Number of updated asset objects reloaded before import = 0
Number of asset objects unloaded after import = 1
========================================================================
Received Import Request.
  Time since last request: 0.000010 seconds.
  path: Assets/PlayMaker/Editor/Watermarks/LightningBolt.png
  artifactKey: Guid(c1c4109fb586c6343863b4077298090c) Importer(2089858483,0ecaa5967403d082aa24f35e1b516d23)
Start importing Assets/PlayMaker/Editor/Watermarks/LightningBolt.png using Guid(c1c4109fb586c6343863b4077298090c) Importer(2089858483,0ecaa5967403d082aa24f35e1b516d23)  -> (artifact id: '8a1184c2ca47a9369697d2472792059d') in 0.019680 seconds
Number of updated asset objects reloaded before import = 0
Number of asset objects unloaded after import = 1
========================================================================
Received Import Request.
  Time since last request: 0.000012 seconds.
  path: Assets/PlayMaker/Editor/sv-SE/PlayMakerEditorResources.resources.dll
  artifactKey: Guid(9bf7a4151eb9ade47a2d9f8607773b80) Importer(2089858483,0ecaa5967403d082aa24f35e1b516d23)
Start importing Assets/PlayMaker/Editor/sv-SE/PlayMakerEditorResources.resources.dll using Guid(9bf7a4151eb9ade47a2d9f8607773b80) Importer(2089858483,0ecaa5967403d082aa24f35e1b516d23)  -> (artifact id: 'cb8e70696641ad717afd765e05ad2376') in 0.014337 seconds
Number of updated asset objects reloaded before import = 0
Number of asset objects unloaded after import = 1
========================================================================
Received Import Request.
  Time since last request: 0.000012 seconds.
  path: Assets/UniGLTF/UniHumanoid/Scripts/SkeletonEstimator.cs
  artifactKey: Guid(4f0d2728cd7343f4ab2e7f7c2b961d5c) Importer(2089858483,0ecaa5967403d082aa24f35e1b516d23)
Start importing Assets/UniGLTF/UniHumanoid/Scripts/SkeletonEstimator.cs using Guid(4f0d2728cd7343f4ab2e7f7c2b961d5c) Importer(2089858483,0ecaa5967403d082aa24f35e1b516d23)  -> (artifact id: '0f7f71b86d344c9021384cc5f62c0b13') in 0.013551 seconds
Number of updated asset objects reloaded before import = 0
Number of asset objects unloaded after import = 1
========================================================================
Received Import Request.
  Time since last request: 0.000011 seconds.
  path: Assets/PlayMaker/Actions/Animator/Editor/SetAnimatorFloatActionEditor.cs
  artifactKey: Guid(d509be4bb6b01482f8d036452d23b539) Importer(2089858483,0ecaa5967403d082aa24f35e1b516d23)
Start importing Assets/PlayMaker/Actions/Animator/Editor/SetAnimatorFloatActionEditor.cs using Guid(d509be4bb6b01482f8d036452d23b539) Importer(2089858483,0ecaa5967403d082aa24f35e1b516d23)  -> (artifact id: 'beec590c7113eb04257622b730669082') in 0.013726 seconds
Number of updated asset objects reloaded before import = 0
Number of asset objects unloaded after import = 1
========================================================================
Received Import Request.
  Time since last request: 0.000017 seconds.
  path: Assets/PlayMaker/Actions/VideoPlayer/VideoPlayerSetAudioOutputMode.cs
  artifactKey: Guid(c294998357fc94e7bac587faf3ebe4ce) Importer(2089858483,0ecaa5967403d082aa24f35e1b516d23)
Start importing Assets/PlayMaker/Actions/VideoPlayer/VideoPlayerSetAudioOutputMode.cs using Guid(c294998357fc94e7bac587faf3ebe4ce) Importer(2089858483,0ecaa5967403d082aa24f35e1b516d23)  -> (artifact id: 'd21d32e9be442ea64588d16c0c7e6720') in 0.012772 seconds
Number of updated asset objects reloaded before import = 0
Number of asset objects unloaded after import = 1
========================================================================
Received Import Request.
  Time since last request: 0.000012 seconds.
  path: Assets/PlayMaker/Actions/Animator/Editor/GetAnimatorNextStateInfoActionEditor.cs
  artifactKey: Guid(f4d701619cd324b4f909bff1810e1aad) Importer(2089858483,0ecaa5967403d082aa24f35e1b516d23)
Start importing Assets/PlayMaker/Actions/Animator/Editor/GetAnimatorNextStateInfoActionEditor.cs using Guid(f4d701619cd324b4f909bff1810e1aad) Importer(2089858483,0ecaa5967403d082aa24f35e1b516d23)  -> (artifact id: '40a4fe6d0f1b231c115f7b3ebab302b5') in 0.012621 seconds
Number of updated asset objects reloaded before import = 0
Number of asset objects unloaded after import = 1
========================================================================
Received Import Request.
  Time since last request: 0.000028 seconds.
  path: Assets/STYLY_Plugin/STYLY_ImmersalUI/Sprites/tex_timeout_JP.png
  artifactKey: Guid(caf1adec75236484e9e08f53b0f3a084) Importer(2089858483,0ecaa5967403d082aa24f35e1b516d23)
Start importing Assets/STYLY_Plugin/STYLY_ImmersalUI/Sprites/tex_timeout_JP.png using Guid(caf1adec75236484e9e08f53b0f3a084) Importer(2089858483,0ecaa5967403d082aa24f35e1b516d23)  -> (artifact id: '579174c4740135903d0cf5871603a50e') in 0.020368 seconds
Number of updated asset objects reloaded before import = 0
Number of asset objects unloaded after import = 3
========================================================================
Received Import Request.
  Time since last request: 0.000014 seconds.
  path: Assets/PlayMaker/Editor/Watermarks/Alien.png
  artifactKey: Guid(24dda0ac7b175944f8968586045fbe32) Importer(2089858483,0ecaa5967403d082aa24f35e1b516d23)
Start importing Assets/PlayMaker/Editor/Watermarks/Alien.png using Guid(24dda0ac7b175944f8968586045fbe32) Importer(2089858483,0ecaa5967403d082aa24f35e1b516d23)  -> (artifact id: '0b7f91f62bc3942fb363ec0cef939310') in 0.023289 seconds
Number of updated asset objects reloaded before import = 0
Number of asset objects unloaded after import = 1
========================================================================
Received Import Request.
  Time since last request: 0.000019 seconds.
  path: Assets/PlayMaker/Editor/Watermarks/Timer.png
  artifactKey: Guid(7f48cf158f652204599f9718da5fc8b5) Importer(2089858483,0ecaa5967403d082aa24f35e1b516d23)
Start importing Assets/PlayMaker/Editor/Watermarks/Timer.png using Guid(7f48cf158f652204599f9718da5fc8b5) Importer(2089858483,0ecaa5967403d082aa24f35e1b516d23)  -> (artifact id: 'b8c2b942ecb458db45f03a1cb4360058') in 0.021427 seconds
Number of updated asset objects reloaded before import = 0
Number of asset objects unloaded after import = 1
========================================================================
Received Import Request.
  Time since last request: 0.000012 seconds.
  path: Assets/PlayMaker/Editor/Resources/linkDocs@2x.png
  artifactKey: Guid(c866a6a5953df3640be61751ff46a647) Importer(2089858483,0ecaa5967403d082aa24f35e1b516d23)
Start importing Assets/PlayMaker/Editor/Resources/linkDocs@2x.png using Guid(c866a6a5953df3640be61751ff46a647) Importer(2089858483,0ecaa5967403d082aa24f35e1b516d23)  -> (artifact id: '4939823a97c56cd49cf8830067f4318e') in 0.023864 seconds
Number of updated asset objects reloaded before import = 0
Number of asset objects unloaded after import = 1
========================================================================
Received Import Request.
  Time since last request: 0.000010 seconds.
  path: Assets/UniGLTF/UniHumanoid/Scripts/MuscleInspector.cs
  artifactKey: Guid(d2cc8a27b7978e54d9226bc91e53a502) Importer(2089858483,0ecaa5967403d082aa24f35e1b516d23)
Start importing Assets/UniGLTF/UniHumanoid/Scripts/MuscleInspector.cs using Guid(d2cc8a27b7978e54d9226bc91e53a502) Importer(2089858483,0ecaa5967403d082aa24f35e1b516d23)  -> (artifact id: 'cec1a33600d7ef9ae36631487c0cc947') in 0.014429 seconds
Number of updated asset objects reloaded before import = 0
Number of asset objects unloaded after import = 1
========================================================================
Received Import Request.
  Time since last request: 0.000010 seconds.
  path: Assets/PlayMaker/Editor/Resources/linkSamples@2x.png
  artifactKey: Guid(5e634f52ddac7b84d9f4fce49df82c2f) Importer(2089858483,0ecaa5967403d082aa24f35e1b516d23)
Start importing Assets/PlayMaker/Editor/Resources/linkSamples@2x.png using Guid(5e634f52ddac7b84d9f4fce49df82c2f) Importer(2089858483,0ecaa5967403d082aa24f35e1b516d23)  -> (artifact id: '195b538be75b80e387abd5b02159c846') in 0.028049 seconds
Number of updated asset objects reloaded before import = 0
Number of asset objects unloaded after import = 1
========================================================================
Received Import Request.
  Time since last request: 0.000009 seconds.
  path: Assets/STYLY_Plugin/STYLY_Playmaker_CustomActions/StylyService/StylyServiceForPlayMakerSceneStoragePart.cs
  artifactKey: Guid(c14d92671196467fb9f1c1007067a708) Importer(2089858483,0ecaa5967403d082aa24f35e1b516d23)
Start importing Assets/STYLY_Plugin/STYLY_Playmaker_CustomActions/StylyService/StylyServiceForPlayMakerSceneStoragePart.cs using Guid(c14d92671196467fb9f1c1007067a708) Importer(2089858483,0ecaa5967403d082aa24f35e1b516d23)  -> (artifact id: '7b168557fc2a4a782c6d9458f506ecce') in 0.012908 seconds
Number of updated asset objects reloaded before import = 0
Number of asset objects unloaded after import = 1
========================================================================
Received Import Request.
  Time since last request: 0.000010 seconds.
  path: Assets/PlayMaker/Actions/Animator/Editor/GetAnimatorFloatActionEditor.cs
  artifactKey: Guid(f2a733af2f8c941318e512d00865682f) Importer(2089858483,0ecaa5967403d082aa24f35e1b516d23)
Start importing Assets/PlayMaker/Actions/Animator/Editor/GetAnimatorFloatActionEditor.cs using Guid(f2a733af2f8c941318e512d00865682f) Importer(2089858483,0ecaa5967403d082aa24f35e1b516d23)  -> (artifact id: 'dfaef019e759913637b5382fb1c2dd99') in 0.012248 seconds
Number of updated asset objects reloaded before import = 0
Number of asset objects unloaded after import = 1
========================================================================
Received Import Request.
  Time since last request: 0.000010 seconds.
  path: Assets/PlayMaker/Actions/Animator/Editor/GetAnimatorTargetActionEditor.cs
  artifactKey: Guid(e6467d12fbec648acbfe19a0ba022a0c) Importer(2089858483,0ecaa5967403d082aa24f35e1b516d23)
Start importing Assets/PlayMaker/Actions/Animator/Editor/GetAnimatorTargetActionEditor.cs using Guid(e6467d12fbec648acbfe19a0ba022a0c) Importer(2089858483,0ecaa5967403d082aa24f35e1b516d23)  -> (artifact id: '910e05952834082f7f5461dd9cebe2d3') in 0.013373 seconds
Number of updated asset objects reloaded before import = 0
Number of asset objects unloaded after import = 1
========================================================================
Received Import Request.
  Time since last request: 0.000038 seconds.
  path: Assets/STYLY_Plugin/Scripts/Editor/Editor.cs
  artifactKey: Guid(f07013f2ad44ef44cab0a83cdf42450a) Importer(2089858483,0ecaa5967403d082aa24f35e1b516d23)
Start importing Assets/STYLY_Plugin/Scripts/Editor/Editor.cs using Guid(f07013f2ad44ef44cab0a83cdf42450a) Importer(2089858483,0ecaa5967403d082aa24f35e1b516d23)  -> (artifact id: 'cbb776249371417511fad5ac9dd435b4') in 0.010584 seconds
Number of updated asset objects reloaded before import = 0
Number of asset objects unloaded after import = 1
========================================================================
Received Import Request.
  Time since last request: 0.000009 seconds.
  path: Assets/UniGLTF/UniHumanoid/Resources/T-Pose.pose.asset
  artifactKey: Guid(879e332f84a378c4da3b87af13da3e85) Importer(2089858483,0ecaa5967403d082aa24f35e1b516d23)
Start importing Assets/UniGLTF/UniHumanoid/Resources/T-Pose.pose.asset using Guid(879e332f84a378c4da3b87af13da3e85) Importer(2089858483,0ecaa5967403d082aa24f35e1b516d23)  -> (artifact id: 'c4769d2bc90c85dc4c8926aba22a6ded') in 0.022708 seconds
Number of updated asset objects reloaded before import = 0
Number of asset objects unloaded after import = 1
========================================================================
Received Import Request.
  Time since last request: 0.000012 seconds.
  path: Assets/STYLY_Plugin/STYLY_ImmersalUI/FsmTemplates/OrientationCanvasSwitcher.asset
  artifactKey: Guid(63b7d6d2c9994194688ad1cc3d30fdb6) Importer(2089858483,0ecaa5967403d082aa24f35e1b516d23)
Start importing Assets/STYLY_Plugin/STYLY_ImmersalUI/FsmTemplates/OrientationCanvasSwitcher.asset using Guid(63b7d6d2c9994194688ad1cc3d30fdb6) Importer(2089858483,0ecaa5967403d082aa24f35e1b516d23)  -> (artifact id: '552ec67619c297afe4fb7a81c6f96ced') in 0.029094 seconds
Number of updated asset objects reloaded before import = 0
Number of asset objects unloaded after import = 1
========================================================================
Received Import Request.
  Time since last request: 0.000009 seconds.
  path: Assets/PolyTope_VoxelWorld_Animals/Content/Textures/texture_world_palette.png
  artifactKey: Guid(dea528a66c0f51843ae9feed3ab17b2d) Importer(2089858483,0ecaa5967403d082aa24f35e1b516d23)
Start importing Assets/PolyTope_VoxelWorld_Animals/Content/Textures/texture_world_palette.png using Guid(dea528a66c0f51843ae9feed3ab17b2d) Importer(2089858483,0ecaa5967403d082aa24f35e1b516d23)  -> (artifact id: '9b368eb67fbb1e19bf18ad784b685bee') in 0.027027 seconds
Number of updated asset objects reloaded before import = 0
Number of asset objects unloaded after import = 1
========================================================================
Received Import Request.
  Time since last request: 0.000014 seconds.
  path: Assets/PlayMaker/Actions/Animator/Editor/GetAnimatorLayerWeightActionEditor.cs
  artifactKey: Guid(1f0565b694e32469c9c06d051c31a156) Importer(2089858483,0ecaa5967403d082aa24f35e1b516d23)
Start importing Assets/PlayMaker/Actions/Animator/Editor/GetAnimatorLayerWeightActionEditor.cs using Guid(1f0565b694e32469c9c06d051c31a156) Importer(2089858483,0ecaa5967403d082aa24f35e1b516d23)  -> (artifact id: 'a7bd391595f7d677d4ba98a402f9d60c') in 0.012843 seconds
Number of updated asset objects reloaded before import = 0
Number of asset objects unloaded after import = 1
========================================================================
Received Import Request.
  Time since last request: 0.000020 seconds.
  path: Assets/UniGLTF/UniHumanoid/doc/assets.png
  artifactKey: Guid(f998ebae6d907c94b87d25d0d24939d6) Importer(2089858483,0ecaa5967403d082aa24f35e1b516d23)
Start importing Assets/UniGLTF/UniHumanoid/doc/assets.png using Guid(f998ebae6d907c94b87d25d0d24939d6) Importer(2089858483,0ecaa5967403d082aa24f35e1b516d23)  -> (artifact id: 'eb2ab2c15f134a7cf695a129e9b0f191') in 0.024580 seconds
Number of updated asset objects reloaded before import = 0
Number of asset objects unloaded after import = 1
========================================================================
Received Import Request.
  Time since last request: 0.000012 seconds.
  path: Assets/PlayMaker/Actions/VideoPlayer/VideoPlayerSetWaitForFirstFrame.cs
  artifactKey: Guid(f41f3929e67564e5faf3bf2d84cf2e96) Importer(2089858483,0ecaa5967403d082aa24f35e1b516d23)
Start importing Assets/PlayMaker/Actions/VideoPlayer/VideoPlayerSetWaitForFirstFrame.cs using Guid(f41f3929e67564e5faf3bf2d84cf2e96) Importer(2089858483,0ecaa5967403d082aa24f35e1b516d23)  -> (artifact id: '19c093fbb182ee26e7a1e414722ee73d') in 0.012296 seconds
Number of updated asset objects reloaded before import = 0
Number of asset objects unloaded after import = 1
========================================================================
Received Import Request.
  Time since last request: 0.000012 seconds.
  path: Assets/PlayMaker/Editor/pt-BR/PlayMakerEditorResources.resources.dll
  artifactKey: Guid(72db74579eb0aa24aaf2989374f99303) Importer(2089858483,0ecaa5967403d082aa24f35e1b516d23)
Start importing Assets/PlayMaker/Editor/pt-BR/PlayMakerEditorResources.resources.dll using Guid(72db74579eb0aa24aaf2989374f99303) Importer(2089858483,0ecaa5967403d082aa24f35e1b516d23)  -> (artifact id: '97ad81d6be53ecc46ceffc5ab52881c4') in 0.013121 seconds
Number of updated asset objects reloaded before import = 0
Number of asset objects unloaded after import = 1
========================================================================
Received Import Request.
  Time since last request: 0.000009 seconds.
  path: Assets/PlayMaker/Editor/Install/readme.txt
  artifactKey: Guid(3713667d0426f1f4dbd7da9c5f576ea0) Importer(2089858483,0ecaa5967403d082aa24f35e1b516d23)
Start importing Assets/PlayMaker/Editor/Install/readme.txt using Guid(3713667d0426f1f4dbd7da9c5f576ea0) Importer(2089858483,0ecaa5967403d082aa24f35e1b516d23)  -> (artifact id: '5f742291bee917e6374a4899e4fd6992') in 0.016793 seconds
Number of updated asset objects reloaded before import = 0
Number of asset objects unloaded after import = 1
========================================================================
Received Import Request.
  Time since last request: 0.000012 seconds.
  path: Assets/PlayMaker/Actions/Animator/Editor/GetAnimatorSpeedActionEditor.cs
  artifactKey: Guid(ad0e5154a3a6c46edafdfbec49bbb27d) Importer(2089858483,0ecaa5967403d082aa24f35e1b516d23)
Start importing Assets/PlayMaker/Actions/Animator/Editor/GetAnimatorSpeedActionEditor.cs using Guid(ad0e5154a3a6c46edafdfbec49bbb27d) Importer(2089858483,0ecaa5967403d082aa24f35e1b516d23)  -> (artifact id: '6d54e0fd740399ae3f186f78ec13ef3c') in 0.014249 seconds
Number of updated asset objects reloaded before import = 0
Number of asset objects unloaded after import = 1
========================================================================
Received Import Request.
  Time since last request: 0.000010 seconds.
  path: Assets/PlayMaker/Actions/Animator/Editor/GetAnimatorCurrentStateInfoIsTagActionEditor.cs
  artifactKey: Guid(20ecab07b14f24a31ad6aa95afe7b5f8) Importer(2089858483,0ecaa5967403d082aa24f35e1b516d23)
Start importing Assets/PlayMaker/Actions/Animator/Editor/GetAnimatorCurrentStateInfoIsTagActionEditor.cs using Guid(20ecab07b14f24a31ad6aa95afe7b5f8) Importer(2089858483,0ecaa5967403d082aa24f35e1b516d23)  -> (artifact id: '3143f75083883e7b6943b0962da137b7') in 0.013065 seconds
Number of updated asset objects reloaded before import = 0
Number of asset objects unloaded after import = 1
========================================================================
Received Import Request.
  Time since last request: 0.000010 seconds.
  path: Assets/UniGLTF/UniHumanoid/PoseModifier/HandPose.cs
  artifactKey: Guid(14d18bc5a296a894eb7154d3f5f0e18b) Importer(2089858483,0ecaa5967403d082aa24f35e1b516d23)
Start importing Assets/UniGLTF/UniHumanoid/PoseModifier/HandPose.cs using Guid(14d18bc5a296a894eb7154d3f5f0e18b) Importer(2089858483,0ecaa5967403d082aa24f35e1b516d23)  -> (artifact id: 'aaa4b1b614fb5e2e8507e118dc9f3193') in 0.012640 seconds
Number of updated asset objects reloaded before import = 0
Number of asset objects unloaded after import = 1
========================================================================
Received Import Request.
  Time since last request: 0.000010 seconds.
  path: Assets/UniGLTF/UniHumanoid/Scripts/BoneGizmoDrawer.cs
  artifactKey: Guid(677492d2843780e40aa2a6c7a6ae8fe6) Importer(2089858483,0ecaa5967403d082aa24f35e1b516d23)
Start importing Assets/UniGLTF/UniHumanoid/Scripts/BoneGizmoDrawer.cs using Guid(677492d2843780e40aa2a6c7a6ae8fe6) Importer(2089858483,0ecaa5967403d082aa24f35e1b516d23)  -> (artifact id: 'a1f7d11cbff3d62d5f8a6b0aef680246') in 0.014063 seconds
Number of updated asset objects reloaded before import = 0
Number of asset objects unloaded after import = 1
========================================================================
Received Import Request.
  Time since last request: 0.000010 seconds.
  path: Assets/UniGLTF/UniJSON/Scripts/Json/JsonValue.cs
  artifactKey: Guid(0b59a66ed8e7b1c419d69f7ee07900c1) Importer(2089858483,0ecaa5967403d082aa24f35e1b516d23)
Start importing Assets/UniGLTF/UniJSON/Scripts/Json/JsonValue.cs using Guid(0b59a66ed8e7b1c419d69f7ee07900c1) Importer(2089858483,0ecaa5967403d082aa24f35e1b516d23)  -> (artifact id: 'c35e5a690ba793181b39b3edafb6bbee') in 0.011018 seconds
Number of updated asset objects reloaded before import = 0
Number of asset objects unloaded after import = 1
========================================================================
Received Import Request.
  Time since last request: 0.000009 seconds.
  path: Assets/UniGLTF/Core/Scripts/IO/StaticMeshIntegrator.cs
  artifactKey: Guid(5d049a3daed1255499aaec8b6d1a2afe) Importer(2089858483,0ecaa5967403d082aa24f35e1b516d23)
Start importing Assets/UniGLTF/Core/Scripts/IO/StaticMeshIntegrator.cs using Guid(5d049a3daed1255499aaec8b6d1a2afe) Importer(2089858483,0ecaa5967403d082aa24f35e1b516d23)  -> (artifact id: '5c98700d4a00e85dc9252d387ed2b6c9') in 0.016253 seconds
Number of updated asset objects reloaded before import = 0
Number of asset objects unloaded after import = 1
========================================================================
Received Import Request.
  Time since last request: 0.000009 seconds.
  path: Assets/UniGLTF/Core/Scripts/IO/ShaderPropExporter/ShaderProps.cs
  artifactKey: Guid(279964035c950b24cb745511298855dd) Importer(2089858483,0ecaa5967403d082aa24f35e1b516d23)
Start importing Assets/UniGLTF/Core/Scripts/IO/ShaderPropExporter/ShaderProps.cs using Guid(279964035c950b24cb745511298855dd) Importer(2089858483,0ecaa5967403d082aa24f35e1b516d23)  -> (artifact id: '4e7af4af09df04b56510eb4ee712f019') in 0.013872 seconds
Number of updated asset objects reloaded before import = 0
Number of asset objects unloaded after import = 1
========================================================================
Received Import Request.
  Time since last request: 0.000009 seconds.
  path: Assets/STYLY_Plugin/UI/Editor/Settings/UnityModulesErrorElement/UnityModulesErrorElement.uxml
  artifactKey: Guid(6c63f150e6ecfd9498b1ffb16b6164b1) Importer(2089858483,0ecaa5967403d082aa24f35e1b516d23)
Start importing Assets/STYLY_Plugin/UI/Editor/Settings/UnityModulesErrorElement/UnityModulesErrorElement.uxml using Guid(6c63f150e6ecfd9498b1ffb16b6164b1) Importer(2089858483,0ecaa5967403d082aa24f35e1b516d23)  -> (artifact id: '14a8b3d230fde319e955622cddb379f2') in 0.019394 seconds
Number of updated asset objects reloaded before import = 0
Number of asset objects unloaded after import = 3
========================================================================
Received Import Request.
  Time since last request: 0.000016 seconds.
  path: Assets/PlayMaker/Actions/SceneManager/Editor/GetSceneNameCustomEditor.cs
  artifactKey: Guid(ae6e38f5b5f754a2e9de33529519bef5) Importer(2089858483,0ecaa5967403d082aa24f35e1b516d23)
Start importing Assets/PlayMaker/Actions/SceneManager/Editor/GetSceneNameCustomEditor.cs using Guid(ae6e38f5b5f754a2e9de33529519bef5) Importer(2089858483,0ecaa5967403d082aa24f35e1b516d23)  -> (artifact id: 'c7a1fb8aad1df910504b4d8c79859ed7') in 0.018991 seconds
Number of updated asset objects reloaded before import = 0
Number of asset objects unloaded after import = 1
========================================================================
Received Import Request.
  Time since last request: 0.000017 seconds.
  path: Assets/PlayMaker/Actions/UI/Components/PlayMakerUiBoolValueChangedEvent.cs
  artifactKey: Guid(339b0e3aca4e8614d898d0f0fb2c27af) Importer(2089858483,0ecaa5967403d082aa24f35e1b516d23)
Start importing Assets/PlayMaker/Actions/UI/Components/PlayMakerUiBoolValueChangedEvent.cs using Guid(339b0e3aca4e8614d898d0f0fb2c27af) Importer(2089858483,0ecaa5967403d082aa24f35e1b516d23)  -> (artifact id: '6b7727844afe69b256fe0aaddc0e8f50') in 0.013956 seconds
Number of updated asset objects reloaded before import = 0
Number of asset objects unloaded after import = 1
========================================================================
Received Import Request.
  Time since last request: 0.000093 seconds.
  path: Assets/UniGLTF/Core/Scripts/PreExportShaderProps/Unlit_Texture.cs
  artifactKey: Guid(8273e1e61ad8e914baae94d06836f2ad) Importer(2089858483,0ecaa5967403d082aa24f35e1b516d23)
Start importing Assets/UniGLTF/Core/Scripts/PreExportShaderProps/Unlit_Texture.cs using Guid(8273e1e61ad8e914baae94d06836f2ad) Importer(2089858483,0ecaa5967403d082aa24f35e1b516d23)  -> (artifact id: '52bc80d4300197b6f2ae68f5344453c6') in 0.015060 seconds
Number of updated asset objects reloaded before import = 0
Number of asset objects unloaded after import = 1
========================================================================
Received Import Request.
  Time since last request: 0.000019 seconds.
  path: Assets/PlayMaker/Actions/SceneManager/Editor/GetSceneIsValidCustomEditor.cs
  artifactKey: Guid(90603514cf20149f78a2f93b5d50475c) Importer(2089858483,0ecaa5967403d082aa24f35e1b516d23)
Start importing Assets/PlayMaker/Actions/SceneManager/Editor/GetSceneIsValidCustomEditor.cs using Guid(90603514cf20149f78a2f93b5d50475c) Importer(2089858483,0ecaa5967403d082aa24f35e1b516d23)  -> (artifact id: '8357e031ca66b84f06679924cac3c2a9') in 0.012284 seconds
Number of updated asset objects reloaded before import = 0
Number of asset objects unloaded after import = 1
========================================================================
Received Import Request.
  Time since last request: 0.000011 seconds.
  path: Assets/STYLY_Plugin/STYLY_Playmaker_CustomActions/CustomActions/Release/PutHttpRequest.cs
  artifactKey: Guid(80dd5ab9d8310404a93f5e7085f406cd) Importer(2089858483,0ecaa5967403d082aa24f35e1b516d23)
Start importing Assets/STYLY_Plugin/STYLY_Playmaker_CustomActions/CustomActions/Release/PutHttpRequest.cs using Guid(80dd5ab9d8310404a93f5e7085f406cd) Importer(2089858483,0ecaa5967403d082aa24f35e1b516d23)  -> (artifact id: '7b6d3ce779bde8224ba5312e0cd65d93') in 0.015816 seconds
Number of updated asset objects reloaded before import = 0
Number of asset objects unloaded after import = 1
========================================================================
Received Import Request.
  Time since last request: 0.000011 seconds.
  path: Assets/PlayMaker/Actions/UI/Canvas/UiCanvasScalerGetScaleFactor.cs
  artifactKey: Guid(37ab34ad613f6074888e26dcf982de22) Importer(2089858483,0ecaa5967403d082aa24f35e1b516d23)
Start importing Assets/PlayMaker/Actions/UI/Canvas/UiCanvasScalerGetScaleFactor.cs using Guid(37ab34ad613f6074888e26dcf982de22) Importer(2089858483,0ecaa5967403d082aa24f35e1b516d23)  -> (artifact id: 'f480ed7c31b5c888be86ee082143179b') in 0.012637 seconds
Number of updated asset objects reloaded before import = 0
Number of asset objects unloaded after import = 1
========================================================================
Received Import Request.
  Time since last request: 0.000011 seconds.
  path: Assets/PlayMaker/Actions/UI/Selectable/UiNavigationSetMode.cs
  artifactKey: Guid(2c2d4a383eab1664e9074f184a494e02) Importer(2089858483,0ecaa5967403d082aa24f35e1b516d23)
Start importing Assets/PlayMaker/Actions/UI/Selectable/UiNavigationSetMode.cs using Guid(2c2d4a383eab1664e9074f184a494e02) Importer(2089858483,0ecaa5967403d082aa24f35e1b516d23)  -> (artifact id: '035caaf55551fd5b80c791524d07185e') in 0.016224 seconds
Number of updated asset objects reloaded before import = 0
Number of asset objects unloaded after import = 1
========================================================================
Received Import Request.
  Time since last request: 0.000011 seconds.
  path: Assets/STYLY_Plugin/STYLY_InteractionSDK/Simulator/Prefabs/STYLY_Player.prefab
  artifactKey: Guid(c99ac166aefabd74c9357c485bb274bd) Importer(2089858483,0ecaa5967403d082aa24f35e1b516d23)
Start importing Assets/STYLY_Plugin/STYLY_InteractionSDK/Simulator/Prefabs/STYLY_Player.prefab using Guid(c99ac166aefabd74c9357c485bb274bd) Importer(2089858483,0ecaa5967403d082aa24f35e1b516d23)  -> (artifact id: '03d5ba69963f9a79a13b13c3e0673bed') in 0.025561 seconds
Number of updated asset objects reloaded before import = 0
Number of asset objects unloaded after import = 11
========================================================================
Received Import Request.
  Time since last request: 0.000017 seconds.
  path: Assets/STYLY_Plugin/STYLY_InteractionSDK/Simulator/Editor/Simulator.Editor.asmdef
  artifactKey: Guid(47a6f0bd5b39d7f4d952f8c12c3978ac) Importer(2089858483,0ecaa5967403d082aa24f35e1b516d23)
Start importing Assets/STYLY_Plugin/STYLY_InteractionSDK/Simulator/Editor/Simulator.Editor.asmdef using Guid(47a6f0bd5b39d7f4d952f8c12c3978ac) Importer(2089858483,0ecaa5967403d082aa24f35e1b516d23)  -> (artifact id: 'ae8bc699bda547b38882dee20de3f97a') in 0.020881 seconds
Number of updated asset objects reloaded before import = 0
Number of asset objects unloaded after import = 1
========================================================================
Received Import Request.
  Time since last request: 0.000010 seconds.
  path: Assets/STYLY_Plugin/STYLY_MaintenanceTool/Scripts/Runtime/IPlatformUtility.cs
  artifactKey: Guid(bba385d21127ac04d870daf07b1d8edd) Importer(2089858483,0ecaa5967403d082aa24f35e1b516d23)
Start importing Assets/STYLY_Plugin/STYLY_MaintenanceTool/Scripts/Runtime/IPlatformUtility.cs using Guid(bba385d21127ac04d870daf07b1d8edd) Importer(2089858483,0ecaa5967403d082aa24f35e1b516d23)  -> (artifact id: '6f2cc8a1ce633ac1e84c7e94a4b9ff36') in 0.017444 seconds
Number of updated asset objects reloaded before import = 0
Number of asset objects unloaded after import = 1
========================================================================
Received Import Request.
  Time since last request: 0.000010 seconds.
  path: Assets/PlayMaker/Actions/UI/Layout/UiLayoutElementSetValues.cs
  artifactKey: Guid(c017409414023604b94c611bfdef60e4) Importer(2089858483,0ecaa5967403d082aa24f35e1b516d23)
Start importing Assets/PlayMaker/Actions/UI/Layout/UiLayoutElementSetValues.cs using Guid(c017409414023604b94c611bfdef60e4) Importer(2089858483,0ecaa5967403d082aa24f35e1b516d23)  -> (artifact id: '805fccc164edca04405ea32f3e97dd9a') in 0.016164 seconds
Number of updated asset objects reloaded before import = 0
Number of asset objects unloaded after import = 1
========================================================================
Received Import Request.
  Time since last request: 0.000048 seconds.
  path: Assets/PlayMaker/Actions/UI/Selectable/UiExplicitNavigationGetProperties.cs
  artifactKey: Guid(dc225d859d710334f8de3895044f432b) Importer(2089858483,0ecaa5967403d082aa24f35e1b516d23)
Start importing Assets/PlayMaker/Actions/UI/Selectable/UiExplicitNavigationGetProperties.cs using Guid(dc225d859d710334f8de3895044f432b) Importer(2089858483,0ecaa5967403d082aa24f35e1b516d23)  -> (artifact id: '95dc9052635dffa8ed3bc6982ab97a97') in 0.017684 seconds
Number of updated asset objects reloaded before import = 0
Number of asset objects unloaded after import = 1
========================================================================
Received Import Request.
  Time since last request: 0.000011 seconds.
  path: Assets/UniGLTF/UniJSON/Scripts/Extensions/ArraySegmentExtensions.cs
  artifactKey: Guid(12d3e22e2e62d4948a5aff4bc42208e9) Importer(2089858483,0ecaa5967403d082aa24f35e1b516d23)
Start importing Assets/UniGLTF/UniJSON/Scripts/Extensions/ArraySegmentExtensions.cs using Guid(12d3e22e2e62d4948a5aff4bc42208e9) Importer(2089858483,0ecaa5967403d082aa24f35e1b516d23)  -> (artifact id: 'f50cbfa6f8949d3705ed0ee25e41f83e') in 0.012458 seconds
Number of updated asset objects reloaded before import = 0
Number of asset objects unloaded after import = 1
========================================================================
Received Import Request.
  Time since last request: 0.000027 seconds.
  path: Assets/PlayMaker/Actions/SceneManager/Editor/LoadSceneCustomEditor.cs
  artifactKey: Guid(a80337176c55645fb874f43f22145d96) Importer(2089858483,0ecaa5967403d082aa24f35e1b516d23)
Start importing Assets/PlayMaker/Actions/SceneManager/Editor/LoadSceneCustomEditor.cs using Guid(a80337176c55645fb874f43f22145d96) Importer(2089858483,0ecaa5967403d082aa24f35e1b516d23)  -> (artifact id: '9bddf6beeb6d03a3dc08bc259bee4d15') in 0.017928 seconds
Number of updated asset objects reloaded before import = 0
Number of asset objects unloaded after import = 1
========================================================================
Received Import Request.
  Time since last request: 0.000010 seconds.
  path: Assets/PlayMaker/Actions/Tween/BaseActions/TweenComponentBase.cs
  artifactKey: Guid(a0e4154c32b13d04a9ef02630eafc753) Importer(2089858483,0ecaa5967403d082aa24f35e1b516d23)
Start importing Assets/PlayMaker/Actions/Tween/BaseActions/TweenComponentBase.cs using Guid(a0e4154c32b13d04a9ef02630eafc753) Importer(2089858483,0ecaa5967403d082aa24f35e1b516d23)  -> (artifact id: '0ee6a1db6e8e028cc0d5cd54900bf485') in 0.016441 seconds
Number of updated asset objects reloaded before import = 0
Number of asset objects unloaded after import = 1
========================================================================
Received Import Request.
  Time since last request: 0.000012 seconds.
  path: Assets/STYLY_Plugin/STYLY_MaintenanceTool/Scripts/Editor/EnvConfig/env-config.json
  artifactKey: Guid(402788c735af9c547b5be8df30b6a9d7) Importer(2089858483,0ecaa5967403d082aa24f35e1b516d23)
Start importing Assets/STYLY_Plugin/STYLY_MaintenanceTool/Scripts/Editor/EnvConfig/env-config.json using Guid(402788c735af9c547b5be8df30b6a9d7) Importer(2089858483,0ecaa5967403d082aa24f35e1b516d23)  -> (artifact id: '0ec888d44ed7078b615514f2636f3e99') in 0.020164 seconds
Number of updated asset objects reloaded before import = 0
Number of asset objects unloaded after import = 1
========================================================================
Received Import Request.
  Time since last request: 0.000019 seconds.
  path: Assets/STYLY_Plugin/STYLY_InteractionSDK/Runtime/FeatureComponents/Components/STYLY_Attr_Collision.cs
  artifactKey: Guid(d90928b2e51fe1c4993a7870d548c688) Importer(2089858483,0ecaa5967403d082aa24f35e1b516d23)
Start importing Assets/STYLY_Plugin/STYLY_InteractionSDK/Runtime/FeatureComponents/Components/STYLY_Attr_Collision.cs using Guid(d90928b2e51fe1c4993a7870d548c688) Importer(2089858483,0ecaa5967403d082aa24f35e1b516d23)  -> (artifact id: 'e7b4830a94278ac7d2d6b54bf3ed8906') in 0.015024 seconds
Number of updated asset objects reloaded before import = 0
Number of asset objects unloaded after import = 1
========================================================================
Received Import Request.
  Time since last request: 0.000019 seconds.
  path: Assets/UniGLTF/UniJSON/Scripts/JsonSchemaValidator/JsonSchemaValidator.cs
  artifactKey: Guid(9ff35fccc1467f341b052622fedcb3ca) Importer(2089858483,0ecaa5967403d082aa24f35e1b516d23)
Start importing Assets/UniGLTF/UniJSON/Scripts/JsonSchemaValidator/JsonSchemaValidator.cs using Guid(9ff35fccc1467f341b052622fedcb3ca) Importer(2089858483,0ecaa5967403d082aa24f35e1b516d23)  -> (artifact id: 'e2f13a7eecb18720c5b05699ef884880') in 0.017982 seconds
Number of updated asset objects reloaded before import = 0
Number of asset objects unloaded after import = 1
========================================================================
Received Import Request.
  Time since last request: 0.000015 seconds.
  path: Assets/UniGLTF/Core/Scripts/Format/JsonSerializableBase.cs
  artifactKey: Guid(d169186adbfc59b4b882611d37f0a282) Importer(2089858483,0ecaa5967403d082aa24f35e1b516d23)
Start importing Assets/UniGLTF/Core/Scripts/Format/JsonSerializableBase.cs using Guid(d169186adbfc59b4b882611d37f0a282) Importer(2089858483,0ecaa5967403d082aa24f35e1b516d23)  -> (artifact id: '9158171c4466e17b6311a442b3cca69a') in 0.014219 seconds
Number of updated asset objects reloaded before import = 0
Number of asset objects unloaded after import = 1
========================================================================
Received Import Request.
  Time since last request: 0.000010 seconds.
  path: Assets/PlayMaker/Actions/VideoPlayer/VideoPlayerGetTargetCamera.cs
  artifactKey: Guid(1aac17f12af7342dbb6f6cc7ce83b040) Importer(2089858483,0ecaa5967403d082aa24f35e1b516d23)
Start importing Assets/PlayMaker/Actions/VideoPlayer/VideoPlayerGetTargetCamera.cs using Guid(1aac17f12af7342dbb6f6cc7ce83b040) Importer(2089858483,0ecaa5967403d082aa24f35e1b516d23)  -> (artifact id: '2cee2cd147a8e4fe521a620f11220d0b') in 0.015701 seconds
Number of updated asset objects reloaded before import = 0
Number of asset objects unloaded after import = 1
========================================================================
Received Import Request.
  Time since last request: 0.000009 seconds.
  path: Assets/UniGLTF/Core/Scripts/Extensions/StringExtensions.cs
  artifactKey: Guid(54b33d3e5f599eb419fae2bbf00f1613) Importer(2089858483,0ecaa5967403d082aa24f35e1b516d23)
Start importing Assets/UniGLTF/Core/Scripts/Extensions/StringExtensions.cs using Guid(54b33d3e5f599eb419fae2bbf00f1613) Importer(2089858483,0ecaa5967403d082aa24f35e1b516d23)  -> (artifact id: '84484efb75887806e4909272dc89a273') in 0.014459 seconds
Number of updated asset objects reloaded before import = 0
Number of asset objects unloaded after import = 1
========================================================================
Received Import Request.
  Time since last request: 0.000010 seconds.
  path: Assets/UniGLTF/UniHumanoid/Scripts/IO/Extensions/BvhExtensions.cs
  artifactKey: Guid(30d4db9a01d6aee4db9a77d762e608f6) Importer(2089858483,0ecaa5967403d082aa24f35e1b516d23)
Start importing Assets/UniGLTF/UniHumanoid/Scripts/IO/Extensions/BvhExtensions.cs using Guid(30d4db9a01d6aee4db9a77d762e608f6) Importer(2089858483,0ecaa5967403d082aa24f35e1b516d23)  -> (artifact id: 'af6526898ae1bce986ad331d9677c456') in 0.015674 seconds
Number of updated asset objects reloaded before import = 0
Number of asset objects unloaded after import = 1
========================================================================
Received Import Request.
  Time since last request: 0.000010 seconds.
  path: Assets/UniGLTF/Core/Scripts/IO/gltfExporter.cs
  artifactKey: Guid(a82bf73539bdd2d4c81595b5108819ce) Importer(2089858483,0ecaa5967403d082aa24f35e1b516d23)
Start importing Assets/UniGLTF/Core/Scripts/IO/gltfExporter.cs using Guid(a82bf73539bdd2d4c81595b5108819ce) Importer(2089858483,0ecaa5967403d082aa24f35e1b516d23)  -> (artifact id: '30557dc255d912fc29c7ba2986d7a69e') in 0.014321 seconds
Number of updated asset objects reloaded before import = 0
Number of asset objects unloaded after import = 1
========================================================================
Received Import Request.
  Time since last request: 0.000010 seconds.
  path: Assets/STYLY_Plugin/STYLY_InteractionSDK/Simulator/DummyImpls/DummyMover.cs
  artifactKey: Guid(5ecc586e705164342b404789070f03ed) Importer(2089858483,0ecaa5967403d082aa24f35e1b516d23)
Start importing Assets/STYLY_Plugin/STYLY_InteractionSDK/Simulator/DummyImpls/DummyMover.cs using Guid(5ecc586e705164342b404789070f03ed) Importer(2089858483,0ecaa5967403d082aa24f35e1b516d23)  -> (artifact id: '2a9c66f8190edc605ec931034b13523a') in 0.013879 seconds
Number of updated asset objects reloaded before import = 0
Number of asset objects unloaded after import = 1
========================================================================
Received Import Request.
  Time since last request: 0.000010 seconds.
  path: Assets/PlayMaker/Actions/SceneManager/Editor/MoveGameObjectToSceneCustomEditor.cs
  artifactKey: Guid(322495cc6c839436f9ea3a1e76a8daef) Importer(2089858483,0ecaa5967403d082aa24f35e1b516d23)
Start importing Assets/PlayMaker/Actions/SceneManager/Editor/MoveGameObjectToSceneCustomEditor.cs using Guid(322495cc6c839436f9ea3a1e76a8daef) Importer(2089858483,0ecaa5967403d082aa24f35e1b516d23)  -> (artifact id: '927b20c5f1425fd51a106183237010c7') in 0.014252 seconds
Number of updated asset objects reloaded before import = 0
Number of asset objects unloaded after import = 1
========================================================================
Received Import Request.
  Time since last request: 0.000011 seconds.
  path: Assets/UniGLTF/Core/Scripts/Format/glTFNode.cs
  artifactKey: Guid(655775a9435baed4281c569519829362) Importer(2089858483,0ecaa5967403d082aa24f35e1b516d23)
Start importing Assets/UniGLTF/Core/Scripts/Format/glTFNode.cs using Guid(655775a9435baed4281c569519829362) Importer(2089858483,0ecaa5967403d082aa24f35e1b516d23)  -> (artifact id: 'ab856161952909f6efec538584227bc7') in 0.015205 seconds
Number of updated asset objects reloaded before import = 0
Number of asset objects unloaded after import = 1
========================================================================
Received Import Request.
  Time since last request: 0.000010 seconds.
  path: Assets/PlayMaker/Actions/Quaternion/Editor/QuaternionEulerCustomEditor.cs
  artifactKey: Guid(9cfe22725f30c4b0795eab8d9abad7cf) Importer(2089858483,0ecaa5967403d082aa24f35e1b516d23)
Start importing Assets/PlayMaker/Actions/Quaternion/Editor/QuaternionEulerCustomEditor.cs using Guid(9cfe22725f30c4b0795eab8d9abad7cf) Importer(2089858483,0ecaa5967403d082aa24f35e1b516d23)  -> (artifact id: '4f539ef7a2422bb49e087d37e21ccd57') in 0.015082 seconds
Number of updated asset objects reloaded before import = 0
Number of asset objects unloaded after import = 1
========================================================================
Received Import Request.
  Time since last request: 0.000024 seconds.
  path: Assets/STYLY_Plugin/STYLY_InteractionSDK/Runtime/FeatureComponents/Components/STYLY_Action_DestroyTarget.cs
  artifactKey: Guid(84d2ce85b3bf06e42adad9d332e5c384) Importer(2089858483,0ecaa5967403d082aa24f35e1b516d23)
Start importing Assets/STYLY_Plugin/STYLY_InteractionSDK/Runtime/FeatureComponents/Components/STYLY_Action_DestroyTarget.cs using Guid(84d2ce85b3bf06e42adad9d332e5c384) Importer(2089858483,0ecaa5967403d082aa24f35e1b516d23)  -> (artifact id: '0a1e351b21bf6f8d0315a7cf541cc66b') in 0.021109 seconds
Number of updated asset objects reloaded before import = 0
Number of asset objects unloaded after import = 1
========================================================================
Received Import Request.
  Time since last request: 0.000009 seconds.
  path: Assets/PlayMaker/Actions/SceneManager/Editor/GetSceneIsDirtyCustomEditor.cs
  artifactKey: Guid(cd2786161e0de4d9db05b192a7d20370) Importer(2089858483,0ecaa5967403d082aa24f35e1b516d23)
Start importing Assets/PlayMaker/Actions/SceneManager/Editor/GetSceneIsDirtyCustomEditor.cs using Guid(cd2786161e0de4d9db05b192a7d20370) Importer(2089858483,0ecaa5967403d082aa24f35e1b516d23)  -> (artifact id: 'cffe924348a0e692899a9f1ef03d7929') in 0.016812 seconds
Number of updated asset objects reloaded before import = 0
Number of asset objects unloaded after import = 1
========================================================================
Received Import Request.
  Time since last request: 0.000012 seconds.
  path: Assets/STYLY_Plugin/STYLY_Playmaker_CustomActions/StylyService/DummyImpls/DummyVideoPlayer/Textures/dummy_video_player_general_error.png
  artifactKey: Guid(def9c7e9dda642e4eb9ec9dcfbb7c81e) Importer(2089858483,0ecaa5967403d082aa24f35e1b516d23)
Start importing Assets/STYLY_Plugin/STYLY_Playmaker_CustomActions/StylyService/DummyImpls/DummyVideoPlayer/Textures/dummy_video_player_general_error.png using Guid(def9c7e9dda642e4eb9ec9dcfbb7c81e) Importer(2089858483,0ecaa5967403d082aa24f35e1b516d23)  -> (artifact id: 'f4e80fccb1d4d2195b5d2693a086b27d') in 0.021159 seconds
Number of updated asset objects reloaded before import = 0
Number of asset objects unloaded after import = 1
========================================================================
Received Import Request.
  Time since last request: 0.000017 seconds.
  path: Assets/STYLY_Plugin/STYLY_MaintenanceTool/LocalPreviewTool/Editor/LocalPreviewToolBuilder.cs
  artifactKey: Guid(67ed36ed5f8e9ef46965403a6a70208e) Importer(2089858483,0ecaa5967403d082aa24f35e1b516d23)
Start importing Assets/STYLY_Plugin/STYLY_MaintenanceTool/LocalPreviewTool/Editor/LocalPreviewToolBuilder.cs using Guid(67ed36ed5f8e9ef46965403a6a70208e) Importer(2089858483,0ecaa5967403d082aa24f35e1b516d23)  -> (artifact id: '2f6be2d4f928c110a16173b8e73d8807') in 0.011877 seconds
Number of updated asset objects reloaded before import = 0
Number of asset objects unloaded after import = 1
========================================================================
Received Import Request.
  Time since last request: 0.000008 seconds.
  path: Assets/PlayMaker/Actions/Animator/Editor/BaseClasses/OnAnimatorUpdateActionEditorBase.cs
  artifactKey: Guid(ac8ba452b0457403caa4c60b0713a991) Importer(2089858483,0ecaa5967403d082aa24f35e1b516d23)
Start importing Assets/PlayMaker/Actions/Animator/Editor/BaseClasses/OnAnimatorUpdateActionEditorBase.cs using Guid(ac8ba452b0457403caa4c60b0713a991) Importer(2089858483,0ecaa5967403d082aa24f35e1b516d23)  -> (artifact id: '32668e080c7f9f65b2c91d45c1ad1b62') in 0.016773 seconds
Number of updated asset objects reloaded before import = 0
Number of asset objects unloaded after import = 1
========================================================================
Received Import Request.
  Time since last request: 0.000009 seconds.
  path: Assets/STYLY_Plugin/STYLY_MaintenanceTool/Scripts/Editor/STYLY_MaintenanceTool.Editor.asmdef
  artifactKey: Guid(a899cd22b3b3ef541a87b29a663dab8d) Importer(2089858483,0ecaa5967403d082aa24f35e1b516d23)
Start importing Assets/STYLY_Plugin/STYLY_MaintenanceTool/Scripts/Editor/STYLY_MaintenanceTool.Editor.asmdef using Guid(a899cd22b3b3ef541a87b29a663dab8d) Importer(2089858483,0ecaa5967403d082aa24f35e1b516d23)  -> (artifact id: 'c9c7295fa5b07a1382fc6729860e52da') in 0.019026 seconds
Number of updated asset objects reloaded before import = 0
Number of asset objects unloaded after import = 1
========================================================================
Received Import Request.
  Time since last request: 0.000011 seconds.
  path: Assets/PlayMaker/Actions/UI/Selectable/UiTransitionGetType.cs
  artifactKey: Guid(6045dd28b0866f344ba19354e2e46093) Importer(2089858483,0ecaa5967403d082aa24f35e1b516d23)
Start importing Assets/PlayMaker/Actions/UI/Selectable/UiTransitionGetType.cs using Guid(6045dd28b0866f344ba19354e2e46093) Importer(2089858483,0ecaa5967403d082aa24f35e1b516d23)  -> (artifact id: '2b2bd8c31c8edbbe74b567db1f37ee94') in 0.012922 seconds
Number of updated asset objects reloaded before import = 0
Number of asset objects unloaded after import = 1
========================================================================
Received Import Request.
  Time since last request: 0.000013 seconds.
  path: Assets/STYLY_Plugin/STYLY_Playmaker_CustomActions/StylyService/DummyImpls/DummyVideoPlayer/DummyVideoPlayer.cs
  artifactKey: Guid(1431aab24cc14a04988e830ec760883a) Importer(2089858483,0ecaa5967403d082aa24f35e1b516d23)
Start importing Assets/STYLY_Plugin/STYLY_Playmaker_CustomActions/StylyService/DummyImpls/DummyVideoPlayer/DummyVideoPlayer.cs using Guid(1431aab24cc14a04988e830ec760883a) Importer(2089858483,0ecaa5967403d082aa24f35e1b516d23)  -> (artifact id: 'cf5ac5b615c13f66c7f5d2142c77f7f1') in 0.016040 seconds
Number of updated asset objects reloaded before import = 0
Number of asset objects unloaded after import = 1
========================================================================
Received Import Request.
  Time since last request: 0.000011 seconds.
  path: Assets/PlayMaker/Actions/UI/Selectable/UiTransitionSetType.cs
  artifactKey: Guid(e65005d9e77a53d44acb787003f52fa2) Importer(2089858483,0ecaa5967403d082aa24f35e1b516d23)
Start importing Assets/PlayMaker/Actions/UI/Selectable/UiTransitionSetType.cs using Guid(e65005d9e77a53d44acb787003f52fa2) Importer(2089858483,0ecaa5967403d082aa24f35e1b516d23)  -> (artifact id: '792bc1772d139dc2949000d62000b8dd') in 0.016882 seconds
Number of updated asset objects reloaded before import = 0
Number of asset objects unloaded after import = 1
========================================================================
Received Import Request.
  Time since last request: 0.000011 seconds.
  path: Assets/PlayMaker/Actions/UI/EventSystem/UiOnInitializePotentialDragEvent.cs
  artifactKey: Guid(773b169a080d6d044bbc8ab76dc212c5) Importer(2089858483,0ecaa5967403d082aa24f35e1b516d23)
Start importing Assets/PlayMaker/Actions/UI/EventSystem/UiOnInitializePotentialDragEvent.cs using Guid(773b169a080d6d044bbc8ab76dc212c5) Importer(2089858483,0ecaa5967403d082aa24f35e1b516d23)  -> (artifact id: 'e3704668e06b980abc6ddc8104bda676') in 0.015145 seconds
Number of updated asset objects reloaded before import = 0
Number of asset objects unloaded after import = 1
========================================================================
Received Import Request.
  Time since last request: 0.000011 seconds.
  path: Assets/UniGLTF/UniJSON/Scripts/IStore/StringBuilderStore.cs
  artifactKey: Guid(74639d64f5620dd45a1a8edc65f48aab) Importer(2089858483,0ecaa5967403d082aa24f35e1b516d23)
Start importing Assets/UniGLTF/UniJSON/Scripts/IStore/StringBuilderStore.cs using Guid(74639d64f5620dd45a1a8edc65f48aab) Importer(2089858483,0ecaa5967403d082aa24f35e1b516d23)  -> (artifact id: '4f306fcea6602009d18130eaca76a7d5') in 0.014996 seconds
Number of updated asset objects reloaded before import = 0
Number of asset objects unloaded after import = 1
========================================================================
Received Import Request.
  Time since last request: 0.000010 seconds.
  path: Assets/UniGLTF/Core/Scripts/Format/JsonFormatter.cs
  artifactKey: Guid(b80a7ee38e762de44a90d60d9d4ff4dd) Importer(2089858483,0ecaa5967403d082aa24f35e1b516d23)
Start importing Assets/UniGLTF/Core/Scripts/Format/JsonFormatter.cs using Guid(b80a7ee38e762de44a90d60d9d4ff4dd) Importer(2089858483,0ecaa5967403d082aa24f35e1b516d23)  -> (artifact id: '3f2245b24186f44dd414684ebb863935') in 0.016219 seconds
Number of updated asset objects reloaded before import = 0
Number of asset objects unloaded after import = 1
========================================================================
Received Import Request.
  Time since last request: 0.000010 seconds.
  path: Assets/STYLY_Plugin/STYLY_Playmaker_CustomActions/CustomActions/Release/DeleteHttpRequest.cs
  artifactKey: Guid(731d2b927cffc6d4eafa919cddf39f4d) Importer(2089858483,0ecaa5967403d082aa24f35e1b516d23)
Start importing Assets/STYLY_Plugin/STYLY_Playmaker_CustomActions/CustomActions/Release/DeleteHttpRequest.cs using Guid(731d2b927cffc6d4eafa919cddf39f4d) Importer(2089858483,0ecaa5967403d082aa24f35e1b516d23)  -> (artifact id: '1f6fff83d82a200c36641f979f851f9f') in 0.017056 seconds
Number of updated asset objects reloaded before import = 0
Number of asset objects unloaded after import = 1
========================================================================
Received Import Request.
  Time since last request: 0.000031 seconds.
  path: Assets/PlayMaker/Actions/UI/Editor/UiIcons.cs
  artifactKey: Guid(1c60a50d67b6bfa47ae45eda352ad5ac) Importer(2089858483,0ecaa5967403d082aa24f35e1b516d23)
Start importing Assets/PlayMaker/Actions/UI/Editor/UiIcons.cs using Guid(1c60a50d67b6bfa47ae45eda352ad5ac) Importer(2089858483,0ecaa5967403d082aa24f35e1b516d23)  -> (artifact id: '74cb47ecbf0f5aa45ad5e5ef87d72957') in 0.019249 seconds
Number of updated asset objects reloaded before import = 0
Number of asset objects unloaded after import = 1
========================================================================
Received Import Request.
  Time since last request: 0.000079 seconds.
  path: Assets/PlayMaker/Actions/UI/Layout/UiLayoutElementGetValues.cs
  artifactKey: Guid(d44ee14da2251f9419116a7f643099b4) Importer(2089858483,0ecaa5967403d082aa24f35e1b516d23)
Start importing Assets/PlayMaker/Actions/UI/Layout/UiLayoutElementGetValues.cs using Guid(d44ee14da2251f9419116a7f643099b4) Importer(2089858483,0ecaa5967403d082aa24f35e1b516d23)  -> (artifact id: 'fb1752070cbdf624b7ae2c55ea010ee8') in 0.019303 seconds
Number of updated asset objects reloaded before import = 0
Number of asset objects unloaded after import = 1
========================================================================
Received Import Request.
  Time since last request: 0.000085 seconds.
  path: Assets/PlayMaker/Actions/UI/EventSystem/UiOnCancelEvent.cs
  artifactKey: Guid(012b98875c875204ebe897bba72a1f33) Importer(2089858483,0ecaa5967403d082aa24f35e1b516d23)
Start importing Assets/PlayMaker/Actions/UI/EventSystem/UiOnCancelEvent.cs using Guid(012b98875c875204ebe897bba72a1f33) Importer(2089858483,0ecaa5967403d082aa24f35e1b516d23)  -> (artifact id: 'f7956829727230e013d7efb415dea25b') in 0.016032 seconds
Number of updated asset objects reloaded before import = 0
Number of asset objects unloaded after import = 1
========================================================================
Received Import Request.
  Time since last request: 0.000013 seconds.
  path: Assets/STYLY_Plugin/Scripts/Editor/PluginUpdateNotifier.cs
  artifactKey: Guid(4a847f8b1ba29a04ca9fd1fcd3dd6740) Importer(2089858483,0ecaa5967403d082aa24f35e1b516d23)
Start importing Assets/STYLY_Plugin/Scripts/Editor/PluginUpdateNotifier.cs using Guid(4a847f8b1ba29a04ca9fd1fcd3dd6740) Importer(2089858483,0ecaa5967403d082aa24f35e1b516d23)  -> (artifact id: '62cf85edac93b3eafe2616934dbcd120') in 0.012599 seconds
Number of updated asset objects reloaded before import = 0
Number of asset objects unloaded after import = 1
========================================================================
Received Import Request.
  Time since last request: 0.000019 seconds.
  path: Assets/STYLY_Plugin/STYLY_ImmersalUI/Sprites/tex_scan_EN.png
  artifactKey: Guid(112cfce8ba1636144bc4a3541c6d96a6) Importer(2089858483,0ecaa5967403d082aa24f35e1b516d23)
Start importing Assets/STYLY_Plugin/STYLY_ImmersalUI/Sprites/tex_scan_EN.png using Guid(112cfce8ba1636144bc4a3541c6d96a6) Importer(2089858483,0ecaa5967403d082aa24f35e1b516d23)  -> (artifact id: 'e2175d4d11472f004f4ed3916fb85871') in 0.017815 seconds
Number of updated asset objects reloaded before import = 0
Number of asset objects unloaded after import = 3
